commodity,period,prices,region,season,timeslice,units_prices,year
nga,Night,,UK,W,0,12.552,2010
bog,Night,,UK,W,0,10.019,2010
biomass,Night,,UK,W,0,10.019,2010
elc,Night,,UK,W,0,43.34267522,2010
oil,Night,,UK,W,0,19.7944343,2010
hco,Night,,UK,W,0,19.7944343,2010
lfo,Night,,UK,W,0,19.7944343,2010
wood,Night,,UK,W,0,10.019,2010
hydrogen,Night,,UK,W,0,105.016835,2010
pellets,Night,,UK,W,0,20.58703511,2010
solar,Night,,UK,W,0,0.0,2010
ser.cooling.high-consumption,Night,,UK,W,0,0,2010
ser.cooking,Night,,UK,W,0,0,2010
ser.computing,Night,,UK,W,0,0,2010
ser.space-heat.high-consumption,Night,,UK,W,0,0,2010
ser.space-heat.low-consumption,Night,,UK,W,0,0,2010
ser.lighting.office,Night,,UK,W,0,0,2010
ser.lighting.other,Night,,UK,W,0,0,2010
ser.other,Night,,UK,W,0,0,2010
ser.refrigeration,Night,,UK,W,0,0,2010
ser.hot-water.high-consumption,Night,,UK,W,0,0,2010
ser.hot-water.low-consumption,Night,,UK,W,0,0,2010
CO2f,Night,,UK,W,0,0,2010
kerosene,Night,,UK,W,0,18.21616657,2010
res.cooking.other,Night,,UK,W,0,0,2010
res.cooking.hobs,Night,,UK,W,0,0,2010
res.cooking.ovens,Night,,UK,W,0,0,2010
res.consumer-electronics.tv,Night,,UK,W,0,0,2010
res.freezers,Night,,UK,W,0,0,2010
res.cooling,Night,,UK,W,0,0,2010
res.computers,Night,,UK,W,0,0,2010
res.refrigerators,Night,,UK,W,0,0,2010
res.lighting,Night,,UK,W,0,0,2010
res.other,Night,,UK,W,0,0,2010
res.wet.appliances,Night,,UK,W,0,0,2010
res.space-heat.existing-average,Night,,UK,W,0,0,2010
res.space-heat.new-average,Night,,UK,W,0,0,2010
res.hot-water.existing-average,Night,,UK,W,0,0,2010
res.hot-water.new-average,Night,,UK,W,0,0,2010
nga,Day,,UK,W,1,12.552,2010
bog,Day,,UK,W,1,10.019,2010
biomass,Day,,UK,W,1,10.019,2010
elc,Day,,UK,W,1,43.34267522,2010
oil,Day,,UK,W,1,19.7944343,2010
hco,Day,,UK,W,1,19.7944343,2010
lfo,Day,,UK,W,1,19.7944343,2010
wood,Day,,UK,W,1,10.019,2010
hydrogen,Day,,UK,W,1,105.016835,2010
pellets,Day,,UK,W,1,20.58703511,2010
solar,Day,,UK,W,1,0.0,2010
ser.cooling.high-consumption,Day,,UK,W,1,0,2010
ser.cooking,Day,,UK,W,1,0,2010
ser.computing,Day,,UK,W,1,0,2010
ser.space-heat.high-consumption,Day,,UK,W,1,0,2010
ser.space-heat.low-consumption,Day,,UK,W,1,0,2010
ser.lighting.office,Day,,UK,W,1,0,2010
ser.lighting.other,Day,,UK,W,1,0,2010
ser.other,Day,,UK,W,1,0,2010
ser.refrigeration,Day,,UK,W,1,0,2010
ser.hot-water.high-consumption,Day,,UK,W,1,0,2010
ser.hot-water.low-consumption,Day,,UK,W,1,0,2010
CO2f,Day,,UK,W,1,0,2010
kerosene,Day,,UK,W,1,18.21616657,2010
res.cooking.other,Day,,UK,W,1,0,2010
res.cooking.hobs,Day,,UK,W,1,0,2010
res.cooking.ovens,Day,,UK,W,1,0,2010
res.consumer-electronics.tv,Day,,UK,W,1,0,2010
res.freezers,Day,,UK,W,1,0,2010
res.cooling,Day,,UK,W,1,0,2010
res.computers,Day,,UK,W,1,0,2010
res.refrigerators,Day,,UK,W,1,0,2010
res.lighting,Day,,UK,W,1,0,2010
res.other,Day,,UK,W,1,0,2010
res.wet.appliances,Day,,UK,W,1,0,2010
res.space-heat.existing-average,Day,,UK,W,1,0,2010
res.space-heat.new-average,Day,,UK,W,1,0,2010
res.hot-water.existing-average,Day,,UK,W,1,0,2010
res.hot-water.new-average,Day,,UK,W,1,0,2010
nga,Peak,,UK,W,2,12.552,2010
bog,Peak,,UK,W,2,10.019,2010
biomass,Peak,,UK,W,2,10.019,2010
elc,Peak,,UK,W,2,43.34267522,2010
oil,Peak,,UK,W,2,19.7944343,2010
hco,Peak,,UK,W,2,19.7944343,2010
lfo,Peak,,UK,W,2,19.7944343,2010
wood,Peak,,UK,W,2,10.019,2010
hydrogen,Peak,,UK,W,2,105.016835,2010
pellets,Peak,,UK,W,2,20.58703511,2010
solar,Peak,,UK,W,2,0.0,2010
ser.cooling.high-consumption,Peak,,UK,W,2,0,2010
ser.cooking,Peak,,UK,W,2,0,2010
ser.computing,Peak,,UK,W,2,0,2010
ser.space-heat.high-consumption,Peak,,UK,W,2,0,2010
ser.space-heat.low-consumption,Peak,,UK,W,2,0,2010
ser.lighting.office,Peak,,UK,W,2,0,2010
ser.lighting.other,Peak,,UK,W,2,0,2010
ser.other,Peak,,UK,W,2,0,2010
ser.refrigeration,Peak,,UK,W,2,0,2010
ser.hot-water.high-consumption,Peak,,UK,W,2,0,2010
ser.hot-water.low-consumption,Peak,,UK,W,2,0,2010
CO2f,Peak,,UK,W,2,0,2010
kerosene,Peak,,UK,W,2,18.21616657,2010
res.cooking.other,Peak,,UK,W,2,0,2010
res.cooking.hobs,Peak,,UK,W,2,0,2010
res.cooking.ovens,Peak,,UK,W,2,0,2010
res.consumer-electronics.tv,Peak,,UK,W,2,0,2010
res.freezers,Peak,,UK,W,2,0,2010
res.cooling,Peak,,UK,W,2,0,2010
res.computers,Peak,,UK,W,2,0,2010
res.refrigerators,Peak,,UK,W,2,0,2010
res.lighting,Peak,,UK,W,2,0,2010
res.other,Peak,,UK,W,2,0,2010
res.wet.appliances,Peak,,UK,W,2,0,2010
res.space-heat.existing-average,Peak,,UK,W,2,0,2010
res.space-heat.new-average,Peak,,UK,W,2,0,2010
res.hot-water.existing-average,Peak,,UK,W,2,0,2010
res.hot-water.new-average,Peak,,UK,W,2,0,2010
nga,Evening,,UK,W,3,12.552,2010
bog,Evening,,UK,W,3,10.019,2010
biomass,Evening,,UK,W,3,10.019,2010
elc,Evening,,UK,W,3,43.34267522,2010
oil,Evening,,UK,W,3,19.7944343,2010
hco,Evening,,UK,W,3,19.7944343,2010
lfo,Evening,,UK,W,3,19.7944343,2010
wood,Evening,,UK,W,3,10.019,2010
hydrogen,Evening,,UK,W,3,105.016835,2010
pellets,Evening,,UK,W,3,20.58703511,2010
solar,Evening,,UK,W,3,0.0,2010
ser.cooling.high-consumption,Evening,,UK,W,3,0,2010
ser.cooking,Evening,,UK,W,3,0,2010
ser.computing,Evening,,UK,W,3,0,2010
ser.space-heat.high-consumption,Evening,,UK,W,3,0,2010
ser.space-heat.low-consumption,Evening,,UK,W,3,0,2010
ser.lighting.office,Evening,,UK,W,3,0,2010
ser.lighting.other,Evening,,UK,W,3,0,2010
ser.other,Evening,,UK,W,3,0,2010
ser.refrigeration,Evening,,UK,W,3,0,2010
ser.hot-water.high-consumption,Evening,,UK,W,3,0,2010
ser.hot-water.low-consumption,Evening,,UK,W,3,0,2010
CO2f,Evening,,UK,W,3,0,2010
kerosene,Evening,,UK,W,3,18.21616657,2010
res.cooking.other,Evening,,UK,W,3,0,2010
res.cooking.hobs,Evening,,UK,W,3,0,2010
res.cooking.ovens,Evening,,UK,W,3,0,2010
res.consumer-electronics.tv,Evening,,UK,W,3,0,2010
res.freezers,Evening,,UK,W,3,0,2010
res.cooling,Evening,,UK,W,3,0,2010
res.computers,Evening,,UK,W,3,0,2010
res.refrigerators,Evening,,UK,W,3,0,2010
res.lighting,Evening,,UK,W,3,0,2010
res.other,Evening,,UK,W,3,0,2010
res.wet.appliances,Evening,,UK,W,3,0,2010
res.space-heat.existing-average,Evening,,UK,W,3,0,2010
res.space-heat.new-average,Evening,,UK,W,3,0,2010
res.hot-water.existing-average,Evening,,UK,W,3,0,2010
res.hot-water.new-average,Evening,,UK,W,3,0,2010
nga,Night,,UK,P,4,12.552,2010
bog,Night,,UK,P,4,10.019,2010
biomass,Night,,UK,P,4,10.019,2010
elc,Night,,UK,P,4,43.34267522,2010
oil,Night,,UK,P,4,19.7944343,2010
hco,Night,,UK,P,4,19.7944343,2010
lfo,Night,,UK,P,4,19.7944343,2010
wood,Night,,UK,P,4,10.019,2010
hydrogen,Night,,UK,P,4,105.016835,2010
pellets,Night,,UK,P,4,20.58703511,2010
solar,Night,,UK,P,4,0.0,2010
ser.cooling.high-consumption,Night,,UK,P,4,0,2010
ser.cooking,Night,,UK,P,4,0,2010
ser.computing,Night,,UK,P,4,0,2010
ser.space-heat.high-consumption,Night,,UK,P,4,0,2010
ser.space-heat.low-consumption,Night,,UK,P,4,0,2010
ser.lighting.office,Night,,UK,P,4,0,2010
ser.lighting.other,Night,,UK,P,4,0,2010
ser.other,Night,,UK,P,4,0,2010
ser.refrigeration,Night,,UK,P,4,0,2010
ser.hot-water.high-consumption,Night,,UK,P,4,0,2010
ser.hot-water.low-consumption,Night,,UK,P,4,0,2010
CO2f,Night,,UK,P,4,0,2010
kerosene,Night,,UK,P,4,18.21616657,2010
res.cooking.other,Night,,UK,P,4,0,2010
res.cooking.hobs,Night,,UK,P,4,0,2010
res.cooking.ovens,Night,,UK,P,4,0,2010
res.consumer-electronics.tv,Night,,UK,P,4,0,2010
res.freezers,Night,,UK,P,4,0,2010
res.cooling,Night,,UK,P,4,0,2010
res.computers,Night,,UK,P,4,0,2010
res.refrigerators,Night,,UK,P,4,0,2010
res.lighting,Night,,UK,P,4,0,2010
res.other,Night,,UK,P,4,0,2010
res.wet.appliances,Night,,UK,P,4,0,2010
res.space-heat.existing-average,Night,,UK,P,4,0,2010
res.space-heat.new-average,Night,,UK,P,4,0,2010
res.hot-water.existing-average,Night,,UK,P,4,0,2010
res.hot-water.new-average,Night,,UK,P,4,0,2010
nga,Day,,UK,P,5,12.552,2010
bog,Day,,UK,P,5,10.019,2010
biomass,Day,,UK,P,5,10.019,2010
elc,Day,,UK,P,5,43.34267522,2010
oil,Day,,UK,P,5,19.7944343,2010
hco,Day,,UK,P,5,19.7944343,2010
lfo,Day,,UK,P,5,19.7944343,2010
wood,Day,,UK,P,5,10.019,2010
hydrogen,Day,,UK,P,5,105.016835,2010
pellets,Day,,UK,P,5,20.58703511,2010
solar,Day,,UK,P,5,0.0,2010
ser.cooling.high-consumption,Day,,UK,P,5,0,2010
ser.cooking,Day,,UK,P,5,0,2010
ser.computing,Day,,UK,P,5,0,2010
ser.space-heat.high-consumption,Day,,UK,P,5,0,2010
ser.space-heat.low-consumption,Day,,UK,P,5,0,2010
ser.lighting.office,Day,,UK,P,5,0,2010
ser.lighting.other,Day,,UK,P,5,0,2010
ser.other,Day,,UK,P,5,0,2010
ser.refrigeration,Day,,UK,P,5,0,2010
ser.hot-water.high-consumption,Day,,UK,P,5,0,2010
ser.hot-water.low-consumption,Day,,UK,P,5,0,2010
CO2f,Day,,UK,P,5,0,2010
kerosene,Day,,UK,P,5,18.21616657,2010
res.cooking.other,Day,,UK,P,5,0,2010
res.cooking.hobs,Day,,UK,P,5,0,2010
res.cooking.ovens,Day,,UK,P,5,0,2010
res.consumer-electronics.tv,Day,,UK,P,5,0,2010
res.freezers,Day,,UK,P,5,0,2010
res.cooling,Day,,UK,P,5,0,2010
res.computers,Day,,UK,P,5,0,2010
res.refrigerators,Day,,UK,P,5,0,2010
res.lighting,Day,,UK,P,5,0,2010
res.other,Day,,UK,P,5,0,2010
res.wet.appliances,Day,,UK,P,5,0,2010
res.space-heat.existing-average,Day,,UK,P,5,0,2010
res.space-heat.new-average,Day,,UK,P,5,0,2010
res.hot-water.existing-average,Day,,UK,P,5,0,2010
res.hot-water.new-average,Day,,UK,P,5,0,2010
nga,Peak,,UK,P,6,12.552,2010
bog,Peak,,UK,P,6,10.019,2010
biomass,Peak,,UK,P,6,10.019,2010
elc,Peak,,UK,P,6,43.34267522,2010
oil,Peak,,UK,P,6,19.7944343,2010
hco,Peak,,UK,P,6,19.7944343,2010
lfo,Peak,,UK,P,6,19.7944343,2010
wood,Peak,,UK,P,6,10.019,2010
hydrogen,Peak,,UK,P,6,105.016835,2010
pellets,Peak,,UK,P,6,20.58703511,2010
solar,Peak,,UK,P,6,0.0,2010
ser.cooling.high-consumption,Peak,,UK,P,6,0,2010
ser.cooking,Peak,,UK,P,6,0,2010
ser.computing,Peak,,UK,P,6,0,2010
ser.space-heat.high-consumption,Peak,,UK,P,6,0,2010
ser.space-heat.low-consumption,Peak,,UK,P,6,0,2010
ser.lighting.office,Peak,,UK,P,6,0,2010
ser.lighting.other,Peak,,UK,P,6,0,2010
ser.other,Peak,,UK,P,6,0,2010
ser.refrigeration,Peak,,UK,P,6,0,2010
ser.hot-water.high-consumption,Peak,,UK,P,6,0,2010
ser.hot-water.low-consumption,Peak,,UK,P,6,0,2010
CO2f,Peak,,UK,P,6,0,2010
kerosene,Peak,,UK,P,6,18.21616657,2010
res.cooking.other,Peak,,UK,P,6,0,2010
res.cooking.hobs,Peak,,UK,P,6,0,2010
res.cooking.ovens,Peak,,UK,P,6,0,2010
res.consumer-electronics.tv,Peak,,UK,P,6,0,2010
res.freezers,Peak,,UK,P,6,0,2010
res.cooling,Peak,,UK,P,6,0,2010
res.computers,Peak,,UK,P,6,0,2010
res.refrigerators,Peak,,UK,P,6,0,2010
res.lighting,Peak,,UK,P,6,0,2010
res.other,Peak,,UK,P,6,0,2010
res.wet.appliances,Peak,,UK,P,6,0,2010
res.space-heat.existing-average,Peak,,UK,P,6,0,2010
res.space-heat.new-average,Peak,,UK,P,6,0,2010
res.hot-water.existing-average,Peak,,UK,P,6,0,2010
res.hot-water.new-average,Peak,,UK,P,6,0,2010
nga,Evening,,UK,P,7,12.552,2010
bog,Evening,,UK,P,7,10.019,2010
biomass,Evening,,UK,P,7,10.019,2010
elc,Evening,,UK,P,7,43.34267522,2010
oil,Evening,,UK,P,7,19.7944343,2010
hco,Evening,,UK,P,7,19.7944343,2010
lfo,Evening,,UK,P,7,19.7944343,2010
wood,Evening,,UK,P,7,10.019,2010
hydrogen,Evening,,UK,P,7,105.016835,2010
pellets,Evening,,UK,P,7,20.58703511,2010
solar,Evening,,UK,P,7,0.0,2010
ser.cooling.high-consumption,Evening,,UK,P,7,0,2010
ser.cooking,Evening,,UK,P,7,0,2010
ser.computing,Evening,,UK,P,7,0,2010
ser.space-heat.high-consumption,Evening,,UK,P,7,0,2010
ser.space-heat.low-consumption,Evening,,UK,P,7,0,2010
ser.lighting.office,Evening,,UK,P,7,0,2010
ser.lighting.other,Evening,,UK,P,7,0,2010
ser.other,Evening,,UK,P,7,0,2010
ser.refrigeration,Evening,,UK,P,7,0,2010
ser.hot-water.high-consumption,Evening,,UK,P,7,0,2010
ser.hot-water.low-consumption,Evening,,UK,P,7,0,2010
CO2f,Evening,,UK,P,7,0,2010
kerosene,Evening,,UK,P,7,18.21616657,2010
res.cooking.other,Evening,,UK,P,7,0,2010
res.cooking.hobs,Evening,,UK,P,7,0,2010
res.cooking.ovens,Evening,,UK,P,7,0,2010
res.consumer-electronics.tv,Evening,,UK,P,7,0,2010
res.freezers,Evening,,UK,P,7,0,2010
res.cooling,Evening,,UK,P,7,0,2010
res.computers,Evening,,UK,P,7,0,2010
res.refrigerators,Evening,,UK,P,7,0,2010
res.lighting,Evening,,UK,P,7,0,2010
res.other,Evening,,UK,P,7,0,2010
res.wet.appliances,Evening,,UK,P,7,0,2010
res.space-heat.existing-average,Evening,,UK,P,7,0,2010
res.space-heat.new-average,Evening,,UK,P,7,0,2010
res.hot-water.existing-average,Evening,,UK,P,7,0,2010
res.hot-water.new-average,Evening,,UK,P,7,0,2010
nga,Night,,UK,S,8,12.552,2010
bog,Night,,UK,S,8,10.019,2010
biomass,Night,,UK,S,8,10.019,2010
elc,Night,,UK,S,8,43.34267522,2010
oil,Night,,UK,S,8,19.7944343,2010
hco,Night,,UK,S,8,19.7944343,2010
lfo,Night,,UK,S,8,19.7944343,2010
wood,Night,,UK,S,8,10.019,2010
hydrogen,Night,,UK,S,8,105.016835,2010
pellets,Night,,UK,S,8,20.58703511,2010
solar,Night,,UK,S,8,0.0,2010
ser.cooling.high-consumption,Night,,UK,S,8,0,2010
ser.cooking,Night,,UK,S,8,0,2010
ser.computing,Night,,UK,S,8,0,2010
ser.space-heat.high-consumption,Night,,UK,S,8,0,2010
ser.space-heat.low-consumption,Night,,UK,S,8,0,2010
ser.lighting.office,Night,,UK,S,8,0,2010
ser.lighting.other,Night,,UK,S,8,0,2010
ser.other,Night,,UK,S,8,0,2010
ser.refrigeration,Night,,UK,S,8,0,2010
ser.hot-water.high-consumption,Night,,UK,S,8,0,2010
ser.hot-water.low-consumption,Night,,UK,S,8,0,2010
CO2f,Night,,UK,S,8,0,2010
kerosene,Night,,UK,S,8,18.21616657,2010
res.cooking.other,Night,,UK,S,8,0,2010
res.cooking.hobs,Night,,UK,S,8,0,2010
res.cooking.ovens,Night,,UK,S,8,0,2010
res.consumer-electronics.tv,Night,,UK,S,8,0,2010
res.freezers,Night,,UK,S,8,0,2010
res.cooling,Night,,UK,S,8,0,2010
res.computers,Night,,UK,S,8,0,2010
res.refrigerators,Night,,UK,S,8,0,2010
res.lighting,Night,,UK,S,8,0,2010
res.other,Night,,UK,S,8,0,2010
res.wet.appliances,Night,,UK,S,8,0,2010
res.space-heat.existing-average,Night,,UK,S,8,0,2010
res.space-heat.new-average,Night,,UK,S,8,0,2010
res.hot-water.existing-average,Night,,UK,S,8,0,2010
res.hot-water.new-average,Night,,UK,S,8,0,2010
nga,Day,,UK,S,9,12.552,2010
bog,Day,,UK,S,9,10.019,2010
biomass,Day,,UK,S,9,10.019,2010
elc,Day,,UK,S,9,43.34267522,2010
oil,Day,,UK,S,9,19.7944343,2010
hco,Day,,UK,S,9,19.7944343,2010
lfo,Day,,UK,S,9,19.7944343,2010
wood,Day,,UK,S,9,10.019,2010
hydrogen,Day,,UK,S,9,105.016835,2010
pellets,Day,,UK,S,9,20.58703511,2010
solar,Day,,UK,S,9,0.0,2010
ser.cooling.high-consumption,Day,,UK,S,9,0,2010
ser.cooking,Day,,UK,S,9,0,2010
ser.computing,Day,,UK,S,9,0,2010
ser.space-heat.high-consumption,Day,,UK,S,9,0,2010
ser.space-heat.low-consumption,Day,,UK,S,9,0,2010
ser.lighting.office,Day,,UK,S,9,0,2010
ser.lighting.other,Day,,UK,S,9,0,2010
ser.other,Day,,UK,S,9,0,2010
ser.refrigeration,Day,,UK,S,9,0,2010
ser.hot-water.high-consumption,Day,,UK,S,9,0,2010
ser.hot-water.low-consumption,Day,,UK,S,9,0,2010
CO2f,Day,,UK,S,9,0,2010
kerosene,Day,,UK,S,9,18.21616657,2010
res.cooking.other,Day,,UK,S,9,0,2010
res.cooking.hobs,Day,,UK,S,9,0,2010
res.cooking.ovens,Day,,UK,S,9,0,2010
res.consumer-electronics.tv,Day,,UK,S,9,0,2010
res.freezers,Day,,UK,S,9,0,2010
res.cooling,Day,,UK,S,9,0,2010
res.computers,Day,,UK,S,9,0,2010
res.refrigerators,Day,,UK,S,9,0,2010
res.lighting,Day,,UK,S,9,0,2010
res.other,Day,,UK,S,9,0,2010
res.wet.appliances,Day,,UK,S,9,0,2010
res.space-heat.existing-average,Day,,UK,S,9,0,2010
res.space-heat.new-average,Day,,UK,S,9,0,2010
res.hot-water.existing-average,Day,,UK,S,9,0,2010
res.hot-water.new-average,Day,,UK,S,9,0,2010
nga,Peak,,UK,S,10,12.552,2010
bog,Peak,,UK,S,10,10.019,2010
biomass,Peak,,UK,S,10,10.019,2010
elc,Peak,,UK,S,10,43.34267522,2010
oil,Peak,,UK,S,10,19.7944343,2010
hco,Peak,,UK,S,10,19.7944343,2010
lfo,Peak,,UK,S,10,19.7944343,2010
wood,Peak,,UK,S,10,10.019,2010
hydrogen,Peak,,UK,S,10,105.016835,2010
pellets,Peak,,UK,S,10,20.58703511,2010
solar,Peak,,UK,S,10,0.0,2010
ser.cooling.high-consumption,Peak,,UK,S,10,0,2010
ser.cooking,Peak,,UK,S,10,0,2010
ser.computing,Peak,,UK,S,10,0,2010
ser.space-heat.high-consumption,Peak,,UK,S,10,0,2010
ser.space-heat.low-consumption,Peak,,UK,S,10,0,2010
ser.lighting.office,Peak,,UK,S,10,0,2010
ser.lighting.other,Peak,,UK,S,10,0,2010
ser.other,Peak,,UK,S,10,0,2010
ser.refrigeration,Peak,,UK,S,10,0,2010
ser.hot-water.high-consumption,Peak,,UK,S,10,0,2010
ser.hot-water.low-consumption,Peak,,UK,S,10,0,2010
CO2f,Peak,,UK,S,10,0,2010
kerosene,Peak,,UK,S,10,18.21616657,2010
res.cooking.other,Peak,,UK,S,10,0,2010
res.cooking.hobs,Peak,,UK,S,10,0,2010
res.cooking.ovens,Peak,,UK,S,10,0,2010
res.consumer-electronics.tv,Peak,,UK,S,10,0,2010
res.freezers,Peak,,UK,S,10,0,2010
res.cooling,Peak,,UK,S,10,0,2010
res.computers,Peak,,UK,S,10,0,2010
res.refrigerators,Peak,,UK,S,10,0,2010
res.lighting,Peak,,UK,S,10,0,2010
res.other,Peak,,UK,S,10,0,2010
res.wet.appliances,Peak,,UK,S,10,0,2010
res.space-heat.existing-average,Peak,,UK,S,10,0,2010
res.space-heat.new-average,Peak,,UK,S,10,0,2010
res.hot-water.existing-average,Peak,,UK,S,10,0,2010
res.hot-water.new-average,Peak,,UK,S,10,0,2010
nga,Evening,,UK,S,11,12.552,2010
bog,Evening,,UK,S,11,10.019,2010
biomass,Evening,,UK,S,11,10.019,2010
elc,Evening,,UK,S,11,43.34267522,2010
oil,Evening,,UK,S,11,19.7944343,2010
hco,Evening,,UK,S,11,19.7944343,2010
lfo,Evening,,UK,S,11,19.7944343,2010
wood,Evening,,UK,S,11,10.019,2010
hydrogen,Evening,,UK,S,11,105.016835,2010
pellets,Evening,,UK,S,11,20.58703511,2010
solar,Evening,,UK,S,11,0.0,2010
ser.cooling.high-consumption,Evening,,UK,S,11,0,2010
ser.cooking,Evening,,UK,S,11,0,2010
ser.computing,Evening,,UK,S,11,0,2010
ser.space-heat.high-consumption,Evening,,UK,S,11,0,2010
ser.space-heat.low-consumption,Evening,,UK,S,11,0,2010
ser.lighting.office,Evening,,UK,S,11,0,2010
ser.lighting.other,Evening,,UK,S,11,0,2010
ser.other,Evening,,UK,S,11,0,2010
ser.refrigeration,Evening,,UK,S,11,0,2010
ser.hot-water.high-consumption,Evening,,UK,S,11,0,2010
ser.hot-water.low-consumption,Evening,,UK,S,11,0,2010
CO2f,Evening,,UK,S,11,0,2010
kerosene,Evening,,UK,S,11,18.21616657,2010
res.cooking.other,Evening,,UK,S,11,0,2010
res.cooking.hobs,Evening,,UK,S,11,0,2010
res.cooking.ovens,Evening,,UK,S,11,0,2010
res.consumer-electronics.tv,Evening,,UK,S,11,0,2010
res.freezers,Evening,,UK,S,11,0,2010
res.cooling,Evening,,UK,S,11,0,2010
res.computers,Evening,,UK,S,11,0,2010
res.refrigerators,Evening,,UK,S,11,0,2010
res.lighting,Evening,,UK,S,11,0,2010
res.other,Evening,,UK,S,11,0,2010
res.wet.appliances,Evening,,UK,S,11,0,2010
res.space-heat.existing-average,Evening,,UK,S,11,0,2010
res.space-heat.new-average,Evening,,UK,S,11,0,2010
res.hot-water.existing-average,Evening,,UK,S,11,0,2010
res.hot-water.new-average,Evening,,UK,S,11,0,2010
nga,Night,,UK,A,12,12.552,2010
bog,Night,,UK,A,12,10.019,2010
biomass,Night,,UK,A,12,10.019,2010
elc,Night,,UK,A,12,43.34267522,2010
oil,Night,,UK,A,12,19.7944343,2010
hco,Night,,UK,A,12,19.7944343,2010
lfo,Night,,UK,A,12,19.7944343,2010
wood,Night,,UK,A,12,10.019,2010
hydrogen,Night,,UK,A,12,105.016835,2010
pellets,Night,,UK,A,12,20.58703511,2010
solar,Night,,UK,A,12,0.0,2010
ser.cooling.high-consumption,Night,,UK,A,12,0,2010
ser.cooking,Night,,UK,A,12,0,2010
ser.computing,Night,,UK,A,12,0,2010
ser.space-heat.high-consumption,Night,,UK,A,12,0,2010
ser.space-heat.low-consumption,Night,,UK,A,12,0,2010
ser.lighting.office,Night,,UK,A,12,0,2010
ser.lighting.other,Night,,UK,A,12,0,2010
ser.other,Night,,UK,A,12,0,2010
ser.refrigeration,Night,,UK,A,12,0,2010
ser.hot-water.high-consumption,Night,,UK,A,12,0,2010
ser.hot-water.low-consumption,Night,,UK,A,12,0,2010
CO2f,Night,,UK,A,12,0,2010
kerosene,Night,,UK,A,12,18.21616657,2010
res.cooking.other,Night,,UK,A,12,0,2010
res.cooking.hobs,Night,,UK,A,12,0,2010
res.cooking.ovens,Night,,UK,A,12,0,2010
res.consumer-electronics.tv,Night,,UK,A,12,0,2010
res.freezers,Night,,UK,A,12,0,2010
res.cooling,Night,,UK,A,12,0,2010
res.computers,Night,,UK,A,12,0,2010
res.refrigerators,Night,,UK,A,12,0,2010
res.lighting,Night,,UK,A,12,0,2010
res.other,Night,,UK,A,12,0,2010
res.wet.appliances,Night,,UK,A,12,0,2010
res.space-heat.existing-average,Night,,UK,A,12,0,2010
res.space-heat.new-average,Night,,UK,A,12,0,2010
res.hot-water.existing-average,Night,,UK,A,12,0,2010
res.hot-water.new-average,Night,,UK,A,12,0,2010
nga,Day,,UK,A,13,12.552,2010
bog,Day,,UK,A,13,10.019,2010
biomass,Day,,UK,A,13,10.019,2010
elc,Day,,UK,A,13,43.34267522,2010
oil,Day,,UK,A,13,19.7944343,2010
hco,Day,,UK,A,13,19.7944343,2010
lfo,Day,,UK,A,13,19.7944343,2010
wood,Day,,UK,A,13,10.019,2010
hydrogen,Day,,UK,A,13,105.016835,2010
pellets,Day,,UK,A,13,20.58703511,2010
solar,Day,,UK,A,13,0.0,2010
ser.cooling.high-consumption,Day,,UK,A,13,0,2010
ser.cooking,Day,,UK,A,13,0,2010
ser.computing,Day,,UK,A,13,0,2010
ser.space-heat.high-consumption,Day,,UK,A,13,0,2010
ser.space-heat.low-consumption,Day,,UK,A,13,0,2010
ser.lighting.office,Day,,UK,A,13,0,2010
ser.lighting.other,Day,,UK,A,13,0,2010
ser.other,Day,,UK,A,13,0,2010
ser.refrigeration,Day,,UK,A,13,0,2010
ser.hot-water.high-consumption,Day,,UK,A,13,0,2010
ser.hot-water.low-consumption,Day,,UK,A,13,0,2010
CO2f,Day,,UK,A,13,0,2010
kerosene,Day,,UK,A,13,18.21616657,2010
res.cooking.other,Day,,UK,A,13,0,2010
res.cooking.hobs,Day,,UK,A,13,0,2010
res.cooking.ovens,Day,,UK,A,13,0,2010
res.consumer-electronics.tv,Day,,UK,A,13,0,2010
res.freezers,Day,,UK,A,13,0,2010
res.cooling,Day,,UK,A,13,0,2010
res.computers,Day,,UK,A,13,0,2010
res.refrigerators,Day,,UK,A,13,0,2010
res.lighting,Day,,UK,A,13,0,2010
res.other,Day,,UK,A,13,0,2010
res.wet.appliances,Day,,UK,A,13,0,2010
res.space-heat.existing-average,Day,,UK,A,13,0,2010
res.space-heat.new-average,Day,,UK,A,13,0,2010
res.hot-water.existing-average,Day,,UK,A,13,0,2010
res.hot-water.new-average,Day,,UK,A,13,0,2010
nga,Peak,,UK,A,14,12.552,2010
bog,Peak,,UK,A,14,10.019,2010
biomass,Peak,,UK,A,14,10.019,2010
elc,Peak,,UK,A,14,43.34267522,2010
oil,Peak,,UK,A,14,19.7944343,2010
hco,Peak,,UK,A,14,19.7944343,2010
lfo,Peak,,UK,A,14,19.7944343,2010
wood,Peak,,UK,A,14,10.019,2010
hydrogen,Peak,,UK,A,14,105.016835,2010
pellets,Peak,,UK,A,14,20.58703511,2010
solar,Peak,,UK,A,14,0.0,2010
ser.cooling.high-consumption,Peak,,UK,A,14,0,2010
ser.cooking,Peak,,UK,A,14,0,2010
ser.computing,Peak,,UK,A,14,0,2010
ser.space-heat.high-consumption,Peak,,UK,A,14,0,2010
ser.space-heat.low-consumption,Peak,,UK,A,14,0,2010
ser.lighting.office,Peak,,UK,A,14,0,2010
ser.lighting.other,Peak,,UK,A,14,0,2010
ser.other,Peak,,UK,A,14,0,2010
ser.refrigeration,Peak,,UK,A,14,0,2010
ser.hot-water.high-consumption,Peak,,UK,A,14,0,2010
ser.hot-water.low-consumption,Peak,,UK,A,14,0,2010
CO2f,Peak,,UK,A,14,0,2010
kerosene,Peak,,UK,A,14,18.21616657,2010
res.cooking.other,Peak,,UK,A,14,0,2010
res.cooking.hobs,Peak,,UK,A,14,0,2010
res.cooking.ovens,Peak,,UK,A,14,0,2010
res.consumer-electronics.tv,Peak,,UK,A,14,0,2010
res.freezers,Peak,,UK,A,14,0,2010
res.cooling,Peak,,UK,A,14,0,2010
res.computers,Peak,,UK,A,14,0,2010
res.refrigerators,Peak,,UK,A,14,0,2010
res.lighting,Peak,,UK,A,14,0,2010
res.other,Peak,,UK,A,14,0,2010
res.wet.appliances,Peak,,UK,A,14,0,2010
res.space-heat.existing-average,Peak,,UK,A,14,0,2010
res.space-heat.new-average,Peak,,UK,A,14,0,2010
res.hot-water.existing-average,Peak,,UK,A,14,0,2010
res.hot-water.new-average,Peak,,UK,A,14,0,2010
nga,Evening,,UK,A,15,12.552,2010
bog,Evening,,UK,A,15,10.019,2010
biomass,Evening,,UK,A,15,10.019,2010
elc,Evening,,UK,A,15,43.34267522,2010
oil,Evening,,UK,A,15,19.7944343,2010
hco,Evening,,UK,A,15,19.7944343,2010
lfo,Evening,,UK,A,15,19.7944343,2010
wood,Evening,,UK,A,15,10.019,2010
hydrogen,Evening,,UK,A,15,105.016835,2010
pellets,Evening,,UK,A,15,20.58703511,2010
solar,Evening,,UK,A,15,0.0,2010
ser.cooling.high-consumption,Evening,,UK,A,15,0,2010
ser.cooking,Evening,,UK,A,15,0,2010
ser.computing,Evening,,UK,A,15,0,2010
ser.space-heat.high-consumption,Evening,,UK,A,15,0,2010
ser.space-heat.low-consumption,Evening,,UK,A,15,0,2010
ser.lighting.office,Evening,,UK,A,15,0,2010
ser.lighting.other,Evening,,UK,A,15,0,2010
ser.other,Evening,,UK,A,15,0,2010
ser.refrigeration,Evening,,UK,A,15,0,2010
ser.hot-water.high-consumption,Evening,,UK,A,15,0,2010
ser.hot-water.low-consumption,Evening,,UK,A,15,0,2010
CO2f,Evening,,UK,A,15,0,2010
kerosene,Evening,,UK,A,15,18.21616657,2010
res.cooking.other,Evening,,UK,A,15,0,2010
res.cooking.hobs,Evening,,UK,A,15,0,2010
res.cooking.ovens,Evening,,UK,A,15,0,2010
res.consumer-electronics.tv,Evening,,UK,A,15,0,2010
res.freezers,Evening,,UK,A,15,0,2010
res.cooling,Evening,,UK,A,15,0,2010
res.computers,Evening,,UK,A,15,0,2010
res.refrigerators,Evening,,UK,A,15,0,2010
res.lighting,Evening,,UK,A,15,0,2010
res.other,Evening,,UK,A,15,0,2010
res.wet.appliances,Evening,,UK,A,15,0,2010
res.space-heat.existing-average,Evening,,UK,A,15,0,2010
res.space-heat.new-average,Evening,,UK,A,15,0,2010
res.hot-water.existing-average,Evening,,UK,A,15,0,2010
res.hot-water.new-average,Evening,,UK,A,15,0,2010
nga,Night,12.47950000000,UK,W,0,12.552,2015
bog,Night,11.84850000000,UK,W,0,10.019,2015
biomass,Night,11.84850000000,UK,W,0,10.019,2015
elc,Night,45.82250000000,UK,W,0,43.34267522,2015
oil,Night,19.79440000000,UK,W,0,19.7944343,2015
hco,Night,17.90350000000,UK,W,0,19.7944343,2015
lfo,Night,17.90350000000,UK,W,0,19.7944343,2015
wood,Night,11.84850000000,UK,W,0,10.019,2015
hydrogen,Night,105.01680000000,UK,W,0,105.016835,2015
pellets,Night,17.93240000000,UK,W,0,20.58703511,2015
ser.cooking,Night,1.44540000000,UK,W,0,0,2015
ser.computing,Night,21.36260000000,UK,W,0,0,2015
ser.space-heat.high-consumption,Night,7.21290000000,UK,W,0,0,2015
ser.space-heat.low-consumption,Night,0.38360000000,UK,W,0,0,2015
ser.lighting.office,Night,0.03960000000,UK,W,0,0,2015
ser.lighting.other,Night,0.02510000000,UK,W,0,0,2015
ser.other,Night,0.18920000000,UK,W,0,0,2015
ser.refrigeration,Night,4.02070000000,UK,W,0,0,2015
ser.hot-water.high-consumption,Night,0.36470000000,UK,W,0,0,2015
ser.hot-water.low-consumption,Night,0.48420000000,UK,W,0,0,2015
kerosene,Night,13.98540000000,UK,W,0,18.21616657,2015
res.cooking.other,Night,1.17680000000,UK,W,0,0,2015
res.cooking.hobs,Night,2.30620000000,UK,W,0,0,2015
res.cooking.ovens,Night,2.27180000000,UK,W,0,0,2015
res.consumer-electronics.tv,Night,6.19360000000,UK,W,0,0,2015
res.freezers,Night,1.97100000000,UK,W,0,0,2015
res.computers,Night,15.42860000000,UK,W,0,0,2015
res.refrigerators,Night,3.16560000000,UK,W,0,0,2015
res.lighting,Night,0.01390000000,UK,W,0,0,2015
res.wet.appliances,Night,13.17480000000,UK,W,0,0,2015
res.space-heat.existing-average,Night,0.65660000000,UK,W,0,0,2015
res.hot-water.existing-average,Night,0.03010000000,UK,W,0,0,2015
nga,Day,12.47950000000,UK,W,1,12.552,2015
bog,Day,11.84850000000,UK,W,1,10.019,2015
biomass,Day,11.84850000000,UK,W,1,10.019,2015
elc,Day,45.82250000000,UK,W,1,43.34267522,2015
oil,Day,19.79440000000,UK,W,1,19.7944343,2015
hco,Day,17.90350000000,UK,W,1,19.7944343,2015
lfo,Day,17.90350000000,UK,W,1,19.7944343,2015
wood,Day,11.84850000000,UK,W,1,10.019,2015
hydrogen,Day,105.01680000000,UK,W,1,105.016835,2015
pellets,Day,17.93240000000,UK,W,1,20.58703511,2015
ser.cooking,Day,2.06490000000,UK,W,1,0,2015
ser.computing,Day,30.51800000000,UK,W,1,0,2015
ser.space-heat.high-consumption,Day,10.83470000000,UK,W,1,0,2015
ser.space-heat.low-consumption,Day,0.53970000000,UK,W,1,0,2015
ser.lighting.office,Day,0.05650000000,UK,W,1,0,2015
ser.lighting.other,Day,0.03590000000,UK,W,1,0,2015
ser.other,Day,0.27020000000,UK,W,1,0,2015
ser.refrigeration,Day,5.74380000000,UK,W,1,0,2015
ser.hot-water.high-consumption,Day,0.52970000000,UK,W,1,0,2015
ser.hot-water.low-consumption,Day,2.28930000000,UK,W,1,0,2015
kerosene,Day,13.98540000000,UK,W,1,18.21616657,2015
res.cooking.other,Day,1.68110000000,UK,W,1,0,2015
res.cooking.hobs,Day,3.29450000000,UK,W,1,0,2015
res.cooking.ovens,Day,3.24540000000,UK,W,1,0,2015
res.consumer-electronics.tv,Day,8.84800000000,UK,W,1,0,2015
res.freezers,Day,2.81570000000,UK,W,1,0,2015
res.computers,Day,22.04080000000,UK,W,1,0,2015
res.refrigerators,Day,4.52230000000,UK,W,1,0,2015
res.lighting,Day,0.01990000000,UK,W,1,0,2015
res.wet.appliances,Day,18.82110000000,UK,W,1,0,2015
res.space-heat.existing-average,Day,0.76740000000,UK,W,1,0,2015
res.hot-water.existing-average,Day,0.24610000000,UK,W,1,0,2015
nga,Peak,12.47950000000,UK,W,2,12.552,2015
bog,Peak,11.84850000000,UK,W,2,10.019,2015
biomass,Peak,11.84850000000,UK,W,2,10.019,2015
elc,Peak,45.82250000000,UK,W,2,43.34267522,2015
oil,Peak,19.79440000000,UK,W,2,19.7944343,2015
hco,Peak,17.90350000000,UK,W,2,19.7944343,2015
lfo,Peak,17.90350000000,UK,W,2,19.7944343,2015
wood,Peak,11.84850000000,UK,W,2,10.019,2015
hydrogen,Peak,105.01680000000,UK,W,2,105.016835,2015
pellets,Peak,17.93240000000,UK,W,2,20.58703511,2015
ser.computing,Peak,9.15540000000,UK,W,2,0,2015
ser.space-heat.high-consumption,Peak,1.67610000000,UK,W,2,0,2015
ser.space-heat.low-consumption,Peak,0.09900000000,UK,W,2,0,2015
ser.lighting.office,Peak,0.01700000000,UK,W,2,0,2015
ser.lighting.other,Peak,0.01080000000,UK,W,2,0,2015
ser.other,Peak,0.08110000000,UK,W,2,0,2015
ser.refrigeration,Peak,1.72310000000,UK,W,2,0,2015
ser.hot-water.high-consumption,Peak,0.12570000000,UK,W,2,0,2015
ser.hot-water.low-consumption,Peak,0.15150000000,UK,W,2,0,2015
kerosene,Peak,13.98540000000,UK,W,2,18.21616657,2015
res.cooking.other,Peak,0.50430000000,UK,W,2,0,2015
res.cooking.hobs,Peak,0.98840000000,UK,W,2,0,2015
res.cooking.ovens,Peak,0.97360000000,UK,W,2,0,2015
res.consumer-electronics.tv,Peak,2.65440000000,UK,W,2,0,2015
res.freezers,Peak,0.84470000000,UK,W,2,0,2015
res.computers,Peak,6.61220000000,UK,W,2,0,2015
res.refrigerators,Peak,1.35670000000,UK,W,2,0,2015
res.lighting,Peak,0.00600000000,UK,W,2,0,2015
res.space-heat.existing-average,Peak,0.14140000000,UK,W,2,0,2015
res.hot-water.existing-average,Peak,0.01260000000,UK,W,2,0,2015
nga,Evening,12.47950000000,UK,W,3,12.552,2015
bog,Evening,11.84850000000,UK,W,3,10.019,2015
biomass,Evening,11.84850000000,UK,W,3,10.019,2015
elc,Evening,45.82250000000,UK,W,3,43.34267522,2015
oil,Evening,19.79440000000,UK,W,3,19.7944343,2015
hco,Evening,17.90350000000,UK,W,3,19.7944343,2015
lfo,Evening,17.90350000000,UK,W,3,19.7944343,2015
wood,Evening,11.84850000000,UK,W,3,10.019,2015
hydrogen,Evening,105.01680000000,UK,W,3,105.016835,2015
pellets,Evening,17.93240000000,UK,W,3,20.58703511,2015
ser.cooking,Evening,0.82600000000,UK,W,3,0,2015
ser.computing,Evening,12.20720000000,UK,W,3,0,2015
ser.space-heat.high-consumption,Evening,3.63210000000,UK,W,3,0,2015
ser.space-heat.low-consumption,Evening,0.18110000000,UK,W,3,0,2015
ser.lighting.office,Evening,0.02260000000,UK,W,3,0,2015
ser.lighting.other,Evening,0.01440000000,UK,W,3,0,2015
ser.other,Evening,0.10810000000,UK,W,3,0,2015
ser.refrigeration,Evening,2.29750000000,UK,W,3,0,2015
ser.hot-water.high-consumption,Evening,0.25020000000,UK,W,3,0,2015
ser.hot-water.low-consumption,Evening,0.33230000000,UK,W,3,0,2015
kerosene,Evening,13.98540000000,UK,W,3,18.21616657,2015
res.cooking.other,Evening,0.67240000000,UK,W,3,0,2015
res.cooking.hobs,Evening,1.31780000000,UK,W,3,0,2015
res.cooking.ovens,Evening,1.29820000000,UK,W,3,0,2015
res.consumer-electronics.tv,Evening,3.53920000000,UK,W,3,0,2015
res.freezers,Evening,1.12630000000,UK,W,3,0,2015
res.computers,Evening,8.81630000000,UK,W,3,0,2015
res.refrigerators,Evening,1.80890000000,UK,W,3,0,2015
res.lighting,Evening,0.00800000000,UK,W,3,0,2015
res.wet.appliances,Evening,7.52840000000,UK,W,3,0,2015
res.space-heat.existing-average,Evening,0.29480000000,UK,W,3,0,2015
res.hot-water.existing-average,Evening,0.02020000000,UK,W,3,0,2015
nga,Night,12.47950000000,UK,P,4,12.552,2015
bog,Night,11.84850000000,UK,P,4,10.019,2015
biomass,Night,11.84850000000,UK,P,4,10.019,2015
elc,Night,45.82250000000,UK,P,4,43.34267522,2015
oil,Night,19.79440000000,UK,P,4,19.7944343,2015
hco,Night,17.90350000000,UK,P,4,19.7944343,2015
lfo,Night,17.90350000000,UK,P,4,19.7944343,2015
wood,Night,11.84850000000,UK,P,4,10.019,2015
hydrogen,Night,105.01680000000,UK,P,4,105.016835,2015
pellets,Night,17.93240000000,UK,P,4,20.58703511,2015
ser.cooking,Night,1.44540000000,UK,P,4,0,2015
ser.computing,Night,21.36260000000,UK,P,4,0,2015
ser.space-heat.high-consumption,Night,6.92860000000,UK,P,4,0,2015
ser.space-heat.low-consumption,Night,0.35690000000,UK,P,4,0,2015
ser.lighting.office,Night,0.03960000000,UK,P,4,0,2015
ser.lighting.other,Night,0.02510000000,UK,P,4,0,2015
ser.other,Night,0.18920000000,UK,P,4,0,2015
ser.refrigeration,Night,4.02070000000,UK,P,4,0,2015
ser.hot-water.high-consumption,Night,0.37120000000,UK,P,4,0,2015
ser.hot-water.low-consumption,Night,0.48370000000,UK,P,4,0,2015
kerosene,Night,13.98540000000,UK,P,4,18.21616657,2015
res.cooking.other,Night,1.17680000000,UK,P,4,0,2015
res.cooking.hobs,Night,2.30620000000,UK,P,4,0,2015
res.cooking.ovens,Night,2.27180000000,UK,P,4,0,2015
res.consumer-electronics.tv,Night,6.19360000000,UK,P,4,0,2015
res.freezers,Night,1.97100000000,UK,P,4,0,2015
res.computers,Night,15.42860000000,UK,P,4,0,2015
res.refrigerators,Night,3.16560000000,UK,P,4,0,2015
res.lighting,Night,0.01390000000,UK,P,4,0,2015
res.wet.appliances,Night,13.17480000000,UK,P,4,0,2015
res.space-heat.existing-average,Night,0.65170000000,UK,P,4,0,2015
res.hot-water.existing-average,Night,0.03010000000,UK,P,4,0,2015
nga,Day,12.47950000000,UK,P,5,12.552,2015
bog,Day,11.84850000000,UK,P,5,10.019,2015
biomass,Day,11.84850000000,UK,P,5,10.019,2015
elc,Day,45.82250000000,UK,P,5,43.34267522,2015
oil,Day,19.79440000000,UK,P,5,19.7944343,2015
hco,Day,17.90350000000,UK,P,5,19.7944343,2015
lfo,Day,17.90350000000,UK,P,5,19.7944343,2015
wood,Day,11.84850000000,UK,P,5,10.019,2015
hydrogen,Day,105.01680000000,UK,P,5,105.016835,2015
pellets,Day,17.93240000000,UK,P,5,20.58703511,2015
ser.cooking,Day,2.06490000000,UK,P,5,0,2015
ser.computing,Day,30.51800000000,UK,P,5,0,2015
ser.space-heat.high-consumption,Day,13.41870000000,UK,P,5,0,2015
ser.space-heat.low-consumption,Day,0.77410000000,UK,P,5,0,2015
ser.lighting.office,Day,0.05650000000,UK,P,5,0,2015
ser.lighting.other,Day,0.03590000000,UK,P,5,0,2015
ser.other,Day,0.27020000000,UK,P,5,0,2015
ser.refrigeration,Day,5.74380000000,UK,P,5,0,2015
ser.hot-water.high-consumption,Day,0.56210000000,UK,P,5,0,2015
ser.hot-water.low-consumption,Day,2.27820000000,UK,P,5,0,2015
kerosene,Day,13.98540000000,UK,P,5,18.21616657,2015
res.cooking.other,Day,1.68110000000,UK,P,5,0,2015
res.cooking.hobs,Day,3.29450000000,UK,P,5,0,2015
res.cooking.ovens,Day,3.24540000000,UK,P,5,0,2015
res.consumer-electronics.tv,Day,8.84800000000,UK,P,5,0,2015
res.freezers,Day,2.81570000000,UK,P,5,0,2015
res.computers,Day,22.04080000000,UK,P,5,0,2015
res.refrigerators,Day,4.52230000000,UK,P,5,0,2015
res.lighting,Day,0.01990000000,UK,P,5,0,2015
res.wet.appliances,Day,18.82110000000,UK,P,5,0,2015
res.space-heat.existing-average,Day,1.15410000000,UK,P,5,0,2015
res.hot-water.existing-average,Day,0.24240000000,UK,P,5,0,2015
nga,Peak,12.47950000000,UK,P,6,12.552,2015
bog,Peak,11.84850000000,UK,P,6,10.019,2015
biomass,Peak,11.84850000000,UK,P,6,10.019,2015
elc,Peak,45.82250000000,UK,P,6,43.34267522,2015
oil,Peak,19.79440000000,UK,P,6,19.7944343,2015
hco,Peak,17.90350000000,UK,P,6,19.7944343,2015
lfo,Peak,17.90350000000,UK,P,6,19.7944343,2015
wood,Peak,11.84850000000,UK,P,6,10.019,2015
hydrogen,Peak,105.01680000000,UK,P,6,105.016835,2015
pellets,Peak,17.93240000000,UK,P,6,20.58703511,2015
ser.computing,Peak,9.15540000000,UK,P,6,0,2015
ser.space-heat.high-consumption,Peak,2.48020000000,UK,P,6,0,2015
ser.space-heat.low-consumption,Peak,0.11870000000,UK,P,6,0,2015
ser.lighting.office,Peak,0.01700000000,UK,P,6,0,2015
ser.lighting.other,Peak,0.01080000000,UK,P,6,0,2015
ser.other,Peak,0.08110000000,UK,P,6,0,2015
ser.refrigeration,Peak,1.72310000000,UK,P,6,0,2015
ser.hot-water.high-consumption,Peak,0.12800000000,UK,P,6,0,2015
ser.hot-water.low-consumption,Peak,0.15150000000,UK,P,6,0,2015
kerosene,Peak,13.98540000000,UK,P,6,18.21616657,2015
res.cooking.other,Peak,0.50430000000,UK,P,6,0,2015
res.cooking.hobs,Peak,0.98840000000,UK,P,6,0,2015
res.cooking.ovens,Peak,0.97360000000,UK,P,6,0,2015
res.consumer-electronics.tv,Peak,2.65440000000,UK,P,6,0,2015
res.freezers,Peak,0.84470000000,UK,P,6,0,2015
res.computers,Peak,6.61220000000,UK,P,6,0,2015
res.refrigerators,Peak,1.35670000000,UK,P,6,0,2015
res.lighting,Peak,0.00600000000,UK,P,6,0,2015
res.space-heat.existing-average,Peak,0.18680000000,UK,P,6,0,2015
res.hot-water.existing-average,Peak,0.01260000000,UK,P,6,0,2015
nga,Evening,12.47950000000,UK,P,7,12.552,2015
bog,Evening,11.84850000000,UK,P,7,10.019,2015
biomass,Evening,11.84850000000,UK,P,7,10.019,2015
elc,Evening,45.82250000000,UK,P,7,43.34267522,2015
oil,Evening,19.79440000000,UK,P,7,19.7944343,2015
hco,Evening,17.90350000000,UK,P,7,19.7944343,2015
lfo,Evening,17.90350000000,UK,P,7,19.7944343,2015
wood,Evening,11.84850000000,UK,P,7,10.019,2015
hydrogen,Evening,105.01680000000,UK,P,7,105.016835,2015
pellets,Evening,17.93240000000,UK,P,7,20.58703511,2015
ser.cooking,Evening,0.82600000000,UK,P,7,0,2015
ser.computing,Evening,12.20720000000,UK,P,7,0,2015
ser.space-heat.high-consumption,Evening,3.82520000000,UK,P,7,0,2015
ser.space-heat.low-consumption,Evening,0.19770000000,UK,P,7,0,2015
ser.lighting.office,Evening,0.02260000000,UK,P,7,0,2015
ser.lighting.other,Evening,0.01440000000,UK,P,7,0,2015
ser.other,Evening,0.10810000000,UK,P,7,0,2015
ser.refrigeration,Evening,2.29750000000,UK,P,7,0,2015
ser.hot-water.high-consumption,Evening,0.25230000000,UK,P,7,0,2015
ser.hot-water.low-consumption,Evening,0.33230000000,UK,P,7,0,2015
kerosene,Evening,13.98540000000,UK,P,7,18.21616657,2015
res.cooking.other,Evening,0.67240000000,UK,P,7,0,2015
res.cooking.hobs,Evening,1.31780000000,UK,P,7,0,2015
res.cooking.ovens,Evening,1.29820000000,UK,P,7,0,2015
res.consumer-electronics.tv,Evening,3.53920000000,UK,P,7,0,2015
res.freezers,Evening,1.12630000000,UK,P,7,0,2015
res.computers,Evening,8.81630000000,UK,P,7,0,2015
res.refrigerators,Evening,1.80890000000,UK,P,7,0,2015
res.lighting,Evening,0.00800000000,UK,P,7,0,2015
res.wet.appliances,Evening,7.52840000000,UK,P,7,0,2015
res.space-heat.existing-average,Evening,0.34950000000,UK,P,7,0,2015
res.hot-water.existing-average,Evening,0.02020000000,UK,P,7,0,2015
nga,Night,12.47950000000,UK,S,8,12.552,2015
bog,Night,11.84850000000,UK,S,8,10.019,2015
biomass,Night,11.84850000000,UK,S,8,10.019,2015
elc,Night,45.82250000000,UK,S,8,43.34267522,2015
oil,Night,19.79440000000,UK,S,8,19.7944343,2015
hco,Night,17.90350000000,UK,S,8,19.7944343,2015
lfo,Night,17.90350000000,UK,S,8,19.7944343,2015
wood,Night,11.84850000000,UK,S,8,10.019,2015
hydrogen,Night,105.01680000000,UK,S,8,105.016835,2015
pellets,Night,17.93240000000,UK,S,8,20.58703511,2015
ser.cooking,Night,1.44540000000,UK,S,8,0,2015
ser.computing,Night,21.36260000000,UK,S,8,0,2015
ser.space-heat.high-consumption,Night,28.91620000000,UK,S,8,0,2015
ser.space-heat.low-consumption,Night,2.24480000000,UK,S,8,0,2015
ser.lighting.office,Night,0.03960000000,UK,S,8,0,2015
ser.lighting.other,Night,0.02510000000,UK,S,8,0,2015
ser.other,Night,0.18920000000,UK,S,8,0,2015
ser.refrigeration,Night,4.02070000000,UK,S,8,0,2015
ser.hot-water.high-consumption,Night,0.42020000000,UK,S,8,0,2015
ser.hot-water.low-consumption,Night,0.51410000000,UK,S,8,0,2015
kerosene,Night,13.98540000000,UK,S,8,18.21616657,2015
res.cooking.other,Night,1.17680000000,UK,S,8,0,2015
res.cooking.hobs,Night,2.30620000000,UK,S,8,0,2015
res.cooking.ovens,Night,2.27180000000,UK,S,8,0,2015
res.consumer-electronics.tv,Night,6.19360000000,UK,S,8,0,2015
res.freezers,Night,1.97100000000,UK,S,8,0,2015
res.computers,Night,15.42860000000,UK,S,8,0,2015
res.refrigerators,Night,3.16560000000,UK,S,8,0,2015
res.lighting,Night,0.01390000000,UK,S,8,0,2015
res.wet.appliances,Night,13.17480000000,UK,S,8,0,2015
res.space-heat.existing-average,Night,3.23390000000,UK,S,8,0,2015
res.hot-water.existing-average,Night,0.03400000000,UK,S,8,0,2015
nga,Day,12.47950000000,UK,S,9,12.552,2015
bog,Day,11.84850000000,UK,S,9,10.019,2015
biomass,Day,11.84850000000,UK,S,9,10.019,2015
elc,Day,45.82250000000,UK,S,9,43.34267522,2015
oil,Day,19.79440000000,UK,S,9,19.7944343,2015
hco,Day,17.90350000000,UK,S,9,19.7944343,2015
lfo,Day,17.90350000000,UK,S,9,19.7944343,2015
wood,Day,11.84850000000,UK,S,9,10.019,2015
hydrogen,Day,105.01680000000,UK,S,9,105.016835,2015
pellets,Day,17.93240000000,UK,S,9,20.58703511,2015
ser.cooking,Day,2.06490000000,UK,S,9,0,2015
ser.computing,Day,30.51800000000,UK,S,9,0,2015
ser.space-heat.high-consumption,Day,10.64920000000,UK,S,9,0,2015
ser.space-heat.low-consumption,Day,4.92440000000,UK,S,9,0,2015
ser.lighting.office,Day,0.05650000000,UK,S,9,0,2015
ser.lighting.other,Day,0.03590000000,UK,S,9,0,2015
ser.other,Day,0.27020000000,UK,S,9,0,2015
ser.refrigeration,Day,5.74380000000,UK,S,9,0,2015
ser.hot-water.high-consumption,Day,0.75380000000,UK,S,9,0,2015
ser.hot-water.low-consumption,Day,2.45800000000,UK,S,9,0,2015
kerosene,Day,13.98540000000,UK,S,9,18.21616657,2015
res.cooking.other,Day,1.68110000000,UK,S,9,0,2015
res.cooking.hobs,Day,3.29450000000,UK,S,9,0,2015
res.cooking.ovens,Day,3.24540000000,UK,S,9,0,2015
res.consumer-electronics.tv,Day,8.84800000000,UK,S,9,0,2015
res.freezers,Day,2.81570000000,UK,S,9,0,2015
res.computers,Day,22.04080000000,UK,S,9,0,2015
res.refrigerators,Day,4.52230000000,UK,S,9,0,2015
res.lighting,Day,0.01990000000,UK,S,9,0,2015
res.wet.appliances,Day,18.82110000000,UK,S,9,0,2015
res.space-heat.existing-average,Day,6.29500000000,UK,S,9,0,2015
res.hot-water.existing-average,Day,0.29570000000,UK,S,9,0,2015
nga,Peak,12.47950000000,UK,S,10,12.552,2015
bog,Peak,11.84850000000,UK,S,10,10.019,2015
biomass,Peak,11.84850000000,UK,S,10,10.019,2015
elc,Peak,45.82250000000,UK,S,10,43.34267522,2015
oil,Peak,19.79440000000,UK,S,10,19.7944343,2015
hco,Peak,17.90350000000,UK,S,10,19.7944343,2015
lfo,Peak,17.90350000000,UK,S,10,19.7944343,2015
wood,Peak,11.84850000000,UK,S,10,10.019,2015
hydrogen,Peak,105.01680000000,UK,S,10,105.016835,2015
pellets,Peak,17.93240000000,UK,S,10,20.58703511,2015
ser.computing,Peak,9.15540000000,UK,S,10,0,2015
ser.space-heat.high-consumption,Peak,8.52470000000,UK,S,10,0,2015
ser.space-heat.low-consumption,Peak,0.61510000000,UK,S,10,0,2015
ser.lighting.office,Peak,0.01700000000,UK,S,10,0,2015
ser.lighting.other,Peak,0.01080000000,UK,S,10,0,2015
ser.other,Peak,0.08110000000,UK,S,10,0,2015
ser.refrigeration,Peak,1.72310000000,UK,S,10,0,2015
ser.hot-water.high-consumption,Peak,0.15370000000,UK,S,10,0,2015
ser.hot-water.low-consumption,Peak,0.15210000000,UK,S,10,0,2015
kerosene,Peak,13.98540000000,UK,S,10,18.21616657,2015
res.cooking.other,Peak,0.50430000000,UK,S,10,0,2015
res.cooking.hobs,Peak,0.98840000000,UK,S,10,0,2015
res.cooking.ovens,Peak,0.97360000000,UK,S,10,0,2015
res.consumer-electronics.tv,Peak,2.65440000000,UK,S,10,0,2015
res.freezers,Peak,0.84470000000,UK,S,10,0,2015
res.computers,Peak,6.61220000000,UK,S,10,0,2015
res.refrigerators,Peak,1.35670000000,UK,S,10,0,2015
res.lighting,Peak,0.00600000000,UK,S,10,0,2015
res.space-heat.existing-average,Peak,0.92970000000,UK,S,10,0,2015
res.hot-water.existing-average,Peak,0.01260000000,UK,S,10,0,2015
nga,Evening,12.47950000000,UK,S,11,12.552,2015
bog,Evening,11.84850000000,UK,S,11,10.019,2015
biomass,Evening,11.84850000000,UK,S,11,10.019,2015
elc,Evening,45.82250000000,UK,S,11,43.34267522,2015
oil,Evening,19.79440000000,UK,S,11,19.7944343,2015
hco,Evening,17.90350000000,UK,S,11,19.7944343,2015
lfo,Evening,17.90350000000,UK,S,11,19.7944343,2015
wood,Evening,11.84850000000,UK,S,11,10.019,2015
hydrogen,Evening,105.01680000000,UK,S,11,105.016835,2015
pellets,Evening,17.93240000000,UK,S,11,20.58703511,2015
ser.cooking,Evening,0.82600000000,UK,S,11,0,2015
ser.computing,Evening,12.20720000000,UK,S,11,0,2015
ser.space-heat.low-consumption,Evening,1.66200000000,UK,S,11,0,2015
ser.lighting.office,Evening,0.02260000000,UK,S,11,0,2015
ser.lighting.other,Evening,0.01440000000,UK,S,11,0,2015
ser.other,Evening,0.10810000000,UK,S,11,0,2015
ser.refrigeration,Evening,2.29750000000,UK,S,11,0,2015
ser.hot-water.high-consumption,Evening,0.30570000000,UK,S,11,0,2015
ser.hot-water.low-consumption,Evening,0.33880000000,UK,S,11,0,2015
kerosene,Evening,13.98540000000,UK,S,11,18.21616657,2015
res.cooking.other,Evening,0.67240000000,UK,S,11,0,2015
res.cooking.hobs,Evening,1.31780000000,UK,S,11,0,2015
res.cooking.ovens,Evening,1.29820000000,UK,S,11,0,2015
res.consumer-electronics.tv,Evening,3.53920000000,UK,S,11,0,2015
res.freezers,Evening,1.12630000000,UK,S,11,0,2015
res.computers,Evening,8.81630000000,UK,S,11,0,2015
res.refrigerators,Evening,1.80890000000,UK,S,11,0,2015
res.lighting,Evening,0.00800000000,UK,S,11,0,2015
res.wet.appliances,Evening,7.52840000000,UK,S,11,0,2015
res.space-heat.existing-average,Evening,3.24110000000,UK,S,11,0,2015
res.hot-water.existing-average,Evening,0.02210000000,UK,S,11,0,2015
nga,Night,12.47950000000,UK,A,12,12.552,2015
bog,Night,11.84850000000,UK,A,12,10.019,2015
biomass,Night,11.84850000000,UK,A,12,10.019,2015
elc,Night,45.82250000000,UK,A,12,43.34267522,2015
oil,Night,19.79440000000,UK,A,12,19.7944343,2015
hco,Night,17.90350000000,UK,A,12,19.7944343,2015
lfo,Night,17.90350000000,UK,A,12,19.7944343,2015
wood,Night,11.84850000000,UK,A,12,10.019,2015
hydrogen,Night,105.01680000000,UK,A,12,105.016835,2015
pellets,Night,17.93240000000,UK,A,12,20.58703511,2015
ser.cooking,Night,1.44540000000,UK,A,12,0,2015
ser.computing,Night,21.36260000000,UK,A,12,0,2015
ser.space-heat.high-consumption,Night,3.59190000000,UK,A,12,0,2015
ser.space-heat.low-consumption,Night,0.25380000000,UK,A,12,0,2015
ser.lighting.office,Night,0.03960000000,UK,A,12,0,2015
ser.lighting.other,Night,0.02510000000,UK,A,12,0,2015
ser.other,Night,0.18920000000,UK,A,12,0,2015
ser.refrigeration,Night,4.02070000000,UK,A,12,0,2015
ser.hot-water.high-consumption,Night,0.37480000000,UK,A,12,0,2015
ser.hot-water.low-consumption,Night,0.48390000000,UK,A,12,0,2015
kerosene,Night,13.98540000000,UK,A,12,18.21616657,2015
res.cooking.other,Night,1.17680000000,UK,A,12,0,2015
res.cooking.hobs,Night,2.30620000000,UK,A,12,0,2015
res.cooking.ovens,Night,2.27180000000,UK,A,12,0,2015
res.consumer-electronics.tv,Night,6.19360000000,UK,A,12,0,2015
res.freezers,Night,1.97100000000,UK,A,12,0,2015
res.computers,Night,15.42860000000,UK,A,12,0,2015
res.refrigerators,Night,3.16560000000,UK,A,12,0,2015
res.lighting,Night,0.01390000000,UK,A,12,0,2015
res.wet.appliances,Night,13.17480000000,UK,A,12,0,2015
res.space-heat.existing-average,Night,0.50730000000,UK,A,12,0,2015
res.hot-water.existing-average,Night,0.03010000000,UK,A,12,0,2015
nga,Day,12.47950000000,UK,A,13,12.552,2015
bog,Day,11.84850000000,UK,A,13,10.019,2015
biomass,Day,11.84850000000,UK,A,13,10.019,2015
elc,Day,45.82250000000,UK,A,13,43.34267522,2015
oil,Day,19.79440000000,UK,A,13,19.7944343,2015
hco,Day,17.90350000000,UK,A,13,19.7944343,2015
lfo,Day,17.90350000000,UK,A,13,19.7944343,2015
wood,Day,11.84850000000,UK,A,13,10.019,2015
hydrogen,Day,105.01680000000,UK,A,13,105.016835,2015
pellets,Day,17.93240000000,UK,A,13,20.58703511,2015
ser.cooking,Day,2.06490000000,UK,A,13,0,2015
ser.computing,Day,30.51800000000,UK,A,13,0,2015
ser.space-heat.high-consumption,Day,11.51420000000,UK,A,13,0,2015
ser.space-heat.low-consumption,Day,0.71150000000,UK,A,13,0,2015
ser.lighting.office,Day,0.05650000000,UK,A,13,0,2015
ser.lighting.other,Day,0.03590000000,UK,A,13,0,2015
ser.other,Day,0.27020000000,UK,A,13,0,2015
ser.refrigeration,Day,5.74380000000,UK,A,13,0,2015
ser.hot-water.high-consumption,Day,0.58040000000,UK,A,13,0,2015
ser.hot-water.low-consumption,Day,2.28010000000,UK,A,13,0,2015
kerosene,Day,13.98540000000,UK,A,13,18.21616657,2015
res.cooking.other,Day,1.68110000000,UK,A,13,0,2015
res.cooking.hobs,Day,3.29450000000,UK,A,13,0,2015
res.cooking.ovens,Day,3.24540000000,UK,A,13,0,2015
res.consumer-electronics.tv,Day,8.84800000000,UK,A,13,0,2015
res.freezers,Day,2.81570000000,UK,A,13,0,2015
res.computers,Day,22.04080000000,UK,A,13,0,2015
res.refrigerators,Day,4.52230000000,UK,A,13,0,2015
res.lighting,Day,0.01990000000,UK,A,13,0,2015
res.wet.appliances,Day,18.82110000000,UK,A,13,0,2015
res.space-heat.existing-average,Day,1.12350000000,UK,A,13,0,2015
res.hot-water.existing-average,Day,0.24090000000,UK,A,13,0,2015
nga,Peak,12.47950000000,UK,A,14,12.552,2015
bog,Peak,11.84850000000,UK,A,14,10.019,2015
biomass,Peak,11.84850000000,UK,A,14,10.019,2015
elc,Peak,45.82250000000,UK,A,14,43.34267522,2015
oil,Peak,19.79440000000,UK,A,14,19.7944343,2015
hco,Peak,17.90350000000,UK,A,14,19.7944343,2015
lfo,Peak,17.90350000000,UK,A,14,19.7944343,2015
wood,Peak,11.84850000000,UK,A,14,10.019,2015
hydrogen,Peak,105.01680000000,UK,A,14,105.016835,2015
pellets,Peak,17.93240000000,UK,A,14,20.58703511,2015
ser.computing,Peak,9.15540000000,UK,A,14,0,2015
ser.space-heat.high-consumption,Peak,1.83620000000,UK,A,14,0,2015
ser.space-heat.low-consumption,Peak,0.11480000000,UK,A,14,0,2015
ser.lighting.office,Peak,0.01700000000,UK,A,14,0,2015
ser.lighting.other,Peak,0.01080000000,UK,A,14,0,2015
ser.other,Peak,0.08110000000,UK,A,14,0,2015
ser.refrigeration,Peak,1.72310000000,UK,A,14,0,2015
ser.hot-water.high-consumption,Peak,0.13220000000,UK,A,14,0,2015
ser.hot-water.low-consumption,Peak,0.15150000000,UK,A,14,0,2015
kerosene,Peak,13.98540000000,UK,A,14,18.21616657,2015
res.cooking.other,Peak,0.50430000000,UK,A,14,0,2015
res.cooking.hobs,Peak,0.98840000000,UK,A,14,0,2015
res.cooking.ovens,Peak,0.97360000000,UK,A,14,0,2015
res.consumer-electronics.tv,Peak,2.65440000000,UK,A,14,0,2015
res.freezers,Peak,0.84470000000,UK,A,14,0,2015
res.computers,Peak,6.61220000000,UK,A,14,0,2015
res.refrigerators,Peak,1.35670000000,UK,A,14,0,2015
res.lighting,Peak,0.00600000000,UK,A,14,0,2015
res.space-heat.existing-average,Peak,0.19220000000,UK,A,14,0,2015
res.hot-water.existing-average,Peak,0.01260000000,UK,A,14,0,2015
nga,Evening,12.47950000000,UK,A,15,12.552,2015
bog,Evening,11.84850000000,UK,A,15,10.019,2015
biomass,Evening,11.84850000000,UK,A,15,10.019,2015
elc,Evening,45.82250000000,UK,A,15,43.34267522,2015
oil,Evening,19.79440000000,UK,A,15,19.7944343,2015
hco,Evening,17.90350000000,UK,A,15,19.7944343,2015
lfo,Evening,17.90350000000,UK,A,15,19.7944343,2015
wood,Evening,11.84850000000,UK,A,15,10.019,2015
hydrogen,Evening,105.01680000000,UK,A,15,105.016835,2015
pellets,Evening,17.93240000000,UK,A,15,20.58703511,2015
ser.cooking,Evening,0.82600000000,UK,A,15,0,2015
ser.computing,Evening,12.20720000000,UK,A,15,0,2015
ser.space-heat.high-consumption,Evening,2.00660000000,UK,A,15,0,2015
ser.space-heat.low-consumption,Evening,0.16120000000,UK,A,15,0,2015
ser.lighting.office,Evening,0.02260000000,UK,A,15,0,2015
ser.lighting.other,Evening,0.01440000000,UK,A,15,0,2015
ser.other,Evening,0.10810000000,UK,A,15,0,2015
ser.refrigeration,Evening,2.29750000000,UK,A,15,0,2015
ser.hot-water.high-consumption,Evening,0.25370000000,UK,A,15,0,2015
ser.hot-water.low-consumption,Evening,0.33250000000,UK,A,15,0,2015
kerosene,Evening,13.98540000000,UK,A,15,18.21616657,2015
res.cooking.other,Evening,0.67240000000,UK,A,15,0,2015
res.cooking.hobs,Evening,1.31780000000,UK,A,15,0,2015
res.cooking.ovens,Evening,1.29820000000,UK,A,15,0,2015
res.consumer-electronics.tv,Evening,3.53920000000,UK,A,15,0,2015
res.freezers,Evening,1.12630000000,UK,A,15,0,2015
res.computers,Evening,8.81630000000,UK,A,15,0,2015
res.refrigerators,Evening,1.80890000000,UK,A,15,0,2015
res.lighting,Evening,0.00800000000,UK,A,15,0,2015
res.wet.appliances,Evening,7.52840000000,UK,A,15,0,2015
res.space-heat.existing-average,Evening,0.30060000000,UK,A,15,0,2015
res.hot-water.existing-average,Evening,0.02020000000,UK,A,15,0,2015
nga,Night,11.08330000000,UK,W,0,12.552,2020
bog,Night,12.69270000000,UK,W,0,10.019,2020
biomass,Night,12.69270000000,UK,W,0,10.019,2020
elc,Night,57.16670000000,UK,W,0,43.34267522,2020
oil,Night,19.79440000000,UK,W,0,19.7944343,2020
hco,Night,16.74800000000,UK,W,0,19.7944343,2020
lfo,Night,16.74800000000,UK,W,0,19.7944343,2020
wood,Night,12.69270000000,UK,W,0,10.019,2020
hydrogen,Night,105.01680000000,UK,W,0,105.016835,2020
pellets,Night,15.27780000000,UK,W,0,20.58703511,2020
ser.cooling.high-consumption,Night,1.47480000000,UK,W,0,0,2020
ser.cooking,Night,3.51430000000,UK,W,0,0,2020
ser.computing,Night,28.31000000000,UK,W,0,0,2020
ser.space-heat.high-consumption,Night,6.20610000000,UK,W,0,0,2020
ser.space-heat.low-consumption,Night,1.97260000000,UK,W,0,0,2020
ser.lighting.office,Night,2.26830000000,UK,W,0,0,2020
ser.lighting.other,Night,3.10350000000,UK,W,0,0,2020
ser.other,Night,3.28840000000,UK,W,0,0,2020
ser.refrigeration,Night,8.66380000000,UK,W,0,0,2020
ser.hot-water.high-consumption,Night,2.00250000000,UK,W,0,0,2020
ser.hot-water.low-consumption,Night,1.58640000000,UK,W,0,0,2020
kerosene,Night,16.67410000000,UK,W,0,18.21616657,2020
res.cooking.other,Night,6.38730000000,UK,W,0,0,2020
res.cooking.hobs,Night,5.47830000000,UK,W,0,0,2020
res.cooking.ovens,Night,4.76060000000,UK,W,0,0,2020
res.consumer-electronics.tv,Night,13.14100000000,UK,W,0,0,2020
res.freezers,Night,6.82740000000,UK,W,0,0,2020
res.computers,Night,22.37590000000,UK,W,0,0,2020
res.refrigerators,Night,8.62670000000,UK,W,0,0,2020
res.lighting,Night,0.21430000000,UK,W,0,0,2020
res.other,Night,5.95490000000,UK,W,0,0,2020
res.wet.appliances,Night,20.12210000000,UK,W,0,0,2020
res.space-heat.existing-average,Night,3.96950000000,UK,W,0,0,2020
res.space-heat.new-average,Night,4.16840000000,UK,W,0,0,2020
res.hot-water.existing-average,Night,4.18320000000,UK,W,0,0,2020
res.hot-water.new-average,Night,4.16850000000,UK,W,0,0,2020
nga,Day,11.08330000000,UK,W,1,12.552,2020
bog,Day,12.69270000000,UK,W,1,10.019,2020
biomass,Day,12.69270000000,UK,W,1,10.019,2020
elc,Day,57.16670000000,UK,W,1,43.34267522,2020
oil,Day,19.79440000000,UK,W,1,19.7944343,2020
hco,Day,16.74800000000,UK,W,1,19.7944343,2020
lfo,Day,16.74800000000,UK,W,1,19.7944343,2020
wood,Day,12.69270000000,UK,W,1,10.019,2020
hydrogen,Day,105.01680000000,UK,W,1,105.016835,2020
pellets,Day,15.27780000000,UK,W,1,20.58703511,2020
ser.cooling.high-consumption,Day,2.10690000000,UK,W,1,0,2020
ser.cooking,Day,5.02040000000,UK,W,1,0,2020
ser.computing,Day,40.44280000000,UK,W,1,0,2020
ser.space-heat.high-consumption,Day,11.70760000000,UK,W,1,0,2020
ser.space-heat.low-consumption,Day,3.49890000000,UK,W,1,0,2020
ser.lighting.office,Day,3.24040000000,UK,W,1,0,2020
ser.lighting.other,Day,4.43360000000,UK,W,1,0,2020
ser.other,Day,4.69780000000,UK,W,1,0,2020
ser.refrigeration,Day,12.37690000000,UK,W,1,0,2020
ser.hot-water.high-consumption,Day,2.95440000000,UK,W,1,0,2020
ser.hot-water.low-consumption,Day,5.75550000000,UK,W,1,0,2020
kerosene,Day,16.67410000000,UK,W,1,18.21616657,2020
res.cooking.other,Day,9.12470000000,UK,W,1,0,2020
res.cooking.hobs,Day,7.82620000000,UK,W,1,0,2020
res.cooking.ovens,Day,6.80090000000,UK,W,1,0,2020
res.consumer-electronics.tv,Day,18.77280000000,UK,W,1,0,2020
res.freezers,Day,9.75350000000,UK,W,1,0,2020
res.computers,Day,31.96560000000,UK,W,1,0,2020
res.refrigerators,Day,12.32380000000,UK,W,1,0,2020
res.lighting,Day,0.30610000000,UK,W,1,0,2020
res.other,Day,8.50690000000,UK,W,1,0,2020
res.wet.appliances,Day,28.74580000000,UK,W,1,0,2020
res.space-heat.existing-average,Day,3.59120000000,UK,W,1,0,2020
res.space-heat.new-average,Day,5.95490000000,UK,W,1,0,2020
res.hot-water.existing-average,Day,6.09000000000,UK,W,1,0,2020
res.hot-water.new-average,Day,5.95490000000,UK,W,1,0,2020
nga,Peak,11.08330000000,UK,W,2,12.552,2020
bog,Peak,12.69270000000,UK,W,2,10.019,2020
biomass,Peak,12.69270000000,UK,W,2,10.019,2020
elc,Peak,57.16670000000,UK,W,2,43.34267522,2020
oil,Peak,19.79440000000,UK,W,2,19.7944343,2020
hco,Peak,16.74800000000,UK,W,2,19.7944343,2020
lfo,Peak,16.74800000000,UK,W,2,19.7944343,2020
wood,Peak,12.69270000000,UK,W,2,10.019,2020
hydrogen,Peak,105.01680000000,UK,W,2,105.016835,2020
pellets,Peak,15.27780000000,UK,W,2,20.58703511,2020
ser.cooling.high-consumption,Peak,0.63210000000,UK,W,2,0,2020
ser.computing,Peak,12.13280000000,UK,W,2,0,2020
ser.space-heat.high-consumption,Peak,2.00570000000,UK,W,2,0,2020
ser.space-heat.low-consumption,Peak,0.93480000000,UK,W,2,0,2020
ser.lighting.office,Peak,0.97210000000,UK,W,2,0,2020
ser.lighting.other,Peak,1.33010000000,UK,W,2,0,2020
ser.other,Peak,1.40930000000,UK,W,2,0,2020
ser.refrigeration,Peak,3.71310000000,UK,W,2,0,2020
ser.hot-water.high-consumption,Peak,0.84110000000,UK,W,2,0,2020
ser.hot-water.low-consumption,Peak,0.69400000000,UK,W,2,0,2020
kerosene,Peak,16.67410000000,UK,W,2,18.21616657,2020
res.cooking.other,Peak,2.73740000000,UK,W,2,0,2020
res.cooking.hobs,Peak,2.34780000000,UK,W,2,0,2020
res.cooking.ovens,Peak,2.04030000000,UK,W,2,0,2020
res.consumer-electronics.tv,Peak,5.63180000000,UK,W,2,0,2020
res.freezers,Peak,2.92600000000,UK,W,2,0,2020
res.computers,Peak,9.58970000000,UK,W,2,0,2020
res.refrigerators,Peak,3.69710000000,UK,W,2,0,2020
res.lighting,Peak,0.09180000000,UK,W,2,0,2020
res.other,Peak,2.55210000000,UK,W,2,0,2020
res.space-heat.existing-average,Peak,1.16790000000,UK,W,2,0,2020
res.space-heat.new-average,Peak,1.78650000000,UK,W,2,0,2020
res.hot-water.existing-average,Peak,1.79130000000,UK,W,2,0,2020
res.hot-water.new-average,Peak,1.78650000000,UK,W,2,0,2020
nga,Evening,11.08330000000,UK,W,3,12.552,2020
bog,Evening,12.69270000000,UK,W,3,10.019,2020
biomass,Evening,12.69270000000,UK,W,3,10.019,2020
elc,Evening,57.16670000000,UK,W,3,43.34267522,2020
oil,Evening,19.79440000000,UK,W,3,19.7944343,2020
hco,Evening,16.74800000000,UK,W,3,19.7944343,2020
lfo,Evening,16.74800000000,UK,W,3,19.7944343,2020
wood,Evening,12.69270000000,UK,W,3,10.019,2020
hydrogen,Evening,105.01680000000,UK,W,3,105.016835,2020
pellets,Evening,15.27780000000,UK,W,3,20.58703511,2020
ser.cooling.high-consumption,Evening,0.84270000000,UK,W,3,0,2020
ser.cooking,Evening,2.00820000000,UK,W,3,0,2020
ser.computing,Evening,16.17710000000,UK,W,3,0,2020
ser.space-heat.high-consumption,Evening,3.39240000000,UK,W,3,0,2020
ser.space-heat.low-consumption,Evening,1.19350000000,UK,W,3,0,2020
ser.lighting.office,Evening,1.29620000000,UK,W,3,0,2020
ser.lighting.other,Evening,1.77340000000,UK,W,3,0,2020
ser.other,Evening,1.87910000000,UK,W,3,0,2020
ser.refrigeration,Evening,4.95080000000,UK,W,3,0,2020
ser.hot-water.high-consumption,Evening,1.16280000000,UK,W,3,0,2020
ser.hot-water.low-consumption,Evening,0.83530000000,UK,W,3,0,2020
kerosene,Evening,16.67410000000,UK,W,3,18.21616657,2020
res.cooking.other,Evening,3.64990000000,UK,W,3,0,2020
res.cooking.hobs,Evening,3.13050000000,UK,W,3,0,2020
res.cooking.ovens,Evening,2.72040000000,UK,W,3,0,2020
res.consumer-electronics.tv,Evening,7.50910000000,UK,W,3,0,2020
res.freezers,Evening,3.90140000000,UK,W,3,0,2020
res.computers,Evening,12.78620000000,UK,W,3,0,2020
res.refrigerators,Evening,4.92950000000,UK,W,3,0,2020
res.lighting,Evening,0.12240000000,UK,W,3,0,2020
res.other,Evening,3.40280000000,UK,W,3,0,2020
res.wet.appliances,Evening,11.49830000000,UK,W,3,0,2020
res.space-heat.existing-average,Evening,2.00040000000,UK,W,3,0,2020
res.space-heat.new-average,Evening,2.38200000000,UK,W,3,0,2020
res.hot-water.existing-average,Evening,2.39210000000,UK,W,3,0,2020
res.hot-water.new-average,Evening,2.38200000000,UK,W,3,0,2020
nga,Night,11.08330000000,UK,P,4,12.552,2020
bog,Night,12.69270000000,UK,P,4,10.019,2020
biomass,Night,12.69270000000,UK,P,4,10.019,2020
elc,Night,57.16670000000,UK,P,4,43.34267522,2020
oil,Night,19.79440000000,UK,P,4,19.7944343,2020
hco,Night,16.74800000000,UK,P,4,19.7944343,2020
lfo,Night,16.74800000000,UK,P,4,19.7944343,2020
wood,Night,12.69270000000,UK,P,4,10.019,2020
hydrogen,Night,105.01680000000,UK,P,4,105.016835,2020
pellets,Night,15.27780000000,UK,P,4,20.58703511,2020
ser.cooling.high-consumption,Night,1.47480000000,UK,P,4,0,2020
ser.cooking,Night,3.51430000000,UK,P,4,0,2020
ser.computing,Night,28.31000000000,UK,P,4,0,2020
ser.space-heat.high-consumption,Night,5.79650000000,UK,P,4,0,2020
ser.space-heat.low-consumption,Night,1.90520000000,UK,P,4,0,2020
ser.lighting.office,Night,2.26830000000,UK,P,4,0,2020
ser.lighting.other,Night,3.10350000000,UK,P,4,0,2020
ser.other,Night,3.28840000000,UK,P,4,0,2020
ser.refrigeration,Night,8.66380000000,UK,P,4,0,2020
ser.hot-water.high-consumption,Night,2.00630000000,UK,P,4,0,2020
ser.hot-water.low-consumption,Night,1.58400000000,UK,P,4,0,2020
kerosene,Night,16.67410000000,UK,P,4,18.21616657,2020
res.cooking.other,Night,6.38730000000,UK,P,4,0,2020
res.cooking.hobs,Night,5.47830000000,UK,P,4,0,2020
res.cooking.ovens,Night,4.76060000000,UK,P,4,0,2020
res.consumer-electronics.tv,Night,13.14100000000,UK,P,4,0,2020
res.freezers,Night,6.82740000000,UK,P,4,0,2020
res.computers,Night,22.37590000000,UK,P,4,0,2020
res.refrigerators,Night,8.62670000000,UK,P,4,0,2020
res.lighting,Night,0.21430000000,UK,P,4,0,2020
res.other,Night,5.95490000000,UK,P,4,0,2020
res.wet.appliances,Night,20.12210000000,UK,P,4,0,2020
res.space-heat.existing-average,Night,4.19000000000,UK,P,4,0,2020
res.space-heat.new-average,Night,4.16840000000,UK,P,4,0,2020
res.hot-water.existing-average,Night,4.18310000000,UK,P,4,0,2020
res.hot-water.new-average,Night,4.16850000000,UK,P,4,0,2020
nga,Day,11.08330000000,UK,P,5,12.552,2020
bog,Day,12.69270000000,UK,P,5,10.019,2020
biomass,Day,12.69270000000,UK,P,5,10.019,2020
elc,Day,57.16670000000,UK,P,5,43.34267522,2020
oil,Day,19.79440000000,UK,P,5,19.7944343,2020
hco,Day,16.74800000000,UK,P,5,19.7944343,2020
lfo,Day,16.74800000000,UK,P,5,19.7944343,2020
wood,Day,12.69270000000,UK,P,5,10.019,2020
hydrogen,Day,105.01680000000,UK,P,5,105.016835,2020
pellets,Day,15.27780000000,UK,P,5,20.58703511,2020
ser.cooling.high-consumption,Day,2.10690000000,UK,P,5,0,2020
ser.cooking,Day,5.02040000000,UK,P,5,0,2020
ser.computing,Day,40.44280000000,UK,P,5,0,2020
ser.space-heat.high-consumption,Day,13.58750000000,UK,P,5,0,2020
ser.space-heat.low-consumption,Day,3.37610000000,UK,P,5,0,2020
ser.lighting.office,Day,3.24040000000,UK,P,5,0,2020
ser.lighting.other,Day,4.43360000000,UK,P,5,0,2020
ser.other,Day,4.69780000000,UK,P,5,0,2020
ser.refrigeration,Day,12.37690000000,UK,P,5,0,2020
ser.hot-water.high-consumption,Day,2.97520000000,UK,P,5,0,2020
ser.hot-water.low-consumption,Day,5.72650000000,UK,P,5,0,2020
kerosene,Day,16.67410000000,UK,P,5,18.21616657,2020
res.cooking.other,Day,9.12470000000,UK,P,5,0,2020
res.cooking.hobs,Day,7.82620000000,UK,P,5,0,2020
res.cooking.ovens,Day,6.80090000000,UK,P,5,0,2020
res.consumer-electronics.tv,Day,18.77280000000,UK,P,5,0,2020
res.freezers,Day,9.75350000000,UK,P,5,0,2020
res.computers,Day,31.96560000000,UK,P,5,0,2020
res.refrigerators,Day,12.32380000000,UK,P,5,0,2020
res.lighting,Day,0.30610000000,UK,P,5,0,2020
res.other,Day,8.50690000000,UK,P,5,0,2020
res.wet.appliances,Day,28.74580000000,UK,P,5,0,2020
res.space-heat.existing-average,Day,4.57200000000,UK,P,5,0,2020
res.space-heat.new-average,Day,5.95490000000,UK,P,5,0,2020
res.hot-water.existing-average,Day,6.08770000000,UK,P,5,0,2020
res.hot-water.new-average,Day,5.95490000000,UK,P,5,0,2020
nga,Peak,11.08330000000,UK,P,6,12.552,2020
bog,Peak,12.69270000000,UK,P,6,10.019,2020
biomass,Peak,12.69270000000,UK,P,6,10.019,2020
elc,Peak,57.16670000000,UK,P,6,43.34267522,2020
oil,Peak,19.79440000000,UK,P,6,19.7944343,2020
hco,Peak,16.74800000000,UK,P,6,19.7944343,2020
lfo,Peak,16.74800000000,UK,P,6,19.7944343,2020
wood,Peak,12.69270000000,UK,P,6,10.019,2020
hydrogen,Peak,105.01680000000,UK,P,6,105.016835,2020
pellets,Peak,15.27780000000,UK,P,6,20.58703511,2020
ser.cooling.high-consumption,Peak,0.63210000000,UK,P,6,0,2020
ser.computing,Peak,12.13280000000,UK,P,6,0,2020
ser.space-heat.high-consumption,Peak,2.45950000000,UK,P,6,0,2020
ser.space-heat.low-consumption,Peak,0.88260000000,UK,P,6,0,2020
ser.lighting.office,Peak,0.97210000000,UK,P,6,0,2020
ser.lighting.other,Peak,1.33010000000,UK,P,6,0,2020
ser.other,Peak,1.40930000000,UK,P,6,0,2020
ser.refrigeration,Peak,3.71310000000,UK,P,6,0,2020
ser.hot-water.high-consumption,Peak,0.84220000000,UK,P,6,0,2020
ser.hot-water.low-consumption,Peak,0.69400000000,UK,P,6,0,2020
kerosene,Peak,16.67410000000,UK,P,6,18.21616657,2020
res.cooking.other,Peak,2.73740000000,UK,P,6,0,2020
res.cooking.hobs,Peak,2.34780000000,UK,P,6,0,2020
res.cooking.ovens,Peak,2.04030000000,UK,P,6,0,2020
res.consumer-electronics.tv,Peak,5.63180000000,UK,P,6,0,2020
res.freezers,Peak,2.92600000000,UK,P,6,0,2020
res.computers,Peak,9.58970000000,UK,P,6,0,2020
res.refrigerators,Peak,3.69710000000,UK,P,6,0,2020
res.lighting,Peak,0.09180000000,UK,P,6,0,2020
res.other,Peak,2.55210000000,UK,P,6,0,2020
res.space-heat.existing-average,Peak,1.41670000000,UK,P,6,0,2020
res.space-heat.new-average,Peak,1.78650000000,UK,P,6,0,2020
res.hot-water.existing-average,Peak,1.79130000000,UK,P,6,0,2020
res.hot-water.new-average,Peak,1.78650000000,UK,P,6,0,2020
nga,Evening,11.08330000000,UK,P,7,12.552,2020
bog,Evening,12.69270000000,UK,P,7,10.019,2020
biomass,Evening,12.69270000000,UK,P,7,10.019,2020
elc,Evening,57.16670000000,UK,P,7,43.34267522,2020
oil,Evening,19.79440000000,UK,P,7,19.7944343,2020
hco,Evening,16.74800000000,UK,P,7,19.7944343,2020
lfo,Evening,16.74800000000,UK,P,7,19.7944343,2020
wood,Evening,12.69270000000,UK,P,7,10.019,2020
hydrogen,Evening,105.01680000000,UK,P,7,105.016835,2020
pellets,Evening,15.27780000000,UK,P,7,20.58703511,2020
ser.cooling.high-consumption,Evening,0.84270000000,UK,P,7,0,2020
ser.cooking,Evening,2.00820000000,UK,P,7,0,2020
ser.computing,Evening,16.17710000000,UK,P,7,0,2020
ser.space-heat.high-consumption,Evening,3.29850000000,UK,P,7,0,2020
ser.space-heat.low-consumption,Evening,1.12410000000,UK,P,7,0,2020
ser.lighting.office,Evening,1.29620000000,UK,P,7,0,2020
ser.lighting.other,Evening,1.77340000000,UK,P,7,0,2020
ser.other,Evening,1.87910000000,UK,P,7,0,2020
ser.refrigeration,Evening,4.95080000000,UK,P,7,0,2020
ser.hot-water.high-consumption,Evening,1.16570000000,UK,P,7,0,2020
ser.hot-water.low-consumption,Evening,0.83530000000,UK,P,7,0,2020
kerosene,Evening,16.67410000000,UK,P,7,18.21616657,2020
res.cooking.other,Evening,3.64990000000,UK,P,7,0,2020
res.cooking.hobs,Evening,3.13050000000,UK,P,7,0,2020
res.cooking.ovens,Evening,2.72040000000,UK,P,7,0,2020
res.consumer-electronics.tv,Evening,7.50910000000,UK,P,7,0,2020
res.freezers,Evening,3.90140000000,UK,P,7,0,2020
res.computers,Evening,12.78620000000,UK,P,7,0,2020
res.refrigerators,Evening,4.92950000000,UK,P,7,0,2020
res.lighting,Evening,0.12240000000,UK,P,7,0,2020
res.other,Evening,3.40280000000,UK,P,7,0,2020
res.wet.appliances,Evening,11.49830000000,UK,P,7,0,2020
res.space-heat.existing-average,Evening,2.30960000000,UK,P,7,0,2020
res.space-heat.new-average,Evening,2.38200000000,UK,P,7,0,2020
res.hot-water.existing-average,Evening,2.39210000000,UK,P,7,0,2020
res.hot-water.new-average,Evening,2.38200000000,UK,P,7,0,2020
nga,Night,11.08330000000,UK,S,8,12.552,2020
bog,Night,12.69270000000,UK,S,8,10.019,2020
biomass,Night,12.69270000000,UK,S,8,10.019,2020
elc,Night,57.16670000000,UK,S,8,43.34267522,2020
oil,Night,19.79440000000,UK,S,8,19.7944343,2020
hco,Night,16.74800000000,UK,S,8,19.7944343,2020
lfo,Night,16.74800000000,UK,S,8,19.7944343,2020
wood,Night,12.69270000000,UK,S,8,10.019,2020
hydrogen,Night,105.01680000000,UK,S,8,105.016835,2020
pellets,Night,15.27780000000,UK,S,8,20.58703511,2020
ser.cooling.high-consumption,Night,1.47480000000,UK,S,8,0,2020
ser.cooking,Night,3.51430000000,UK,S,8,0,2020
ser.computing,Night,28.31000000000,UK,S,8,0,2020
ser.space-heat.high-consumption,Night,21.33690000000,UK,S,8,0,2020
ser.space-heat.low-consumption,Night,3.08180000000,UK,S,8,0,2020
ser.lighting.office,Night,2.26830000000,UK,S,8,0,2020
ser.lighting.other,Night,3.10350000000,UK,S,8,0,2020
ser.other,Night,3.28840000000,UK,S,8,0,2020
ser.refrigeration,Night,8.66380000000,UK,S,8,0,2020
ser.hot-water.high-consumption,Night,2.03240000000,UK,S,8,0,2020
ser.hot-water.low-consumption,Night,1.60660000000,UK,S,8,0,2020
kerosene,Night,16.67410000000,UK,S,8,18.21616657,2020
res.cooking.other,Night,6.38730000000,UK,S,8,0,2020
res.cooking.hobs,Night,5.47830000000,UK,S,8,0,2020
res.cooking.ovens,Night,4.76060000000,UK,S,8,0,2020
res.consumer-electronics.tv,Night,13.14100000000,UK,S,8,0,2020
res.freezers,Night,6.82740000000,UK,S,8,0,2020
res.computers,Night,22.37590000000,UK,S,8,0,2020
res.refrigerators,Night,8.62670000000,UK,S,8,0,2020
res.lighting,Night,0.21430000000,UK,S,8,0,2020
res.other,Night,5.95490000000,UK,S,8,0,2020
res.wet.appliances,Night,20.12210000000,UK,S,8,0,2020
res.space-heat.existing-average,Night,5.30300000000,UK,S,8,0,2020
res.space-heat.new-average,Night,4.16840000000,UK,S,8,0,2020
res.hot-water.existing-average,Night,4.18530000000,UK,S,8,0,2020
res.hot-water.new-average,Night,4.16850000000,UK,S,8,0,2020
nga,Day,11.08330000000,UK,S,9,12.552,2020
bog,Day,12.69270000000,UK,S,9,10.019,2020
biomass,Day,12.69270000000,UK,S,9,10.019,2020
elc,Day,57.16670000000,UK,S,9,43.34267522,2020
oil,Day,19.79440000000,UK,S,9,19.7944343,2020
hco,Day,16.74800000000,UK,S,9,19.7944343,2020
lfo,Day,16.74800000000,UK,S,9,19.7944343,2020
wood,Day,12.69270000000,UK,S,9,10.019,2020
hydrogen,Day,105.01680000000,UK,S,9,105.016835,2020
pellets,Day,15.27780000000,UK,S,9,20.58703511,2020
ser.cooling.high-consumption,Day,2.10690000000,UK,S,9,0,2020
ser.cooking,Day,5.02040000000,UK,S,9,0,2020
ser.computing,Day,40.44280000000,UK,S,9,0,2020
ser.space-heat.high-consumption,Day,12.62670000000,UK,S,9,0,2020
ser.space-heat.low-consumption,Day,6.37640000000,UK,S,9,0,2020
ser.lighting.office,Day,3.24040000000,UK,S,9,0,2020
ser.lighting.other,Day,4.43360000000,UK,S,9,0,2020
ser.other,Day,4.69780000000,UK,S,9,0,2020
ser.refrigeration,Day,12.37690000000,UK,S,9,0,2020
ser.hot-water.high-consumption,Day,3.14030000000,UK,S,9,0,2020
ser.hot-water.low-consumption,Day,5.88960000000,UK,S,9,0,2020
kerosene,Day,16.67410000000,UK,S,9,18.21616657,2020
res.cooking.other,Day,9.12470000000,UK,S,9,0,2020
res.cooking.hobs,Day,7.82620000000,UK,S,9,0,2020
res.cooking.ovens,Day,6.80090000000,UK,S,9,0,2020
res.consumer-electronics.tv,Day,18.77280000000,UK,S,9,0,2020
res.freezers,Day,9.75350000000,UK,S,9,0,2020
res.computers,Day,31.96560000000,UK,S,9,0,2020
res.refrigerators,Day,12.32380000000,UK,S,9,0,2020
res.lighting,Day,0.30610000000,UK,S,9,0,2020
res.other,Day,8.50690000000,UK,S,9,0,2020
res.wet.appliances,Day,28.74580000000,UK,S,9,0,2020
res.space-heat.existing-average,Day,8.30800000000,UK,S,9,0,2020
res.space-heat.new-average,Day,5.95490000000,UK,S,9,0,2020
res.hot-water.existing-average,Day,6.11910000000,UK,S,9,0,2020
res.hot-water.new-average,Day,5.95490000000,UK,S,9,0,2020
nga,Peak,11.08330000000,UK,S,10,12.552,2020
bog,Peak,12.69270000000,UK,S,10,10.019,2020
biomass,Peak,12.69270000000,UK,S,10,10.019,2020
elc,Peak,57.16670000000,UK,S,10,43.34267522,2020
oil,Peak,19.79440000000,UK,S,10,19.7944343,2020
hco,Peak,16.74800000000,UK,S,10,19.7944343,2020
lfo,Peak,16.74800000000,UK,S,10,19.7944343,2020
wood,Peak,12.69270000000,UK,S,10,10.019,2020
hydrogen,Peak,105.01680000000,UK,S,10,105.016835,2020
pellets,Peak,15.27780000000,UK,S,10,20.58703511,2020
ser.cooling.high-consumption,Peak,0.63210000000,UK,S,10,0,2020
ser.computing,Peak,12.13280000000,UK,S,10,0,2020
ser.space-heat.high-consumption,Peak,8.84590000000,UK,S,10,0,2020
ser.space-heat.low-consumption,Peak,1.10980000000,UK,S,10,0,2020
ser.lighting.office,Peak,0.97210000000,UK,S,10,0,2020
ser.lighting.other,Peak,1.33010000000,UK,S,10,0,2020
ser.other,Peak,1.40930000000,UK,S,10,0,2020
ser.refrigeration,Peak,3.71310000000,UK,S,10,0,2020
ser.hot-water.high-consumption,Peak,0.85740000000,UK,S,10,0,2020
ser.hot-water.low-consumption,Peak,0.69040000000,UK,S,10,0,2020
kerosene,Peak,16.67410000000,UK,S,10,18.21616657,2020
res.cooking.other,Peak,2.73740000000,UK,S,10,0,2020
res.cooking.hobs,Peak,2.34780000000,UK,S,10,0,2020
res.cooking.ovens,Peak,2.04030000000,UK,S,10,0,2020
res.consumer-electronics.tv,Peak,5.63180000000,UK,S,10,0,2020
res.freezers,Peak,2.92600000000,UK,S,10,0,2020
res.computers,Peak,9.58970000000,UK,S,10,0,2020
res.refrigerators,Peak,3.69710000000,UK,S,10,0,2020
res.lighting,Peak,0.09180000000,UK,S,10,0,2020
res.other,Peak,2.55210000000,UK,S,10,0,2020
res.space-heat.existing-average,Peak,1.90980000000,UK,S,10,0,2020
res.space-heat.new-average,Peak,1.78650000000,UK,S,10,0,2020
res.hot-water.existing-average,Peak,1.79130000000,UK,S,10,0,2020
res.hot-water.new-average,Peak,1.78650000000,UK,S,10,0,2020
nga,Evening,11.08330000000,UK,S,11,12.552,2020
bog,Evening,12.69270000000,UK,S,11,10.019,2020
biomass,Evening,12.69270000000,UK,S,11,10.019,2020
elc,Evening,57.16670000000,UK,S,11,43.34267522,2020
oil,Evening,19.79440000000,UK,S,11,19.7944343,2020
hco,Evening,16.74800000000,UK,S,11,19.7944343,2020
lfo,Evening,16.74800000000,UK,S,11,19.7944343,2020
wood,Evening,12.69270000000,UK,S,11,10.019,2020
hydrogen,Evening,105.01680000000,UK,S,11,105.016835,2020
pellets,Evening,15.27780000000,UK,S,11,20.58703511,2020
ser.cooling.high-consumption,Evening,0.84270000000,UK,S,11,0,2020
ser.cooking,Evening,2.00820000000,UK,S,11,0,2020
ser.computing,Evening,16.17710000000,UK,S,11,0,2020
ser.space-heat.low-consumption,Evening,2.01740000000,UK,S,11,0,2020
ser.lighting.office,Evening,1.29620000000,UK,S,11,0,2020
ser.lighting.other,Evening,1.77340000000,UK,S,11,0,2020
ser.other,Evening,1.87910000000,UK,S,11,0,2020
ser.refrigeration,Evening,4.95080000000,UK,S,11,0,2020
ser.hot-water.high-consumption,Evening,1.19430000000,UK,S,11,0,2020
ser.hot-water.low-consumption,Evening,0.82580000000,UK,S,11,0,2020
kerosene,Evening,16.67410000000,UK,S,11,18.21616657,2020
res.cooking.other,Evening,3.64990000000,UK,S,11,0,2020
res.cooking.hobs,Evening,3.13050000000,UK,S,11,0,2020
res.cooking.ovens,Evening,2.72040000000,UK,S,11,0,2020
res.consumer-electronics.tv,Evening,7.50910000000,UK,S,11,0,2020
res.freezers,Evening,3.90140000000,UK,S,11,0,2020
res.computers,Evening,12.78620000000,UK,S,11,0,2020
res.refrigerators,Evening,4.92950000000,UK,S,11,0,2020
res.lighting,Evening,0.12240000000,UK,S,11,0,2020
res.other,Evening,3.40280000000,UK,S,11,0,2020
res.wet.appliances,Evening,11.49830000000,UK,S,11,0,2020
res.space-heat.existing-average,Evening,4.04030000000,UK,S,11,0,2020
res.space-heat.new-average,Evening,2.38200000000,UK,S,11,0,2020
res.hot-water.existing-average,Evening,2.39300000000,UK,S,11,0,2020
res.hot-water.new-average,Evening,2.38200000000,UK,S,11,0,2020
nga,Night,11.08330000000,UK,A,12,12.552,2020
bog,Night,12.69270000000,UK,A,12,10.019,2020
biomass,Night,12.69270000000,UK,A,12,10.019,2020
elc,Night,57.16670000000,UK,A,12,43.34267522,2020
oil,Night,19.79440000000,UK,A,12,19.7944343,2020
hco,Night,16.74800000000,UK,A,12,19.7944343,2020
lfo,Night,16.74800000000,UK,A,12,19.7944343,2020
wood,Night,12.69270000000,UK,A,12,10.019,2020
hydrogen,Night,105.01680000000,UK,A,12,105.016835,2020
pellets,Night,15.27780000000,UK,A,12,20.58703511,2020
ser.cooling.high-consumption,Night,1.47480000000,UK,A,12,0,2020
ser.cooking,Night,3.51430000000,UK,A,12,0,2020
ser.computing,Night,28.31000000000,UK,A,12,0,2020
ser.space-heat.high-consumption,Night,4.05280000000,UK,A,12,0,2020
ser.space-heat.low-consumption,Night,1.83490000000,UK,A,12,0,2020
ser.lighting.office,Night,2.26830000000,UK,A,12,0,2020
ser.lighting.other,Night,3.10350000000,UK,A,12,0,2020
ser.other,Night,3.28840000000,UK,A,12,0,2020
ser.refrigeration,Night,8.66380000000,UK,A,12,0,2020
ser.hot-water.high-consumption,Night,2.00920000000,UK,A,12,0,2020
ser.hot-water.low-consumption,Night,1.58020000000,UK,A,12,0,2020
kerosene,Night,16.67410000000,UK,A,12,18.21616657,2020
res.cooking.other,Night,6.38730000000,UK,A,12,0,2020
res.cooking.hobs,Night,5.47830000000,UK,A,12,0,2020
res.cooking.ovens,Night,4.76060000000,UK,A,12,0,2020
res.consumer-electronics.tv,Night,13.14100000000,UK,A,12,0,2020
res.freezers,Night,6.82740000000,UK,A,12,0,2020
res.computers,Night,22.37590000000,UK,A,12,0,2020
res.refrigerators,Night,8.62670000000,UK,A,12,0,2020
res.lighting,Night,0.21430000000,UK,A,12,0,2020
res.other,Night,5.95490000000,UK,A,12,0,2020
res.wet.appliances,Night,20.12210000000,UK,A,12,0,2020
res.space-heat.existing-average,Night,4.33090000000,UK,A,12,0,2020
res.space-heat.new-average,Night,4.16840000000,UK,A,12,0,2020
res.hot-water.existing-average,Night,4.18310000000,UK,A,12,0,2020
res.hot-water.new-average,Night,4.16850000000,UK,A,12,0,2020
nga,Day,11.08330000000,UK,A,13,12.552,2020
bog,Day,12.69270000000,UK,A,13,10.019,2020
biomass,Day,12.69270000000,UK,A,13,10.019,2020
elc,Day,57.16670000000,UK,A,13,43.34267522,2020
oil,Day,19.79440000000,UK,A,13,19.7944343,2020
hco,Day,16.74800000000,UK,A,13,19.7944343,2020
lfo,Day,16.74800000000,UK,A,13,19.7944343,2020
wood,Day,12.69270000000,UK,A,13,10.019,2020
hydrogen,Day,105.01680000000,UK,A,13,105.016835,2020
pellets,Day,15.27780000000,UK,A,13,20.58703511,2020
ser.cooling.high-consumption,Day,2.10690000000,UK,A,13,0,2020
ser.cooking,Day,5.02040000000,UK,A,13,0,2020
ser.computing,Day,40.44280000000,UK,A,13,0,2020
ser.space-heat.high-consumption,Day,10.84530000000,UK,A,13,0,2020
ser.space-heat.low-consumption,Day,3.08070000000,UK,A,13,0,2020
ser.lighting.office,Day,3.24040000000,UK,A,13,0,2020
ser.lighting.other,Day,4.43360000000,UK,A,13,0,2020
ser.other,Day,4.69780000000,UK,A,13,0,2020
ser.refrigeration,Day,12.37690000000,UK,A,13,0,2020
ser.hot-water.high-consumption,Day,2.98230000000,UK,A,13,0,2020
ser.hot-water.low-consumption,Day,5.72530000000,UK,A,13,0,2020
kerosene,Day,16.67410000000,UK,A,13,18.21616657,2020
res.cooking.other,Day,9.12470000000,UK,A,13,0,2020
res.cooking.hobs,Day,7.82620000000,UK,A,13,0,2020
res.cooking.ovens,Day,6.80090000000,UK,A,13,0,2020
res.consumer-electronics.tv,Day,18.77280000000,UK,A,13,0,2020
res.freezers,Day,9.75350000000,UK,A,13,0,2020
res.computers,Day,31.96560000000,UK,A,13,0,2020
res.refrigerators,Day,12.32380000000,UK,A,13,0,2020
res.lighting,Day,0.30610000000,UK,A,13,0,2020
res.other,Day,8.50690000000,UK,A,13,0,2020
res.wet.appliances,Day,28.74580000000,UK,A,13,0,2020
res.space-heat.existing-average,Day,5.27400000000,UK,A,13,0,2020
res.space-heat.new-average,Day,5.95490000000,UK,A,13,0,2020
res.hot-water.existing-average,Day,6.08660000000,UK,A,13,0,2020
res.hot-water.new-average,Day,5.95490000000,UK,A,13,0,2020
nga,Peak,11.08330000000,UK,A,14,12.552,2020
bog,Peak,12.69270000000,UK,A,14,10.019,2020
biomass,Peak,12.69270000000,UK,A,14,10.019,2020
elc,Peak,57.16670000000,UK,A,14,43.34267522,2020
oil,Peak,19.79440000000,UK,A,14,19.7944343,2020
hco,Peak,16.74800000000,UK,A,14,19.7944343,2020
lfo,Peak,16.74800000000,UK,A,14,19.7944343,2020
wood,Peak,12.69270000000,UK,A,14,10.019,2020
hydrogen,Peak,105.01680000000,UK,A,14,105.016835,2020
pellets,Peak,15.27780000000,UK,A,14,20.58703511,2020
ser.cooling.high-consumption,Peak,0.63210000000,UK,A,14,0,2020
ser.computing,Peak,12.13280000000,UK,A,14,0,2020
ser.space-heat.high-consumption,Peak,1.85020000000,UK,A,14,0,2020
ser.space-heat.low-consumption,Peak,0.84070000000,UK,A,14,0,2020
ser.lighting.office,Peak,0.97210000000,UK,A,14,0,2020
ser.lighting.other,Peak,1.33010000000,UK,A,14,0,2020
ser.other,Peak,1.40930000000,UK,A,14,0,2020
ser.refrigeration,Peak,3.71310000000,UK,A,14,0,2020
ser.hot-water.high-consumption,Peak,0.84480000000,UK,A,14,0,2020
ser.hot-water.low-consumption,Peak,0.69400000000,UK,A,14,0,2020
kerosene,Peak,16.67410000000,UK,A,14,18.21616657,2020
res.cooking.other,Peak,2.73740000000,UK,A,14,0,2020
res.cooking.hobs,Peak,2.34780000000,UK,A,14,0,2020
res.cooking.ovens,Peak,2.04030000000,UK,A,14,0,2020
res.consumer-electronics.tv,Peak,5.63180000000,UK,A,14,0,2020
res.freezers,Peak,2.92600000000,UK,A,14,0,2020
res.computers,Peak,9.58970000000,UK,A,14,0,2020
res.refrigerators,Peak,3.69710000000,UK,A,14,0,2020
res.lighting,Peak,0.09180000000,UK,A,14,0,2020
res.other,Peak,2.55210000000,UK,A,14,0,2020
res.space-heat.existing-average,Peak,1.57750000000,UK,A,14,0,2020
res.space-heat.new-average,Peak,1.78650000000,UK,A,14,0,2020
res.hot-water.existing-average,Peak,1.79130000000,UK,A,14,0,2020
res.hot-water.new-average,Peak,1.78650000000,UK,A,14,0,2020
nga,Evening,11.08330000000,UK,A,15,12.552,2020
bog,Evening,12.69270000000,UK,A,15,10.019,2020
biomass,Evening,12.69270000000,UK,A,15,10.019,2020
elc,Evening,57.16670000000,UK,A,15,43.34267522,2020
oil,Evening,19.79440000000,UK,A,15,19.7944343,2020
hco,Evening,16.74800000000,UK,A,15,19.7944343,2020
lfo,Evening,16.74800000000,UK,A,15,19.7944343,2020
wood,Evening,12.69270000000,UK,A,15,10.019,2020
hydrogen,Evening,105.01680000000,UK,A,15,105.016835,2020
pellets,Evening,15.27780000000,UK,A,15,20.58703511,2020
ser.cooling.high-consumption,Evening,0.84270000000,UK,A,15,0,2020
ser.cooking,Evening,2.00820000000,UK,A,15,0,2020
ser.computing,Evening,16.17710000000,UK,A,15,0,2020
ser.space-heat.high-consumption,Evening,2.27080000000,UK,A,15,0,2020
ser.space-heat.low-consumption,Evening,1.06760000000,UK,A,15,0,2020
ser.lighting.office,Evening,1.29620000000,UK,A,15,0,2020
ser.lighting.other,Evening,1.77340000000,UK,A,15,0,2020
ser.other,Evening,1.87910000000,UK,A,15,0,2020
ser.refrigeration,Evening,4.95080000000,UK,A,15,0,2020
ser.hot-water.high-consumption,Evening,1.16730000000,UK,A,15,0,2020
ser.hot-water.low-consumption,Evening,0.83320000000,UK,A,15,0,2020
kerosene,Evening,16.67410000000,UK,A,15,18.21616657,2020
res.cooking.other,Evening,3.64990000000,UK,A,15,0,2020
res.cooking.hobs,Evening,3.13050000000,UK,A,15,0,2020
res.cooking.ovens,Evening,2.72040000000,UK,A,15,0,2020
res.consumer-electronics.tv,Evening,7.50910000000,UK,A,15,0,2020
res.freezers,Evening,3.90140000000,UK,A,15,0,2020
res.computers,Evening,12.78620000000,UK,A,15,0,2020
res.refrigerators,Evening,4.92950000000,UK,A,15,0,2020
res.lighting,Evening,0.12240000000,UK,A,15,0,2020
res.other,Evening,3.40280000000,UK,A,15,0,2020
res.wet.appliances,Evening,11.49830000000,UK,A,15,0,2020
res.space-heat.existing-average,Evening,2.42970000000,UK,A,15,0,2020
res.space-heat.new-average,Evening,2.38200000000,UK,A,15,0,2020
res.hot-water.existing-average,Evening,2.39210000000,UK,A,15,0,2020
res.hot-water.new-average,Evening,2.38200000000,UK,A,15,0,2020
