ProcessName,RegionName,Unit,2010,2015,2020,2025,2030,2035,2040,2045,2050
SCHDAIR00 [SER.COOLTH.HIGH-CONSUMPTION: .00.AIR.DELIVERY.],UK,PJ/y,430.569580972826,369.0596408338509,307.5497006948757,246.03976055590053,215.284790486413,153.77485034743785,123.01988027795028,92.26491020846272,61.50994013897508
SCHP-CCG00 [SER.CHP: .00.COMBINED-CYCLE.NGA.],UK,PJ/y,1.37052112346269,1.0659608738043145,0.7614006241459389,0.4568403744875633,0.3045602496583757,0.0,0.0,0.0,0.0
SCHP-GES00 [SER.CHP: .00.GAS-ENGINE.BOG.],UK,PJ/y,0.33800162928082,0.2253344195205466,0.1126672097602733,0.0,0.0,0.0,0.0,0.0,0.0
SCHP-STW00 [SER.CHP: .00.STEAM-TURBINE.BIOMASS.],UK,PJ/y,0.435776931942132,0.3389376137327693,0.2420982955234066,0.145258977314044,0.0968393182093627,0.0,0.0,0.0,0.0
SCKELC000 [SER.COOKING: .00.ELC.],UK,PJ/y,43.2174789116613,25.93048734699678,8.64349578233226,0.0,0.0,0.0,0.0,0.0,0.0
SCKNGA000 [SER.COOKING: .00.NGA.],UK,PJ/y,48.6456777721722,29.18740666330332,9.729135554434444,0.0,0.0,0.0,0.0,0.0,0.0
SCKOTH000 [SER.COOKING: .00.OIL.HEAT.],UK,PJ/y,6.03144717559711,3.618868305358266,1.2062894351194222,0.0,0.0,0.0,0.0,0.0,0.0
SCPECOMP00 [SER.COMPUTERS: .00.],UK,PJ/y,19.8997361675894,0.0,0.0,0.0,0.0,0.0,0.0,0.0,0.0
SHHA-CAE00 [SER.HEAT.HIGH-CONSUMPTION: .00.ELC.AIR-CONDITIONER.HFC.AIR.],UK,PJ/y,1608.65135336701,1149.0366809764355,689.4220085858614,229.807336195287,0.0,0.0,0.0,0.0,0.0
SHHBLRRC00 [SER.HEAT.HIGH-CONSUMPTION: .00.HCO.BOILER.STD.RADIATOR.],UK,PJ/y,2.25964535621425,1.614032397295893,0.9684194383775356,0.3228064794591785,0.0,0.0,0.0,0.0,0.0
SHHBLRRE00 [SER.HEAT.HIGH-CONSUMPTION: .00.ELC.BOILER.STD.RADIATOR.],UK,PJ/y,24.1460100016665,17.247150001190356,10.348290000714217,3.4494300002380704,0.0,0.0,0.0,0.0,0.0
SHHBLRRG00 [SER.HEAT.HIGH-CONSUMPTION: .00.NGA.BOILER.STD.RADIATOR.],UK,PJ/y,605.869504440015,432.76393174286784,259.6583590457207,86.55278634857359,0.0,0.0,0.0,0.0,0.0
SHHBLRRO00 [SER.HEAT.HIGH-CONSUMPTION: .00.LFO.BOILER.STD.RADIATOR.],UK,PJ/y,80.6604720349145,57.61462288208179,34.568773729249074,11.522924576416358,0.0,0.0,0.0,0.0,0.0
SHHBLRRW00 [SER.HEAT.HIGH-CONSUMPTION: .00.WOD.BOILER.STD.RADIATOR.],UK,PJ/y,10.1886791892567,7.277627992326214,4.366576795395728,1.455525598465243,0.0,0.0,0.0,0.0,0.0
SHHDAIR00 [SER.HEAT.HIGH-CONSUMPTION: .00.AIR.DELIVERY.],UK,PJ/y,111.898066684572,95.912628586776,79.92719048898,63.941752391184,55.949033342286,39.96359524449001,31.970876195592,23.978157146694,15.985438097795992
SHHDRAD00 [SER.HEAT.HIGH-CONSUMPTION: .00.HTP.RADIATOR.],UK,PJ/y,740.430264951204,634.6545128153177,528.8787606794315,423.1030085435451,370.215132475602,264.43938033971574,211.5515042717726,158.66362820382938,105.77575213588624
SHHVACAE00 [SER.HEAT.HIGH-CONSUMPTION: .00.ELC.HVAC.HFC.AIR.],UK,PJ/y,167.962063793999,119.97290270999927,71.98374162599957,23.99458054199985,0.0,0.0,0.0,0.0,0.0
SHLAHPRE00 [SER.HEAT.LOW-CONSUMPTION: .00.ELC.HEAT PUMP.AIR.RADIATOR.],UK,PJ/y,0.731154357006233,0.5222531121473093,0.3133518672883855,0.1044506224294619,0.0,0.0,0.0,0.0,0.0
SHLBLCRG00 [SER.HEAT.LOW-CONSUMPTION: .00.NGA.BOILER.CON.RADIATOR.],UK,PJ/y,108.526151013061,72.35076734204065,36.17538367102033,0.0,0.0,0.0,0.0,0.0,0.0
SHLBLCRO00 [SER.HEAT.LOW-CONSUMPTION: .00.OIL.BOILER.CON.RADIATOR.],UK,PJ/y,7.93351043449804,5.289006956332027,2.6445034781660137,0.0,0.0,0.0,0.0,0.0,0.0
SHLBLRRC00 [SER.HEAT.LOW-CONSUMPTION: .00.HCO.BOILER.STD.RADIATOR.],UK,PJ/y,0.993314858273807,0.6622099055158714,0.3311049527579357,0.0,0.0,0.0,0.0,0.0,0.0
SHLBLRRE00 [SER.HEAT.LOW-CONSUMPTION: .00.ELC.BOILER.STD.RADIATOR.],UK,PJ/y,0.0,0.0,0.0,0.0,0.0,0.0,0.0,0.0,0.0
SHLBLRRG00 [SER.HEAT.LOW-CONSUMPTION: .00.NGA.BOILER.STD.RADIATOR.],UK,PJ/y,210.66841079006,140.44560719337335,70.22280359668667,0.0,0.0,0.0,0.0,0.0,0.0
SHLBLRRO00 [SER.HEAT.LOW-CONSUMPTION: .00.OIL.BOILER.STD.RADIATOR.],UK,PJ/y,30.8006875692277,20.53379171281847,10.266895856409237,0.0,0.0,0.0,0.0,0.0,0.0
SHLBLRRW00 [SER.HEAT.LOW-CONSUMPTION: .00.WOD.BOILER.STD.RADIATOR.],UK,PJ/y,4.56759222677958,3.04506148451972,1.52253074225986,0.0,0.0,0.0,0.0,0.0,0.0
SHLDRAD00 [SER.HEAT.LOW-CONSUMPTION: .00.HTP.RADIATOR.],UK,PJ/y,115.139838171509,98.69128986129344,82.24274155107786,65.79419324086228,57.5699190857545,41.12137077553892,32.89709662043114,24.672822465323364,16.44854831021557
SHLDSTD00 [SER.HEAT.LOW-CONSUMPTION: .00.STANDALONE.DELIVERY.],UK,PJ/y,181.375693143315,155.46487983712714,129.55406653093928,103.64325322475142,90.6878465716575,64.77703326546965,51.82162661237573,38.86621995928178,25.91081330618784
SHLNSTRE00 [SER.HEAT.LOW-CONSUMPTION: .00.ELC.RESISTANCE.STANDALONE.NIGHT-STORAGE.],UK,PJ/y,94.8890172826062,63.25934485507081,31.629672427535404,0.0,0.0,0.0,0.0,0.0,0.0
SHLSHTRE00 [SER.HEAT.LOW-CONSUMPTION: .00.ELC.RESISTANCE.STANDALONE.],UK,PJ/y,32.4420556500702,21.628037100046804,10.814018550023402,0.0,0.0,0.0,0.0,0.0,0.0
SHLSHTRG00 [SER.HEAT.LOW-CONSUMPTION: .00.NGA.RESISTANCE.STANDALONE.],UK,PJ/y,310.992327106244,207.3282180708293,103.66410903541468,0.0,0.0,0.0,0.0,0.0,0.0
SHLSHTRO00 [SER.HEAT.LOW-CONSUMPTION: .00.LFO.RESISTANCE.STANDALONE.],UK,PJ/y,52.3169074202763,34.8779382801842,17.438969140092098,0.0,0.0,0.0,0.0,0.0,0.0
SHLSTGNT00 [SER.HEAT.LOW-CONSUMPTION: .00.ELC.NIGHT-STORAGE.HEAT-SUPPLY.],UK,PJ/y,94.8890172826062,63.25934485507081,31.629672427535404,0.0,0.0,0.0,0.0,0.0,0.0
SLOFEFLU00 [SER.LIGHTING: .00.OFFICE.FLUORESCENT.],UK,PJ/y,378.144,0.0,0.0,0.0,0.0,0.0,0.0,0.0,0.0
SLOFELED00 [SER.LIGHTING: .00.OFFICE.LED.],UK,PJ/y,0.0,0.0,0.0,0.0,0.0,0.0,0.0,0.0,0.0
SLOTECCL00 [SER.LIGHTING: .00.OTHER.CCL.],UK,PJ/y,170.7168,56.90560000000001,0.0,0.0,0.0,0.0,0.0,0.0,0.0
SLOTELED00 [SER.LIGHTING: .00.OTHER.LED.],UK,PJ/y,0.0,0.0,0.0,0.0,0.0,0.0,0.0,0.0,0.0
SOTHELC00 [SER.OTHER: .00.ELC.],UK,PJ/y,17.9461634793895,15.382425839476715,12.81868819956393,10.254950559651142,8.97308173969475,6.409344099781965,5.127475279825573,3.8456064598691793,2.5637376399127856
SOTHNGA00 [SER.OTHER: .00.NGA.OIL.HEAT.],UK,PJ/y,5.27596598286337,4.522256556740032,3.768547130616693,3.014837704493354,2.637982991431685,1.8842735653083464,1.5074188522466772,1.130564139185008,0.7537094261233381
SREFEHFC00 [SER.REFRIGERATION: .00.HFC.],UK,PJ/y,57.024,38.016000000000005,19.008000000000003,0.0,0.0,0.0,0.0,0.0,0.0
SREFEHFO00 [SER.REFRIGERATION: .00.HFO.],UK,PJ/y,0.0,0.0,0.0,0.0,0.0,0.0,0.0,0.0,0.0
SWHBLRRC00 [SER.WATER.HIGH-CONSUMPTION: .00.HCO.BOILER.STD.PIPE.],UK,PJ/y,0.311602229695232,0.22257302121088,0.133543812726528,0.044514604242176,0.0,0.0,0.0,0.0,0.0
SWHBLRRG00 [SER.WATER.HIGH-CONSUMPTION: .00.NGA.BOILER.STD.PIPE.],UK,PJ/y,160.702178463007,114.78727033071928,68.87236219843156,22.957454066143868,0.0,0.0,0.0,0.0,0.0
SWHBLRRO00 [SER.WATER.HIGH-CONSUMPTION: .00.LFO.BOILER.STD.PIPE.],UK,PJ/y,11.1879780644178,7.991412903155572,4.794847741893343,1.598282580631114,0.0,0.0,0.0,0.0,0.0
SWHBLRRW00 [SER.WATER.HIGH-CONSUMPTION: .00.WOD.BOILER.STD.PIPE.],UK,PJ/y,1.42581112364096,1.0184365168864,0.6110619101318401,0.2036873033772799,0.0,0.0,0.0,0.0,0.0
SWHDPIP00 [SER.WATER.HIGH-CONSUMPTION: .00.PIPE.DELIVERY.],UK,PJ/y,54.1061285458447,46.37668161072403,38.64723467560336,30.917787740482684,27.05306427292235,19.32361733780168,15.458893870241347,11.594170402681009,7.72944693512067
SWHDSTD00 [SER.WATER.HIGH-CONSUMPTION: .00.STANDALONE.DELIVERY.],UK,PJ/y,14.7411895247989,12.635305306970483,10.529421089142073,8.423536871313658,7.37059476239945,5.2647105445710345,4.211768435656827,3.15882632674262,2.1058842178284145
SWHWHTRE00 [SER.WATER.HIGH-CONSUMPTION: .00.ELC.RESISTANCE.STANDALONE.],UK,PJ/y,54.2742216268853,38.76730116206093,23.26038069723656,7.753460232412181,0.0,0.0,0.0,0.0,0.0
SWLDSTD00 [SER.WATER.LOW-CONSUMPTION: .00.STANDALONE.DELIVERY.],UK,PJ/y,7.69475836076597,6.595507166370831,5.4962559719756925,4.3970047775805545,3.8473791803829855,2.7481279859878462,2.198502388790277,1.6488767915927085,1.0992511943951389
SWLWHTRE00 [SER.WATER.LOW-CONSUMPTION: .00.ELC.RESISTANCE.STANDALONE.],UK,PJ/y,85.891546838637,57.261031225758,28.630515612879,0.0,0.0,0.0,0.0,0.0,0.0
SWLWHTRG00 [SER.WATER.LOW-CONSUMPTION: .00.NGA.BOILER.STD.STANDALONE.],UK,PJ/y,0.0,0.0,0.0,0.0,0.0,0.0,0.0,0.0,0.0
SCHCSV01 [SER.COOLTH.HIGH-CONSUMPTION: .01.CONSERVATION-MEASURES.],UK,PJ/y,0.0,0.0,0.0,0.0,0.0,0.0,0.0,0.0,0.0
SCHDAIR01 [SER.COOLTH.HIGH-CONSUMPTION: .01.AIR.DELIVERY.],UK,PJ/y,0.0,0.0,0.0,0.0,0.0,0.0,0.0,0.0,0.0
SCHP-ADM01 [SER.CHP: .01.ENERGY-TO-WASTE.ANAEROBIC-DIGESTION.MSWBIO.],UK,PJ/y,0.0,0.0,0.0,0.0,0.0,0.0,0.0,0.0,0.0
SCHP-CCG01 [SER.CHP: .01.COMBINED-CYCLE.NGA.],UK,PJ/y,0.0,0.0,0.0,0.0,0.0,0.0,0.0,0.0,0.0
SCHP-CCH01 [SER.CHP: .01.COMBINED-CYCLE.HYG.],UK,PJ/y,0.0,0.0,0.0,0.0,0.0,0.0,0.0,0.0,0.0
SCHP-FCH01 [SER.CHP: .01.FUEL-CELL.HYG.],UK,PJ/y,0.0,0.0,0.0,0.0,0.0,0.0,0.0,0.0,0.0
SCHP-GES01 [SER.CHP: .01.GAS-ENGINE.BOG-SEWAGE.],UK,PJ/y,0.0,0.0,0.0,0.0,0.0,0.0,0.0,0.0,0.0
SCHP-STM01 [SER.CHP: .01.ENERGY-TO-WASTE.STEAM-TURBINE.MSW.],UK,PJ/y,0.0,0.0,0.0,0.0,0.0,0.0,0.0,0.0,0.0
SCHP-STW01 [SER.CHP: .01.STEAM-TURBINE.BIOMASS.],UK,PJ/y,0.0,0.0,0.0,0.0,0.0,0.0,0.0,0.0,0.0
SCKELC001 [SER.COOKING: .01.ELC.],UK,PJ/y,0.0,0.0,0.0,0.0,0.0,0.0,0.0,0.0,0.0
SCKHYG001 [SER.COOKING: .01.HDG.],UK,PJ/y,0.0,0.0,0.0,0.0,0.0,0.0,0.0,0.0,0.0
SCKLFO001 [SER.COOKING: .01.OIL.],UK,PJ/y,0.0,0.0,0.0,0.0,0.0,0.0,0.0,0.0,0.0
SCKNGA001 [SER.COOKING: .01.NGA.],UK,PJ/y,0.0,0.0,0.0,0.0,0.0,0.0,0.0,0.0,0.0
SCPECOMP01 [SER.COMPUTERS: .01.],UK,PJ/y,0.0,0.0,0.0,0.0,0.0,0.0,0.0,0.0,0.0
SCSELPDT01 [SER.LIGHTING: .01.CONSERVATION.PRESENCE-DETECTOR.],UK,PJ/y,0.0,0.0,0.0,0.0,0.0,0.0,0.0,0.0,0.0
SCSELTMR01 [SER.LIGHTING: .01.CONSERVATION.LIGHTING-TIMER.],UK,PJ/y,0.0,0.0,0.0,0.0,0.0,0.0,0.0,0.0,0.0
SCSHACON01 [SER.HEAT.HIGH-CONSUMPTION: .01.CONSERVATION.EFFICIENT-AIR-CONDITIONING.],UK,PJ/y,0.0,0.0,0.0,0.0,0.0,0.0,0.0,0.0,0.0
SCSHCAVW01 [SER.HEAT.HIGH-CONSUMPTION: .01.CONSERVATION.CAVITY-WALL-INSULATION.],UK,PJ/y,0.0,0.0,0.0,0.0,0.0,0.0,0.0,0.0,0.0
SCSHPTHM01 [SER.HEAT.HIGH-CONSUMPTION: .01.CONSERVATION.PROGRAMMABLE-THERMOSTATS.],UK,PJ/y,0.0,0.0,0.0,0.0,0.0,0.0,0.0,0.0,0.0
SCSHROFF01 [SER.HEAT.HIGH-CONSUMPTION: .01.CONSERVATION.FLAT-ROOF-INSULATION.],UK,PJ/y,0.0,0.0,0.0,0.0,0.0,0.0,0.0,0.0,0.0
SCSHROFP01 [SER.HEAT.HIGH-CONSUMPTION: .01.CONSERVATION.PITCHED-ROOF-INSULATION.],UK,PJ/y,0.0,0.0,0.0,0.0,0.0,0.0,0.0,0.0,0.0
SCSLCAVW01 [SER.HEAT.LOW-CONSUMPTION: .01.CONSERVATION.CAVITY-WALL-INSULATION.],UK,PJ/y,0.0,0.0,0.0,0.0,0.0,0.0,0.0,0.0,0.0
SCSLPTHM01 [SER.HEAT.LOW-CONSUMPTION: .01.CONSERVATION.PROGRAMMABLE-THERMOSTATS.],UK,PJ/y,0.0,0.0,0.0,0.0,0.0,0.0,0.0,0.0,0.0
SCSLROFF01 [SER.HEAT.LOW-CONSUMPTION: .01.CONSERVATION.FLAT-ROOF-INSULATION.],UK,PJ/y,0.0,0.0,0.0,0.0,0.0,0.0,0.0,0.0,0.0
SCSLROFP01 [SER.HEAT.LOW-CONSUMPTION: .01.CONSERVATION.PITCHED-ROOF-INSULATION.],UK,PJ/y,0.0,0.0,0.0,0.0,0.0,0.0,0.0,0.0,0.0
SHHA-CAE01 [SER.HEAT.HIGH-CONSUMPTION: .01.ELC.AIR-CONDITIONER.HFC.AIR.],UK,PJ/y,0.0,0.0,0.0,0.0,0.0,0.0,0.0,0.0,0.0
SHHA-CAE02 [SER.HEAT.HIGH-CONSUMPTION.02.ELC.AIR-CONDITIONER.HFO-HC.AIR.],UK,PJ/y,0.0,0.0,0.0,0.0,0.0,0.0,0.0,0.0,0.0
SHHBLRRC01 [SER.HEAT.HIGH-CONSUMPTION: .01.HCO.BOILER.STD.RADIATOR.],UK,PJ/y,0.0,0.0,0.0,0.0,0.0,0.0,0.0,0.0,0.0
SHHBLRRE01 [SER.HEAT.HIGH-CONSUMPTION: .01.ELC.BOILER.STD.RADIATOR.],UK,PJ/y,0.0,0.0,0.0,0.0,0.0,0.0,0.0,0.0,0.0
SHHBLRRG01 [SER.HEAT.HIGH-CONSUMPTION: .01.NGA.BOILER.STD.RADIATOR.],UK,PJ/y,0.0,0.0,0.0,0.0,0.0,0.0,0.0,0.0,0.0
SHHBLRRH01 [SER.HEAT.HIGH-CONSUMPTION: .01.HYG.BOILER.STD.RADIATOR.],UK,PJ/y,0.0,0.0,0.0,0.0,0.0,0.0,0.0,0.0,0.0
SHHBLRRO01 [SER.HEAT.HIGH-CONSUMPTION: .01.LFO.BOILER.STD.RADIATOR.],UK,PJ/y,0.0,0.0,0.0,0.0,0.0,0.0,0.0,0.0,0.0
SHHBLRRW01 [SER.HEAT.HIGH-CONSUMPTION: .01.WOD.BOILER.STD.RADIATOR.],UK,PJ/y,0.0,0.0,0.0,0.0,0.0,0.0,0.0,0.0,0.0
SHHCSV01 [SER.HEAT.HIGH-CONSUMPTION: .01.CONSERVATION-MEASURES.],UK,PJ/y,0.0,0.0,0.0,0.0,0.0,0.0,0.0,0.0,0.0
SHHDAIR01 [SER.HEAT.HIGH-CONSUMPTION: .01.AIR.DELIVERY.],UK,PJ/y,0.0,0.0,0.0,0.0,0.0,0.0,0.0,0.0,0.0
SHHDRAD01 [SER.HEAT.HIGH-CONSUMPTION: .01.HTP.RADIATOR.],UK,PJ/y,0.0,0.0,0.0,0.0,0.0,0.0,0.0,0.0,0.0
SHHFCLRH01 [SER.HEAT.HIGH-CONSUMPTION: .01.HDG.FUEL-CELL.STD.RADIATOR.],UK,PJ/y,0.0,0.0,0.0,0.0,0.0,0.0,0.0,0.0,0.0
SHHVACAE01 [SER.HEAT.HIGH-CONSUMPTION: .01.ELC.HVAC.HFC.AIR.],UK,PJ/y,0.0,0.0,0.0,0.0,0.0,0.0,0.0,0.0,0.0
SHHVACAE02 [SER.HEAT.HIGH-CONSUMPTION.02.ELC.HVAC.HFO-HC.AIR.],UK,PJ/y,0.0,0.0,0.0,0.0,0.0,0.0,0.0,0.0,0.0
SHLAHBRE01 [SER.HEAT.LOW-CONSUMPTION: .01.ELC.HEAT PUMP.AIR.NGA.BOILER.RADIATOR.],UK,PJ/y,0.0,0.0,0.0,0.0,0.0,0.0,0.0,0.0,0.0
SHLAHBUE01 [SER.HEAT.LOW-CONSUMPTION: .01.ELC.HEAT PUMP.AIR.NGA.BOILER.UNDERFLOOR.],UK,PJ/y,0.0,0.0,0.0,0.0,0.0,0.0,0.0,0.0,0.0
SHLAHHRE01 [SER.HEAT.LOW-CONSUMPTION: .01.ELC.HEAT PUMP.AIR.HYG.BOILER.RADIATOR.],UK,PJ/y,0.0,0.0,0.0,0.0,0.0,0.0,0.0,0.0,0.0
SHLAHHUE01 [SER.HEAT.LOW-CONSUMPTION: .01.ELC.HEAT PUMP.AIR.HYG.BOILER.UNDERFLOOR.],UK,PJ/y,0.0,0.0,0.0,0.0,0.0,0.0,0.0,0.0,0.0
SHLAHPRE01 [SER.HEAT.LOW-CONSUMPTION: .01.ELC.HEAT PUMP.AIR.RADIATOR.],UK,PJ/y,0.0,0.0,0.0,0.0,0.0,0.0,0.0,0.0,0.0
SHLAHPUE01 [SER.HEAT.LOW-CONSUMPTION: .01.ELC.HEAT PUMP.AIR.UNDERFLOOR.],UK,PJ/y,0.0,0.0,0.0,0.0,0.0,0.0,0.0,0.0,0.0
SHLAHSRE01 [SER.HEAT.LOW-CONSUMPTION: .01.ELC.HEAT PUMP.AIR.SOLAR-THERMAL.RADIATOR.],UK,PJ/y,0.0,0.0,0.0,0.0,0.0,0.0,0.0,0.0,0.0
SHLAHSUE01 [SER.HEAT.LOW-CONSUMPTION: .01.ELC.HEAT PUMP.AIR.SOLAR-THERMAL.UNDERFLOOR.],UK,PJ/y,0.0,0.0,0.0,0.0,0.0,0.0,0.0,0.0,0.0
SHLBLCRG01 [SER.HEAT.LOW-CONSUMPTION: .01.NGA.BOILER.CON.RADIATOR.],UK,PJ/y,0.0,0.0,0.0,0.0,0.0,0.0,0.0,0.0,0.0
SHLBLCRH01 [SER.HEAT.LOW-CONSUMPTION: .01.HYG.BOILER.CON.RADIATOR.],UK,PJ/y,0.0,0.0,0.0,0.0,0.0,0.0,0.0,0.0,0.0
SHLBLCRO01 [SER.HEAT.LOW-CONSUMPTION: .01.OIL.BOILER.CON.RADIATOR.],UK,PJ/y,0.0,0.0,0.0,0.0,0.0,0.0,0.0,0.0,0.0
SHLBLCRP01 [SER.HEAT.LOW-CONSUMPTION: .01.PELH.BOILER.CON.RADIATOR.],UK,PJ/y,0.0,0.0,0.0,0.0,0.0,0.0,0.0,0.0,0.0
SHLBLRRE01 [SER.HEAT.LOW-CONSUMPTION: .01.ELC.BOILER.CON.RADIATOR.],UK,PJ/y,0.0,0.0,0.0,0.0,0.0,0.0,0.0,0.0,0.0
SHLBLRRW01 [SER.HEAT.LOW-CONSUMPTION: .01.WOD.BOILER.CON.RADIATOR.],UK,PJ/y,0.0,0.0,0.0,0.0,0.0,0.0,0.0,0.0,0.0
SHLBLSRE01 [SER.HEAT.LOW-CONSUMPTION: .01.ELC.BOILER.CON.SOLAR-THERMAL.RADIATOR.],UK,PJ/y,0.0,0.0,0.0,0.0,0.0,0.0,0.0,0.0,0.0
SHLBLSRG01 [SER.HEAT.LOW-CONSUMPTION: .01.NGA.BOILER.CON.SOLAR-THERMAL.RADIATOR.],UK,PJ/y,0.0,0.0,0.0,0.0,0.0,0.0,0.0,0.0,0.0
SHLBLSRH01 [SER.HEAT.LOW-CONSUMPTION: .01.HYG.BOILER.CON.SOLAR-THERMAL.RADIATOR.],UK,PJ/y,0.0,0.0,0.0,0.0,0.0,0.0,0.0,0.0,0.0
SHLBLSRO01 [SER.HEAT.LOW-CONSUMPTION: .01.OIL.BOILER.CON.SOLAR-THERMAL.RADIATOR.],UK,PJ/y,0.0,0.0,0.0,0.0,0.0,0.0,0.0,0.0,0.0
SHLBLSRP01 [SER.HEAT.LOW-CONSUMPTION: .01.PELH.BOILER.CON.SOLAR-THERMAL.RADIATOR.],UK,PJ/y,0.0,0.0,0.0,0.0,0.0,0.0,0.0,0.0,0.0
SHLBLSRW01 [SER.HEAT.LOW-CONSUMPTION: .01.WOD.BOILER.CON.SOLAR-THERMAL.RADIATOR.],UK,PJ/y,0.0,0.0,0.0,0.0,0.0,0.0,0.0,0.0,0.0
SHLCHBRH01 [SER.HEAT.LOW-CONSUMPTION: .01.HYG.MICRO-CHP-BOILER.STD.RADIATOR.],UK,PJ/y,0.0,0.0,0.0,0.0,0.0,0.0,0.0,0.0,0.0
SHLCHPRG01 [SER.HEAT.LOW-CONSUMPTION: .01.GAS.MICRO-CHP.STD.RADIATOR.],UK,PJ/y,0.0,0.0,0.0,0.0,0.0,0.0,0.0,0.0,0.0
SHLCHPRH01 [SER.HEAT.LOW-CONSUMPTION: .01.HYG.MICRO-CHP.STD.RADIATOR.],UK,PJ/y,0.0,0.0,0.0,0.0,0.0,0.0,0.0,0.0,0.0
SHLCHPRW01 [SER.HEAT.LOW-CONSUMPTION: .01.WOD.MICRO-CHP.STD.RADIATOR.],UK,PJ/y,0.0,0.0,0.0,0.0,0.0,0.0,0.0,0.0,0.0
SHLCSV01 [SER.HEAT.LOW-CONSUMPTION: .01.CONSERVATION-MEASURES.],UK,PJ/y,0.0,0.0,0.0,0.0,0.0,0.0,0.0,0.0,0.0
SHLDRAD01 [SER.HEAT.LOW-CONSUMPTION: .01.HTP.RADIATOR.],UK,PJ/y,0.0,0.0,0.0,0.0,0.0,0.0,0.0,0.0,0.0
SHLDSTD01 [SER.HEAT.LOW-CONSUMPTION: .01.STANDALONE.DELIVERY.],UK,PJ/y,0.0,0.0,0.0,0.0,0.0,0.0,0.0,0.0,0.0
SHLDUND01 [SER.HEAT.LOW-CONSUMPTION: .01.HTP.UNDERFLOOR.],UK,PJ/y,0.0,0.0,0.0,0.0,0.0,0.0,0.0,0.0,0.0
SHLGHBRE01 [SER.HEAT.LOW-CONSUMPTION: .01.ELC.HEAT PUMP.GROUND.NGA.BOILER.RADIATOR.],UK,PJ/y,0.0,0.0,0.0,0.0,0.0,0.0,0.0,0.0,0.0
SHLGHBUE01 [SER.HEAT.LOW-CONSUMPTION: .01.ELC.HEAT PUMP.GROUND.NGA.BOILER.UNDERFLOOR.],UK,PJ/y,0.0,0.0,0.0,0.0,0.0,0.0,0.0,0.0,0.0
SHLGHHRE01 [SER.HEAT.LOW-CONSUMPTION: .01.ELC.HEAT PUMP.GROUND.HYG.BOILER.RADIATOR.],UK,PJ/y,0.0,0.0,0.0,0.0,0.0,0.0,0.0,0.0,0.0
SHLGHHUE01 [SER.HEAT.LOW-CONSUMPTION: .01.ELC.HEAT PUMP.GROUND.HYG.BOILER.UNDERFLOOR.],UK,PJ/y,0.0,0.0,0.0,0.0,0.0,0.0,0.0,0.0,0.0
SHLGHPRE01 [SER.HEAT.LOW-CONSUMPTION: .01.ELC.HEAT PUMP.GROUND.RADIATOR.],UK,PJ/y,0.0,0.0,0.0,0.0,0.0,0.0,0.0,0.0,0.0
SHLGHPUE01 [SER.HEAT.LOW-CONSUMPTION: .01.ELC.HEAT PUMP.GROUND.UNDERFLOOR.],UK,PJ/y,0.0,0.0,0.0,0.0,0.0,0.0,0.0,0.0,0.0
SHLGHSRE01 [SER.HEAT.LOW-CONSUMPTION: .01.ELC.HEAT PUMP.GROUND.SOLAR-THERMAL.RADIATOR.],UK,PJ/y,0.0,0.0,0.0,0.0,0.0,0.0,0.0,0.0,0.0
SHLGHSUE01 [SER.HEAT.LOW-CONSUMPTION: .01.ELC.HEAT PUMP.GROUND.SOLAR-THERMAL.UNDERFLOOR.],UK,PJ/y,0.0,0.0,0.0,0.0,0.0,0.0,0.0,0.0,0.0
SHLNSTRE01 [SER.HEAT.LOW-CONSUMPTION: .01.ELC.RESISTANCE.STANDALONE.NIGHT-STORAGE.],UK,PJ/y,0.0,0.0,0.0,0.0,0.0,0.0,0.0,0.0,0.0
SHLREFCG01 [SER.HEAT.LOW-CONSUMPTION: .01.HYG.MICRO-CHP.REFORMER.],UK,PJ/y,0.0,0.0,0.0,0.0,0.0,0.0,0.0,0.0,0.0
SHLSHTRE01 [SER.HEAT.LOW-CONSUMPTION: .01.ELC.RESISTANCE.STANDALONE.],UK,PJ/y,0.0,0.0,0.0,0.0,0.0,0.0,0.0,0.0,0.0
SHLSTGNT01 [SER.HEAT.LOW-CONSUMPTION: .01.ELC.NIGHT-STORAGE.HEAT-SUPPLY.],UK,PJ/y,0.0,0.0,0.0,0.0,0.0,0.0,0.0,0.0,0.0
SLOFEFLU01 [SER.LIGHTING: .01.OFFICE.FLUORESCENT.],UK,PJ/y,0.0,0.0,0.0,0.0,0.0,0.0,0.0,0.0,0.0
SLOFELED01 [SER.LIGHTING: .01.OFFICE.LED.],UK,PJ/y,0.0,0.0,0.0,0.0,0.0,0.0,0.0,0.0,0.0
SLOTECCL01 [SER.LIGHTING: .01.OTHER.CCL.],UK,PJ/y,0.0,0.0,0.0,0.0,0.0,0.0,0.0,0.0,0.0
SLOTELED01 [SER.LIGHTING: .01.OTHER.LED.],UK,PJ/y,0.0,0.0,0.0,0.0,0.0,0.0,0.0,0.0,0.0
SOTHELC01 [SER.OTHER: .01.ELC.],UK,PJ/y,0.0,0.0,0.0,0.0,0.0,0.0,0.0,0.0,0.0
SOTHNGA01 [SER.OTHER: .01.NGA.],UK,PJ/y,0.0,0.0,0.0,0.0,0.0,0.0,0.0,0.0,0.0
SREFEHFC01 [SER.REFRIGERATION: .01.HFC.],UK,PJ/y,0.0,0.0,0.0,0.0,0.0,0.0,0.0,0.0,0.0
SREFEHFO01 [SER.REFRIGERATION: .01.HFO.],UK,PJ/y,0.0,0.0,0.0,0.0,0.0,0.0,0.0,0.0,0.0
SWHBLRRC01 [SER.WATER.HIGH-CONSUMPTION: .01.HCO.BOILER.STD.PIPE.],UK,PJ/y,0.0,0.0,0.0,0.0,0.0,0.0,0.0,0.0,0.0
SWHBLRRG01 [SER.WATER.HIGH-CONSUMPTION: .01.NGA.BOILER.STD.PIPE.],UK,PJ/y,0.0,0.0,0.0,0.0,0.0,0.0,0.0,0.0,0.0
SWHBLRRH01 [SER.WATER.HIGH-CONSUMPTION: .01.HYG.BOILER.STD.PIPE.],UK,PJ/y,0.0,0.0,0.0,0.0,0.0,0.0,0.0,0.0,0.0
SWHBLRRO01 [SER.WATER.HIGH-CONSUMPTION: .01.LFO.BOILER.STD.PIPE.],UK,PJ/y,0.0,0.0,0.0,0.0,0.0,0.0,0.0,0.0,0.0
SWHBLRRW01 [SER.WATER.HIGH-CONSUMPTION: .01.WOD.BOILER.STD.PIPE.],UK,PJ/y,0.0,0.0,0.0,0.0,0.0,0.0,0.0,0.0,0.0
SWHDPIP01 [SER.WATER.HIGH-CONSUMPTION: .01.PIPE.DELIVERY.],UK,PJ/y,0.0,0.0,0.0,0.0,0.0,0.0,0.0,0.0,0.0
SWHDSTD01 [SER.WATER.HIGH-CONSUMPTION: .01.STANDALONE.DELIVERY.],UK,PJ/y,0.0,0.0,0.0,0.0,0.0,0.0,0.0,0.0,0.0
SWHWHTRE01 [SER.WATER.HIGH-CONSUMPTION: .01.ELC.RESISTANCE.STANDALONE.],UK,PJ/y,0.0,0.0,0.0,0.0,0.0,0.0,0.0,0.0,0.0
SWLDSTD01 [SER.WATER.LOW-CONSUMPTION: .01.STANDALONE.DELIVERY.],UK,PJ/y,0.0,0.0,0.0,0.0,0.0,0.0,0.0,0.0,0.0
SWLWHTRE01 [SER.WATER.LOW-CONSUMPTION: .01.ELC.RESISTANCE.STANDALONE.],UK,PJ/y,0.0,0.0,0.0,0.0,0.0,0.0,0.0,0.0,0.0
SWLWHTRG01 [SER.WATER.LOW-CONSUMPTION: .01.NGA.BOILER.STD.STANDALONE.],UK,PJ/y,0.0,0.0,0.0,0.0,0.0,0.0,0.0,0.0,0.0
RCEOTHER00 [RES.COOKING: .00.OTHER.KETTLE.MICROWAVE],UK,PJ/y,55.4185438606795,0.0,0.0,0.0,0.0,0.0,0.0,0.0,0.0
RCHEHOB00 [RES.COOKING: .00.HOB.ELECTRIC.],UK,PJ/y,33.820705941915,24.157647101367857,9.66305884054714,0.0,0.0,0.0,0.0,0.0,0.0
RCHEOVEN00 [RES.COOKING: .00.OVEN.ELECTRIC.],UK,PJ/y,47.38443221494,33.84602301067143,13.538409204268568,0.0,0.0,0.0,0.0,0.0,0.0
RCHGHOB00 [RES.COOKING: .00.HOB.GAS.],UK,PJ/y,41.779294058085,29.842352898632143,11.93694115945286,0.0,0.0,0.0,0.0,0.0,0.0
RCHGOVEN00 [RES.COOKING: .00.OVEN.GAS.],UK,PJ/y,20.65556778506,14.75397698932857,5.901590795731428,0.0,0.0,0.0,0.0,0.0,0.0
RCHPEA-CCG00 [RES.CHP.EXISTING-AVERAGE: .00.COMBINED-CYCLE.NGA.],UK,PJ/y,0.200036912471027,0.163666564749022,0.1091110431660147,0.0545555215830073,0.0363703477220049,0.0,0.0,0.0,0.0
REAIRCON00 [RES.AIR-CONDITIONER: .00.],UK,PJ/y,0.0,0.0,0.0,0.0,0.0,0.0,0.0,0.0,0.0
REAUDVIS00 [RES.CONSUMER-ELECTRONICS: .00.TV.DVD.SET-TOP-BOX.GAME-CONSOLE.],UK,PJ/y,64.165323006456,21.388441002152,0.0,0.0,0.0,0.0,0.0,0.0,0.0
RECOLFRE00 [RES.FREEZERS: .00.],UK,PJ/y,17.70679584,13.280096880000002,6.640048440000001,0.0,0.0,0.0,0.0,0.0,0.0
RECOLREF00 [RES.REFRIGERATORS: .00.],UK,PJ/y,40.513284,30.384963,15.1924815,0.0,0.0,0.0,0.0,0.0,0.0
RECOMPUT00 [RES.COMPUTERS: .00.],UK,PJ/y,30.883023364721,0.0,0.0,0.0,0.0,0.0,0.0,0.0,0.0
RELITCON00 [RES.LIGHTING: .00.CONVENTIONAL.],UK,PJ/y,1728.47232,0.0,0.0,0.0,0.0,0.0,0.0,0.0,0.0
RELITENS00 [RES.LIGHTING: .00.ENERGY-SAVING.],UK,PJ/y,911.72736,455.86368,0.0,0.0,0.0,0.0,0.0,0.0,0.0
RELITLED00 [RES.LIGHTING: .00.LED.],UK,PJ/y,17.0496,13.639680000000002,8.5248,3.40992,1.7049599999999998,0.0,0.0,0.0,0.0
REOTHER00 [RES.OTHER: .00.ALL.],UK,PJ/y,23.4522805993418,20.52074552442408,16.123442912047487,11.7261402996709,10.260372762212038,7.328837687294314,5.863070149835451,4.397302612376588,2.9315350749177256
REWETALL00 [RES.WET-APPLIANCES: .00.WASHING-MACHINE.DRIER.DISHWASHER.],UK,PJ/y,44.3718948308144,29.58126322054293,7.395315805135731,0.0,0.0,0.0,0.0,0.0,0.0
RHEAAHPRE00 [RES.HEAT.EXISTING-AVERAGE: .00.ELC.HEAT PUMP.AIR.RADIATOR.],UK,PJ/y,4.00348620238012,3.1138226018512047,1.7793272010578312,0.444831800264458,0.0,0.0,0.0,0.0,0.0
RHEABLCRG00 [RES.HEAT.EXISTING-AVERAGE: .00.NGA.BOILER.CON.RADIATOR.],UK,PJ/y,4301.76454642629,3226.323409819717,1613.1617049098586,0.0,0.0,0.0,0.0,0.0,0.0
RHEABLCRO00 [RES.HEAT.EXISTING-AVERAGE: .00.OIL.BOILER.CON.RADIATOR.],UK,PJ/y,80.2297136619455,60.172285246459126,30.086142623229563,0.0,0.0,0.0,0.0,0.0,0.0
RHEABLRRC00 [RES.HEAT.EXISTING-AVERAGE: .00.HCO.BOILER.STD.RADIATOR.],UK,PJ/y,222.405510415764,166.80413281182302,83.40206640591151,0.0,0.0,0.0,0.0,0.0,0.0
RHEABLRRE00 [RES.HEAT.EXISTING-AVERAGE: .00.ELC.BOILER.STD.RADIATOR.],UK,PJ/y,39.1422462013122,29.35668465098415,14.678342325492077,0.0,0.0,0.0,0.0,0.0,0.0
RHEABLRRG00 [RES.HEAT.EXISTING-AVERAGE: .00.NGA.BOILER.STD.RADIATOR.],UK,PJ/y,12218.8352417207,9164.126431290526,4582.063215645263,0.0,0.0,0.0,0.0,0.0,0.0
RHEABLRRO00 [RES.HEAT.EXISTING-AVERAGE: .00.OIL.BOILER.STD.RADIATOR.],UK,PJ/y,1144.65030039399,858.4877252954925,429.2438626477463,0.0,0.0,0.0,0.0,0.0,0.0
RHEABLRRW00 [RES.HEAT.EXISTING-AVERAGE: .00.WOD.BOILER.STD.RADIATOR.],UK,PJ/y,8.30592351056101,6.460162730436341,3.6915215602493374,0.9228803900623346,0.0,0.0,0.0,0.0,0.0
RHEANSTRE00 [RES.HEAT.EXISTING-AVERAGE: .00.ELC.RESISTANCE.STANDALONE.NIGHT-STORAGE.],UK,PJ/y,864.669178375903,648.5018837819273,324.25094189096365,0.0,0.0,0.0,0.0,0.0,0.0
RHEARAD00 [RES.HEAT.EXISTING-AVERAGE: .00.HTP.RADIATOR.],UK,PJ/y,3355.98992827309,2936.491187238953,2307.2430756877493,1677.994964136545,1468.2455936194767,1048.7468525853403,838.9974820682723,629.2481115512041,419.4987410341364
RHEASA00 [RES.HEAT.EXISTING-AVERAGE: .00.STANDALONE.DELIVERY.],UK,PJ/y,265.945315905499,232.70215141731163,182.8374046850305,132.9726579527495,116.3510757086558,83.10791122046845,66.48632897637475,49.86474673228105,33.243164488187375
RHEASHTRE00 [RES.HEAT.EXISTING-AVERAGE: .00.ELC.RESISTANCE.STANDALONE.],UK,PJ/y,222.250137020533,166.68760276539976,83.34380138269987,0.0,0.0,0.0,0.0,0.0,0.0
RHEASHTRG00 [RES.HEAT.EXISTING-AVERAGE: .00.NGA.HEATER.STANDALONE.],UK,PJ/y,299.165141928546,224.3738564464095,112.18692822320476,0.0,0.0,0.0,0.0,0.0,0.0
RHEASTGNT00 [RES.HEAT.EXISTING-AVERAGE .00.ELC.NIGHT-STORAGE.HEAT-SUPPLY.],UK,PJ/y,864.669178375903,648.5018837819273,324.25094189096365,0.0,0.0,0.0,0.0,0.0,0.0
RHNADUMMY00 [RES.HEAT.NEW-AVERAGE: .00.DUMMY-TECH.],UK,PJ/y,5.97868945368288,0.0,0.0,0.0,0.0,0.0,0.0,0.0,0.0
RWEASA00 [RES.WATER.EXISTING-AVERAGE: .00.STANDALONE.DELIVERY.],UK,PJ/y,28.7482486105199,25.15471753420492,19.76442091973243,14.37412430525995,12.577358767102456,8.983827690787468,7.187062152629977,5.390296614472483,3.5935310763149886
RWEASOLRS00 [RES.WATER.EXISTING-AVERAGE: .00.SOL.WATER-HEATER.STANDALONE.],UK,PJ/y,0.0,0.0,0.0,0.0,0.0,0.0,0.0,0.0,0.0
RWEAWHTRE00 [RES.WATER.EXISTING-AVERAGE: .00.ELC.RESISTANCE.STANDALONE.],UK,PJ/y,181.153219232739,135.86491442455423,67.93245721227711,0.0,0.0,0.0,0.0,0.0,0.0
RWEAWHTRG00 [RES.WATER.EXISTING-AVERAGE: .00.NGA.BOILER.STD.STANDALONE.],UK,PJ/y,49.860856988091,37.39564274106825,18.697821370534125,0.0,0.0,0.0,0.0,0.0,0.0
RCEOTHER01 [RES.COOKING: .01.OTHER.KETTLE.MICROWAVE],UK,PJ/y,0.0,0.0,0.0,0.0,0.0,0.0,0.0,0.0,0.0
RCHEHOB01 [RES.COOKING: .01.HOB.ELECTRIC.],UK,PJ/y,0.0,0.0,0.0,0.0,0.0,0.0,0.0,0.0,0.0
RCHEOVEN01 [RES.COOKING: .01.OVEN.ELECTRIC.],UK,PJ/y,0.0,0.0,0.0,0.0,0.0,0.0,0.0,0.0,0.0
RCHGHOB01 [RES.COOKING: .01.HOB.GAS.],UK,PJ/y,0.0,0.0,0.0,0.0,0.0,0.0,0.0,0.0,0.0
RCHGOVEN01 [RES.COOKING: .01.OVEN.GAS.],UK,PJ/y,0.0,0.0,0.0,0.0,0.0,0.0,0.0,0.0,0.0
RCHHHOB01 [RES.COOKING: .01.HOB.HYDROGEN.],UK,PJ/y,0.0,0.0,0.0,0.0,0.0,0.0,0.0,0.0,0.0
RCHHOVEN01 [RES.COOKING: .01.OVEN.HYDROGEN.],UK,PJ/y,0.0,0.0,0.0,0.0,0.0,0.0,0.0,0.0,0.0
RCHPEA-CCG01 [RES.CHP.EXISTING-AVERAGE: .01.COMBINED-CYCLE.NGA.],UK,PJ/y,0.0,0.0,0.0,0.0,0.0,0.0,0.0,0.0,0.0
RCHPEA-CCH01 [RES.CHP.EXISTING-AVERAGE: .01.COMBINED-CYCLE.HYG.],UK,PJ/y,0.0,0.0,0.0,0.0,0.0,0.0,0.0,0.0,0.0
RCHPEA-FCH01 [RES.CHP.EXISTING-AVERAGE: .01.FUEL-CELL.HYG.],UK,PJ/y,0.0,0.0,0.0,0.0,0.0,0.0,0.0,0.0,0.0
RCHPEA-STW01 [RES.CHP.EXISTING-AVERAGE: .01.STEAM-TURBINE.BIOMASS.],UK,PJ/y,0.0,0.0,0.0,0.0,0.0,0.0,0.0,0.0,0.0
RCHPNA-CCG01 [RES.CHP.NEW-AVERAGE: .01.COMBINED-CYCLE.NGA.],UK,PJ/y,0.0,0.0,0.0,0.0,0.0,0.0,0.0,0.0,0.0
RCHPNA-CCH01 [RES.CHP.NEW-AVERAGE: .01.COMBINED-CYCLE.HYG.],UK,PJ/y,0.0,0.0,0.0,0.0,0.0,0.0,0.0,0.0,0.0
RCHPNA-FCH01 [RES.CHP.NEW-AVERAGE: .01.FUEL-CELL.HYG.],UK,PJ/y,0.0,0.0,0.0,0.0,0.0,0.0,0.0,0.0,0.0
RCHPNA-STW01 [RES.CHP.NEW-AVERAGE: .01.STEAM-TURBINE.BIOMASS.],UK,PJ/y,0.0,0.0,0.0,0.0,0.0,0.0,0.0,0.0,0.0
REAIRCON01 [RES.AIR-CONDITIONER: .01.],UK,PJ/y,0.0,0.0,0.0,0.0,0.0,0.0,0.0,0.0,0.0
REAUDVIS01 [RES.CONSUMER-ELECTRONICS: .01.TV.DVD.SET-TOP-BOX.GAME-CONSOLE.],UK,PJ/y,0.0,0.0,0.0,0.0,0.0,0.0,0.0,0.0,0.0
RECOLFRE01 [RES.FREEZERS: .01.CLASS-A+.],UK,PJ/y,0.0,0.0,0.0,0.0,0.0,0.0,0.0,0.0,0.0
RECOLFRE02 [RES.FREEZERS: .01.CLASS-A+++.],UK,PJ/y,0.0,0.0,0.0,0.0,0.0,0.0,0.0,0.0,0.0
RECOLREF01 [RES.REFRIGERATORS: .01.CLASS-A+.],UK,PJ/y,0.0,0.0,0.0,0.0,0.0,0.0,0.0,0.0,0.0
RECOLREF02 [RES.REFRIGERATORS: .01.CLASS-A+++.],UK,PJ/y,0.0,0.0,0.0,0.0,0.0,0.0,0.0,0.0,0.0
RECOMPUT01 [RES.COMPUTERS: .01.],UK,PJ/y,0.0,0.0,0.0,0.0,0.0,0.0,0.0,0.0,0.0
RELITCON01 [RES.LIGHTING: .01.CONVENTIONAL.],UK,PJ/y,0.0,0.0,0.0,0.0,0.0,0.0,0.0,0.0,0.0
RELITENS01 [RES.LIGHTING: .01.ENERGY-SAVING.],UK,PJ/y,0.0,0.0,0.0,0.0,0.0,0.0,0.0,0.0,0.0
RELITLED01 [RES.LIGHTING: .01.LED.],UK,PJ/y,0.0,0.0,0.0,0.0,0.0,0.0,0.0,0.0,0.0
REOTHER01 [RES.OTHER: .01.ALL.],UK,PJ/y,0.0,0.0,0.0,0.0,0.0,0.0,0.0,0.0,0.0
REWETALL01 [RES.WET-APPLIANCES: .01.WASHING-MACHINE.DRIER.DISHWASHER.],UK,PJ/y,0.0,0.0,0.0,0.0,0.0,0.0,0.0,0.0,0.0
RHEAAHBRE01 [RES.HEAT.EXISTING-AVERAGE: .01.ELC.HEAT PUMP.AIR.NGA.BOILER.RADIATOR.],UK,PJ/y,0.0,0.0,0.0,0.0,0.0,0.0,0.0,0.0,0.0
RHEAAHBUE01 [RES.HEAT.EXISTING-AVERAGE: .01.ELC.HEAT PUMP.AIR.NGA.BOILER.UNDERFLOOR.],UK,PJ/y,0.0,0.0,0.0,0.0,0.0,0.0,0.0,0.0,0.0
RHEAAHHRE01 [RES.HEAT.EXISTING-AVERAGE: .01.ELC.HEAT PUMP.AIR.HDG.BOILER.RADIATOR.],UK,PJ/y,0.0,0.0,0.0,0.0,0.0,0.0,0.0,0.0,0.0
RHEAAHHUE01 [RES.HEAT.EXISTING-AVERAGE: .01.ELC.HEAT PUMP.AIR.HDG.BOILER.UNDERFLOOR.],UK,PJ/y,0.0,0.0,0.0,0.0,0.0,0.0,0.0,0.0,0.0
RHEAAHPRE01 [RES.HEAT.EXISTING-AVERAGE: .01.ELC.HEAT PUMP.AIR.RADIATOR.],UK,PJ/y,0.0,0.0,0.0,0.0,0.0,0.0,0.0,0.0,0.0
RHEAAHPUE01 [RES.HEAT.EXISTING-AVERAGE: .01.ELC.HEAT PUMP.AIR.UNDERFLOOR.],UK,PJ/y,0.0,0.0,0.0,0.0,0.0,0.0,0.0,0.0,0.0
RHEAAHSRE01 [RES.HEAT.EXISTING-AVERAGE: .01.ELC.HEAT PUMP.AIR.SOLAR-THERMAL.RADIATOR.],UK,PJ/y,0.0,0.0,0.0,0.0,0.0,0.0,0.0,0.0,0.0
RHEAAHSUE01 [RES.HEAT.EXISTING-AVERAGE: .01.ELC.HEAT PUMP.AIR.SOLAR-THERMAL.UNDERFLOOR.],UK,PJ/y,0.0,0.0,0.0,0.0,0.0,0.0,0.0,0.0,0.0
RHEABLCRG01 [RES.HEAT.EXISTING-AVERAGE: .01.NGA.BOILER.CON.RADIATOR.],UK,PJ/y,0.0,0.0,0.0,0.0,0.0,0.0,0.0,0.0,0.0
RHEABLCRH01 [RES.HEAT.EXISTING-AVERAGE: .01.HDG.BOILER.CON.RADIATOR.],UK,PJ/y,0.0,0.0,0.0,0.0,0.0,0.0,0.0,0.0,0.0
RHEABLCRO01 [RES.HEAT.EXISTING-AVERAGE: .01.KER.BOILER.CON.RADIATOR.],UK,PJ/y,0.0,0.0,0.0,0.0,0.0,0.0,0.0,0.0,0.0
RHEABLCRP01 [RES.HEAT.EXISTING-AVERAGE: .01.PEL.BOILER.CON.RADIATOR.],UK,PJ/y,0.0,0.0,0.0,0.0,0.0,0.0,0.0,0.0,0.0
RHEABLRRE01 [RES.HEAT.EXISTING-AVERAGE: .01.ELC.BOILER.CON.RADIATOR.],UK,PJ/y,0.0,0.0,0.0,0.0,0.0,0.0,0.0,0.0,0.0
RHEABLRRW01 [RES.HEAT.EXISTING-AVERAGE: .01.WOD.BOILER.CON.RADIATOR.],UK,PJ/y,0.0,0.0,0.0,0.0,0.0,0.0,0.0,0.0,0.0
RHEABLSRE01 [RES.HEAT.EXISTING-AVERAGE: .01.ELC.BOILER.CON.SOLAR-THERMAL.RADIATOR.],UK,PJ/y,0.0,0.0,0.0,0.0,0.0,0.0,0.0,0.0,0.0
RHEABLSRG01 [RES.HEAT.EXISTING-AVERAGE: .01.NGA.BOILER.CON.SOLAR-THERMAL.RADIATOR.],UK,PJ/y,0.0,0.0,0.0,0.0,0.0,0.0,0.0,0.0,0.0
RHEABLSRH01 [RES.HEAT.EXISTING-AVERAGE: .01.HDG.BOILER.CON.SOLAR-THERMAL.RADIATOR.],UK,PJ/y,0.0,0.0,0.0,0.0,0.0,0.0,0.0,0.0,0.0
RHEABLSRO01 [RES.HEAT.EXISTING-AVERAGE: .01.KER.BOILER.CON.SOLAR-THERMAL.RADIATOR.],UK,PJ/y,0.0,0.0,0.0,0.0,0.0,0.0,0.0,0.0,0.0
RHEABLSRP01 [RES.HEAT.EXISTING-AVERAGE: .01.PEL.BOILER.CON.SOLAR-THERMAL.RADIATOR.],UK,PJ/y,0.0,0.0,0.0,0.0,0.0,0.0,0.0,0.0,0.0
RHEABLSRW01 [RES.HEAT.EXISTING-AVERAGE: .01.WOD.BOILER.CON.SOLAR-THERMAL.RADIATOR.],UK,PJ/y,0.0,0.0,0.0,0.0,0.0,0.0,0.0,0.0,0.0
RHEACHBRH01 [RES.HEAT.EXISTING-AVERAGE: .01.HDG.MICRO-CHP-BOILER.STD.RADIATOR.],UK,PJ/y,0.0,0.0,0.0,0.0,0.0,0.0,0.0,0.0,0.0
RHEACHPRG01 [RES.HEAT.EXISTING-AVERAGE: .01.GAS.MICRO-CHP.STD.RADIATOR.],UK,PJ/y,0.0,0.0,0.0,0.0,0.0,0.0,0.0,0.0,0.0
RHEACHPRH01 [RES.HEAT.EXISTING-AVERAGE: .01.HDG.MICRO-CHP.STD.RADIATOR.],UK,PJ/y,0.0,0.0,0.0,0.0,0.0,0.0,0.0,0.0,0.0
RHEACHPRW01 [RES.HEAT.EXISTING-AVERAGE: .01.PELH.MICRO-CHP.STD.RADIATOR.],UK,PJ/y,0.0,0.0,0.0,0.0,0.0,0.0,0.0,0.0,0.0
RHEACSV01 [RES.HEAT.EXISTING-AVERAGE: .01.CONSERVATION-MEASURES.],UK,PJ/y,0.0,0.0,0.0,0.0,0.0,0.0,0.0,0.0,0.0
RHEACSVCAV01 [RES.HEAT.EXISTING-AVERAGE: .01.CONSERVATION.CAVITY-WALL.EASY.],UK,PJ/y,0.0,0.0,0.0,0.0,0.0,0.0,0.0,0.0,0.0
RHEACSVCAV02 [RES.HEAT.EXISTING-AVERAGE: .02.CONSERVATION.CAVITY-WALL.HARD.],UK,PJ/y,0.0,0.0,0.0,0.0,0.0,0.0,0.0,0.0,0.0
RHEACSVCON01 [RES.HEAT.EXISTING-AVERAGE: .01.CONSERVATION.HEATING-CONTROLS.],UK,PJ/y,0.0,0.0,0.0,0.0,0.0,0.0,0.0,0.0,0.0
RHEACSVCYL01 [RES.HEAT.EXISTING-AVERAGE: .01.CONSERVATION.HOT-WATER-CYLINDER-INSULATION],UK,PJ/y,0.0,0.0,0.0,0.0,0.0,0.0,0.0,0.0,0.0
RHEACSVDFT01 [RES.HEAT.EXISTING-AVERAGE: .01.CONSERVATION.DRAFT-PROOFING.],UK,PJ/y,0.0,0.0,0.0,0.0,0.0,0.0,0.0,0.0,0.0
RHEACSVFLR01 [RES.HEAT.EXISTING-AVERAGE: .01.CONSERVATION.FLOOR-INSULATION.],UK,PJ/y,0.0,0.0,0.0,0.0,0.0,0.0,0.0,0.0,0.0
RHEACSVFLU01 [RES.HEAT.EXISTING-AVERAGE: .01.CONSERVATION.BOILER.FLUE-GAS-HEAT-RECOVERY.],UK,PJ/y,0.0,0.0,0.0,0.0,0.0,0.0,0.0,0.0,0.0
RHEACSVLOF01 [RES.HEAT.EXISTING-AVERAGE: .01.CONSERVATION.LOFT-INSULATION.NEW.],UK,PJ/y,0.0,0.0,0.0,0.0,0.0,0.0,0.0,0.0,0.0
RHEACSVLOF02 [RES.HEAT.EXISTING-AVERAGE: .01.CONSERVATION.LOFT-INSULATION.TOPUP.],UK,PJ/y,0.0,0.0,0.0,0.0,0.0,0.0,0.0,0.0,0.0
RHEACSVSOL01 [RES.HEAT.EXISTING-AVERAGE: .01.CONSERVATION.SOLID-WALL.SYSTEM.],UK,PJ/y,0.0,0.0,0.0,0.0,0.0,0.0,0.0,0.0,0.0
RHEACSVSOL02 [RES.HEAT.EXISTING-AVERAGE: .02.CONSERVATION.SOLID-WALL.PRE-1966-SOLID-BRICK.],UK,PJ/y,0.0,0.0,0.0,0.0,0.0,0.0,0.0,0.0,0.0
RHEACSVSOL03 [RES.HEAT.EXISTING-AVERAGE: .03.CONSERVATION.SOLID-WALL.OTHER.],UK,PJ/y,0.0,0.0,0.0,0.0,0.0,0.0,0.0,0.0,0.0
RHEACSVWIN01 [RES.HEAT.EXISTING-AVERAGE: .01.CONSERVATION.WINDOWS.DOUBLE-GLAZING.],UK,PJ/y,0.0,0.0,0.0,0.0,0.0,0.0,0.0,0.0,0.0
RHEAGHBRE01 [RES.HEAT.EXISTING-AVERAGE: .01.ELC.HEAT PUMP.GROUND.NGA.BOILER.RADIATOR.],UK,PJ/y,0.0,0.0,0.0,0.0,0.0,0.0,0.0,0.0,0.0
RHEAGHBUE01 [RES.HEAT.EXISTING-AVERAGE: .01.ELC.HEAT PUMP.GROUND.NGA.BOILER.UNDERFLOOR.],UK,PJ/y,0.0,0.0,0.0,0.0,0.0,0.0,0.0,0.0,0.0
RHEAGHHRE01 [RES.HEAT.EXISTING-AVERAGE: .01.ELC.HEAT PUMP.GROUND.HDG.BOILER.RADIATOR.],UK,PJ/y,0.0,0.0,0.0,0.0,0.0,0.0,0.0,0.0,0.0
RHEAGHHUE01 [RES.HEAT.EXISTING-AVERAGE: .01.ELC.HEAT PUMP.GROUND.HDG.BOILER.UNDERFLOOR.],UK,PJ/y,0.0,0.0,0.0,0.0,0.0,0.0,0.0,0.0,0.0
RHEAGHPRE01 [RES.HEAT.EXISTING-AVERAGE: .01.ELC.HEAT PUMP.GROUND.RADIATOR.],UK,PJ/y,0.0,0.0,0.0,0.0,0.0,0.0,0.0,0.0,0.0
RHEAGHPUE01 [RES.HEAT.EXISTING-AVERAGE: .01.ELC.HEAT PUMP.GROUND.UNDERFLOOR.],UK,PJ/y,0.0,0.0,0.0,0.0,0.0,0.0,0.0,0.0,0.0
RHEAGHSRE01 [RES.HEAT.EXISTING-AVERAGE: .01.ELC.HEAT PUMP.GROUND.SOLAR-THERMAL.RADIATOR.],UK,PJ/y,0.0,0.0,0.0,0.0,0.0,0.0,0.0,0.0,0.0
RHEAGHSUE01 [RES.HEAT.EXISTING-AVERAGE: .01.ELC.HEAT PUMP.GROUND.SOLAR-THERMAL.UNDERFLOOR.],UK,PJ/y,0.0,0.0,0.0,0.0,0.0,0.0,0.0,0.0,0.0
RHEANSTRE01 [RES.HEAT.EXISTING-AVERAGE: .01.ELC.RESISTANCE.STANDALONE.NIGHT-STORAGE.],UK,PJ/y,0.0,0.0,0.0,0.0,0.0,0.0,0.0,0.0,0.0
RHEARAD01 [RES.HEAT.EXISTING-AVERAGE: .01.HTP.RADIATOR.],UK,PJ/y,0.0,0.0,0.0,0.0,0.0,0.0,0.0,0.0,0.0
RHEAREFCG01 [RES.HEAT.EXISTING-AVERAGE: .01.HDG.MICRO-CHP.REFORMER.],UK,PJ/y,0.0,0.0,0.0,0.0,0.0,0.0,0.0,0.0,0.0
RHEASA01 [RES.HEAT.EXISTING-AVERAGE: .01.STANDALONE.DELIVERY.],UK,PJ/y,0.0,0.0,0.0,0.0,0.0,0.0,0.0,0.0,0.0
RHEASHTRE01 [RES.HEAT.EXISTING-AVERAGE: .01.ELC.RESISTANCE.STANDALONE.],UK,PJ/y,0.0,0.0,0.0,0.0,0.0,0.0,0.0,0.0,0.0
RHEASHTRG01 [RES.HEAT.EXISTING-AVERAGE: .01.NGA.HEATER.STANDALONE.],UK,PJ/y,0.0,0.0,0.0,0.0,0.0,0.0,0.0,0.0,0.0
RHEASTGNT01 [RES.HEAT.EXISTING-AVERAGE: .01.ELC.NIGHT-STORAGE.HEAT-SUPPLY.],UK,PJ/y,0.0,0.0,0.0,0.0,0.0,0.0,0.0,0.0,0.0
RHEAUND01 [RES.HEAT.EXISTING-AVERAGE: .01.HTP.UNDERFLOOR.],UK,PJ/y,0.0,0.0,0.0,0.0,0.0,0.0,0.0,0.0,0.0
RHNAAHBRE01 [RES.HEAT.NEW-AVERAGE: .01.ELC.HEAT PUMP.AIR.NGA.BOILER.RADIATOR.],UK,PJ/y,0.0,0.0,0.0,0.0,0.0,0.0,0.0,0.0,0.0
RHNAAHBUE01 [RES.HEAT.NEW-AVERAGE: .01.ELC.HEAT PUMP.AIR.NGA.BOILER.UNDERFLOOR.],UK,PJ/y,0.0,0.0,0.0,0.0,0.0,0.0,0.0,0.0,0.0
RHNAAHHRE01 [RES.HEAT.NEW-AVERAGE: .01.ELC.HEAT PUMP.AIR.HDG.BOILER.RADIATOR.],UK,PJ/y,0.0,0.0,0.0,0.0,0.0,0.0,0.0,0.0,0.0
RHNAAHHUE01 [RES.HEAT.NEW-AVERAGE: .01.ELC.HEAT PUMP.AIR.HDG.BOILER.UNDERFLOOR.],UK,PJ/y,0.0,0.0,0.0,0.0,0.0,0.0,0.0,0.0,0.0
RHNAAHPRE01 [RES.HEAT.NEW-AVERAGE: .01.ELC.HEAT PUMP.AIR.RADIATOR.],UK,PJ/y,0.0,0.0,0.0,0.0,0.0,0.0,0.0,0.0,0.0
RHNAAHPUE01 [RES.HEAT.NEW-AVERAGE: .01.ELC.HEAT PUMP.AIR.UNDERFLOOR.],UK,PJ/y,0.0,0.0,0.0,0.0,0.0,0.0,0.0,0.0,0.0
RHNAAHSRE01 [RES.HEAT.NEW-AVERAGE: .01.ELC.HEAT PUMP.AIR.SOLAR-THERMAL.RADIATOR.],UK,PJ/y,0.0,0.0,0.0,0.0,0.0,0.0,0.0,0.0,0.0
RHNAAHSUE01 [RES.HEAT.NEW-AVERAGE: .01.ELC.HEAT PUMP.AIR.SOLAR-THERMAL.UNDERFLOOR.],UK,PJ/y,0.0,0.0,0.0,0.0,0.0,0.0,0.0,0.0,0.0
RHNABLCRG01 [RES.HEAT.NEW-AVERAGE: .01.NGA.BOILER.CON.RADIATOR.],UK,PJ/y,0.0,0.0,0.0,0.0,0.0,0.0,0.0,0.0,0.0
RHNABLCRH01 [RES.HEAT.NEW-AVERAGE: .01.HDG.BOILER.CON.RADIATOR.],UK,PJ/y,0.0,0.0,0.0,0.0,0.0,0.0,0.0,0.0,0.0
RHNABLCRO01 [RES.HEAT.NEW-AVERAGE: .01.KER.BOILER.CON.RADIATOR.],UK,PJ/y,0.0,0.0,0.0,0.0,0.0,0.0,0.0,0.0,0.0
RHNABLCRP01 [RES.HEAT.NEW-AVERAGE: .01.PEL.BOILER.CON.RADIATOR.],UK,PJ/y,0.0,0.0,0.0,0.0,0.0,0.0,0.0,0.0,0.0
RHNABLRRE01 [RES.HEAT.NEW-AVERAGE: .01.ELC.BOILER.CON.RADIATOR.],UK,PJ/y,0.0,0.0,0.0,0.0,0.0,0.0,0.0,0.0,0.0
RHNABLRRW01 [RES.HEAT.NEW-AVERAGE: .01.WOD.BOILER.CON.RADIATOR.],UK,PJ/y,0.0,0.0,0.0,0.0,0.0,0.0,0.0,0.0,0.0
RHNABLSRE01 [RES.HEAT.NEW-AVERAGE: .01.ELC.BOILER.CON.SOLAR-THERMAL.RADIATOR.],UK,PJ/y,0.0,0.0,0.0,0.0,0.0,0.0,0.0,0.0,0.0
RHNABLSRG01 [RES.HEAT.NEW-AVERAGE: .01.NGA.BOILER.CON.SOLAR-THERMAL.RADIATOR.],UK,PJ/y,0.0,0.0,0.0,0.0,0.0,0.0,0.0,0.0,0.0
RHNABLSRH01 [RES.HEAT.NEW-AVERAGE: .01.HDG.BOILER.CON.SOLAR-THERMAL.RADIATOR.],UK,PJ/y,0.0,0.0,0.0,0.0,0.0,0.0,0.0,0.0,0.0
RHNABLSRO01 [RES.HEAT.NEW-AVERAGE: .01.KER.BOILER.CON.SOLAR-THERMAL.RADIATOR.],UK,PJ/y,0.0,0.0,0.0,0.0,0.0,0.0,0.0,0.0,0.0
RHNABLSRP01 [RES.HEAT.NEW-AVERAGE: .01.PEL.BOILER.CON.SOLAR-THERMAL.RADIATOR.],UK,PJ/y,0.0,0.0,0.0,0.0,0.0,0.0,0.0,0.0,0.0
RHNABLSRW01 [RES.HEAT.NEW-AVERAGE: .01.WOD.BOILER.CON.SOLAR-THERMAL.RADIATOR.],UK,PJ/y,0.0,0.0,0.0,0.0,0.0,0.0,0.0,0.0,0.0
RHNACHBRH01 [RES.HEAT.NEW-AVERAGE: .01.HDG.MICRO-CHP-BOILER.STD.RADIATOR.],UK,PJ/y,0.0,0.0,0.0,0.0,0.0,0.0,0.0,0.0,0.0
RHNACHPRG01 [RES.HEAT.NEW-AVERAGE: .01.GAS.MICRO-CHP.STD.RADIATOR.],UK,PJ/y,0.0,0.0,0.0,0.0,0.0,0.0,0.0,0.0,0.0
RHNACHPRH01 [RES.HEAT.NEW-AVERAGE: .01.HDG.MICRO-CHP.STD.RADIATOR.],UK,PJ/y,0.0,0.0,0.0,0.0,0.0,0.0,0.0,0.0,0.0
RHNACHPRW01 [RES.HEAT.NEW-AVERAGE: .01.PELH.MICRO-CHP.STD.RADIATOR.],UK,PJ/y,0.0,0.0,0.0,0.0,0.0,0.0,0.0,0.0,0.0
RHNAGHBRE01 [RES.HEAT.NEW-AVERAGE: .01.ELC.HEAT PUMP.GROUND.NGA.BOILER.RADIATOR.],UK,PJ/y,0.0,0.0,0.0,0.0,0.0,0.0,0.0,0.0,0.0
RHNAGHBUE01 [RES.HEAT.NEW-AVERAGE: .01.ELC.HEAT PUMP.GROUND.NGA.BOILER.UNDERFLOOR.],UK,PJ/y,0.0,0.0,0.0,0.0,0.0,0.0,0.0,0.0,0.0
RHNAGHHRE01 [RES.HEAT.NEW-AVERAGE: .01.ELC.HEAT PUMP.GROUND.HDG.BOILER.RADIATOR.],UK,PJ/y,0.0,0.0,0.0,0.0,0.0,0.0,0.0,0.0,0.0
RHNAGHHUE01 [RES.HEAT.NEW-AVERAGE: .01.ELC.HEAT PUMP.GROUND.HDG.BOILER.UNDERFLOOR.],UK,PJ/y,0.0,0.0,0.0,0.0,0.0,0.0,0.0,0.0,0.0
RHNAGHPRE01 [RES.HEAT.NEW-AVERAGE: .01.ELC.HEAT PUMP.GROUND.RADIATOR.],UK,PJ/y,0.0,0.0,0.0,0.0,0.0,0.0,0.0,0.0,0.0
RHNAGHPUE01 [RES.HEAT.NEW-AVERAGE: .01.ELC.HEAT PUMP.GROUND.UNDERFLOOR.],UK,PJ/y,0.0,0.0,0.0,0.0,0.0,0.0,0.0,0.0,0.0
RHNAGHSRE01 [RES.HEAT.NEW-AVERAGE: .01.ELC.HEAT PUMP.GROUND.SOLAR-THERMAL.RADIATOR.],UK,PJ/y,0.0,0.0,0.0,0.0,0.0,0.0,0.0,0.0,0.0
RHNAGHSUE01 [RES.HEAT.NEW-AVERAGE: .01.ELC.HEAT PUMP.GROUND.SOLAR-THERMAL.UNDERFLOOR.],UK,PJ/y,0.0,0.0,0.0,0.0,0.0,0.0,0.0,0.0,0.0
RHNANSTRE01 [RES.HEAT.NEW-AVERAGE: .01.ELC.RESISTANCE.STANDALONE.NIGHT-STORAGE.],UK,PJ/y,0.0,0.0,0.0,0.0,0.0,0.0,0.0,0.0,0.0
RHNARAD01 [RES.HEAT.NEW-AVERAGE: .01.HTP.RADIATOR.],UK,PJ/y,0.0,0.0,0.0,0.0,0.0,0.0,0.0,0.0,0.0
RHNAREFCG01 [RES.HEAT.NEW-AVERAGE: .01.HDG.MICRO-CHP.REFORMER.],UK,PJ/y,0.0,0.0,0.0,0.0,0.0,0.0,0.0,0.0,0.0
RHNASA01 [RES.HEAT.NEW-AVERAGE: .01.STANDALONE.DELIVERY.],UK,PJ/y,0.0,0.0,0.0,0.0,0.0,0.0,0.0,0.0,0.0
RHNASHTRE01 [RES.HEAT.NEW-AVERAGE: .01.ELC.RESISTANCE.STANDALONE.],UK,PJ/y,0.0,0.0,0.0,0.0,0.0,0.0,0.0,0.0,0.0
RHNASHTRG01 [RES.HEAT.NEW-AVERAGE: .01.NGA.HEATER.STANDALONE.],UK,PJ/y,0.0,0.0,0.0,0.0,0.0,0.0,0.0,0.0,0.0
RHNASTGNT01 [RES.HEAT.NEW-AVERAGE: .01.ELC.NIGHT-STORAGE.HEAT-SUPPLY.],UK,PJ/y,0.0,0.0,0.0,0.0,0.0,0.0,0.0,0.0,0.0
RHNAUND01 [RES.HEAT.NEW-AVERAGE: .01.HTP.UNDERFLOOR.],UK,PJ/y,0.0,0.0,0.0,0.0,0.0,0.0,0.0,0.0,0.0
RWEACSV01 [RES.WATER.EXISTING-AVERAGE: .01.CONSERVATION-MEASURES.],UK,PJ/y,0.0,0.0,0.0,0.0,0.0,0.0,0.0,0.0,0.0
RWEASA01 [RES.WATER.EXISTING-AVERAGE: .01.STANDALONE.DELIVERY.],UK,PJ/y,0.0,0.0,0.0,0.0,0.0,0.0,0.0,0.0,0.0
RWEAWHTRE01 [RES.WATER.EXISTING-AVERAGE: .01.ELC.RESISTANCE.STANDALONE.],UK,PJ/y,0.0,0.0,0.0,0.0,0.0,0.0,0.0,0.0,0.0
RWEAWHTRG01 [RES.WATER.EXISTING-AVERAGE: .01.NGA.BOILER.STD.STANDALONE.],UK,PJ/y,0.0,0.0,0.0,0.0,0.0,0.0,0.0,0.0,0.0
RWNASA01 [RES.WATER.NEW-AVERAGE: .01.STANDALONE.DELIVERY.],UK,PJ/y,0.0,0.0,0.0,0.0,0.0,0.0,0.0,0.0,0.0
RWNAWHTRE01 [RES.WATER.NEW-AVERAGE: .01.ELC.RESISTANCE.STANDALONE.],UK,PJ/y,0.0,0.0,0.0,0.0,0.0,0.0,0.0,0.0,0.0
RWNAWHTRG01 [RES.WATER.NEW-AVERAGE: .01.NGA.BOILER.STD.STANDALONE.],UK,PJ/y,0.0,0.0,0.0,0.0,0.0,0.0,0.0,0.0,0.0
