technology,dst_region,region,installed,agent,sector,type,year,capacity
SCHDAIR00 [SER.COOLTH.HIGH-CONSUMPTION: .00.AIR.DELIVERY.],UK,UK,2010,Agent2,service,newcapa,2010,430.56960000000
SCHP-CCG00 [SER.CHP: .00.COMBINED-CYCLE.NGA.],UK,UK,2010,Agent2,service,newcapa,2010,1.37050000000
SCHP-GES00 [SER.CHP: .00.GAS-ENGINE.BOG.],UK,UK,2010,Agent2,service,newcapa,2010,0.33800000000
SCHP-STW00 [SER.CHP: .00.STEAM-TURBINE.BIOMASS.],UK,UK,2010,Agent2,service,newcapa,2010,0.43580000000
SCKELC000 [SER.COOKING: .00.ELC.],UK,UK,2010,Agent2,service,newcapa,2010,43.21750000000
SCKNGA000 [SER.COOKING: .00.NGA.],UK,UK,2010,Agent2,service,newcapa,2010,48.64570000000
SCKOTH000 [SER.COOKING: .00.OIL.HEAT.],UK,UK,2010,Agent2,service,newcapa,2010,6.03140000000
SCPECOMP00 [SER.COMPUTERS: .00.],UK,UK,2010,Agent2,service,newcapa,2010,19.89970000000
SHHA-CAE00 [SER.HEAT.HIGH-CONSUMPTION: .00.ELC.AIR-CONDITIONER.HFC.AIR.],UK,UK,2010,Agent2,service,newcapa,2010,1608.65140000000
SHHBLRRC00 [SER.HEAT.HIGH-CONSUMPTION: .00.HCO.BOILER.STD.RADIATOR.],UK,UK,2010,Agent2,service,newcapa,2010,2.25960000000
SHHBLRRE00 [SER.HEAT.HIGH-CONSUMPTION: .00.ELC.BOILER.STD.RADIATOR.],UK,UK,2010,Agent2,service,newcapa,2010,24.14600000000
SHHBLRRG00 [SER.HEAT.HIGH-CONSUMPTION: .00.NGA.BOILER.STD.RADIATOR.],UK,UK,2010,Agent2,service,newcapa,2010,605.86950000000
SHHBLRRO00 [SER.HEAT.HIGH-CONSUMPTION: .00.LFO.BOILER.STD.RADIATOR.],UK,UK,2010,Agent2,service,newcapa,2010,80.66050000000
SHHBLRRW00 [SER.HEAT.HIGH-CONSUMPTION: .00.WOD.BOILER.STD.RADIATOR.],UK,UK,2010,Agent2,service,newcapa,2010,10.18870000000
SHHDAIR00 [SER.HEAT.HIGH-CONSUMPTION: .00.AIR.DELIVERY.],UK,UK,2010,Agent2,service,newcapa,2010,111.89810000000
SHHDRAD00 [SER.HEAT.HIGH-CONSUMPTION: .00.HTP.RADIATOR.],UK,UK,2010,Agent2,service,newcapa,2010,740.43030000000
SHHVACAE00 [SER.HEAT.HIGH-CONSUMPTION: .00.ELC.HVAC.HFC.AIR.],UK,UK,2010,Agent2,service,newcapa,2010,167.96210000000
SHLAHPRE00 [SER.HEAT.LOW-CONSUMPTION: .00.ELC.HEAT PUMP.AIR.RADIATOR.],UK,UK,2010,Agent2,service,newcapa,2010,0.73120000000
SHLBLCRG00 [SER.HEAT.LOW-CONSUMPTION: .00.NGA.BOILER.CON.RADIATOR.],UK,UK,2010,Agent2,service,newcapa,2010,108.52620000000
SHLBLCRO00 [SER.HEAT.LOW-CONSUMPTION: .00.OIL.BOILER.CON.RADIATOR.],UK,UK,2010,Agent2,service,newcapa,2010,7.93350000000
SHLBLRRC00 [SER.HEAT.LOW-CONSUMPTION: .00.HCO.BOILER.STD.RADIATOR.],UK,UK,2010,Agent2,service,newcapa,2010,0.99330000000
SHLBLRRG00 [SER.HEAT.LOW-CONSUMPTION: .00.NGA.BOILER.STD.RADIATOR.],UK,UK,2010,Agent2,service,newcapa,2010,210.66840000000
SHLBLRRO00 [SER.HEAT.LOW-CONSUMPTION: .00.OIL.BOILER.STD.RADIATOR.],UK,UK,2010,Agent2,service,newcapa,2010,30.80070000000
SHLBLRRW00 [SER.HEAT.LOW-CONSUMPTION: .00.WOD.BOILER.STD.RADIATOR.],UK,UK,2010,Agent2,service,newcapa,2010,4.56760000000
SHLDRAD00 [SER.HEAT.LOW-CONSUMPTION: .00.HTP.RADIATOR.],UK,UK,2010,Agent2,service,newcapa,2010,115.13980000000
SHLDSTD00 [SER.HEAT.LOW-CONSUMPTION: .00.STANDALONE.DELIVERY.],UK,UK,2010,Agent2,service,newcapa,2010,181.37570000000
SHLNSTRE00 [SER.HEAT.LOW-CONSUMPTION: .00.ELC.RESISTANCE.STANDALONE.NIGHT-STORAGE.],UK,UK,2010,Agent2,service,newcapa,2010,94.88900000000
SHLSHTRE00 [SER.HEAT.LOW-CONSUMPTION: .00.ELC.RESISTANCE.STANDALONE.],UK,UK,2010,Agent2,service,newcapa,2010,32.44210000000
SHLSHTRG00 [SER.HEAT.LOW-CONSUMPTION: .00.NGA.RESISTANCE.STANDALONE.],UK,UK,2010,Agent2,service,newcapa,2010,310.99230000000
SHLSHTRO00 [SER.HEAT.LOW-CONSUMPTION: .00.LFO.RESISTANCE.STANDALONE.],UK,UK,2010,Agent2,service,newcapa,2010,52.31690000000
SHLSTGNT00 [SER.HEAT.LOW-CONSUMPTION: .00.ELC.NIGHT-STORAGE.HEAT-SUPPLY.],UK,UK,2010,Agent2,service,newcapa,2010,94.88900000000
SLOFEFLU00 [SER.LIGHTING: .00.OFFICE.FLUORESCENT.],UK,UK,2010,Agent2,service,newcapa,2010,378.14400000000
SLOTECCL00 [SER.LIGHTING: .00.OTHER.CCL.],UK,UK,2010,Agent2,service,newcapa,2010,170.71680000000
SOTHELC00 [SER.OTHER: .00.ELC.],UK,UK,2010,Agent2,service,newcapa,2010,17.94620000000
SOTHNGA00 [SER.OTHER: .00.NGA.OIL.HEAT.],UK,UK,2010,Agent2,service,newcapa,2010,5.27600000000
SREFEHFC00 [SER.REFRIGERATION: .00.HFC.],UK,UK,2010,Agent2,service,newcapa,2010,57.02400000000
SWHBLRRC00 [SER.WATER.HIGH-CONSUMPTION: .00.HCO.BOILER.STD.PIPE.],UK,UK,2010,Agent2,service,newcapa,2010,0.31160000000
SWHBLRRG00 [SER.WATER.HIGH-CONSUMPTION: .00.NGA.BOILER.STD.PIPE.],UK,UK,2010,Agent2,service,newcapa,2010,160.70220000000
SWHBLRRO00 [SER.WATER.HIGH-CONSUMPTION: .00.LFO.BOILER.STD.PIPE.],UK,UK,2010,Agent2,service,newcapa,2010,11.18800000000
SWHBLRRW00 [SER.WATER.HIGH-CONSUMPTION: .00.WOD.BOILER.STD.PIPE.],UK,UK,2010,Agent2,service,newcapa,2010,1.42580000000
SWHDPIP00 [SER.WATER.HIGH-CONSUMPTION: .00.PIPE.DELIVERY.],UK,UK,2010,Agent2,service,newcapa,2010,54.10610000000
SWHDSTD00 [SER.WATER.HIGH-CONSUMPTION: .00.STANDALONE.DELIVERY.],UK,UK,2010,Agent2,service,newcapa,2010,14.74120000000
SWHWHTRE00 [SER.WATER.HIGH-CONSUMPTION: .00.ELC.RESISTANCE.STANDALONE.],UK,UK,2010,Agent2,service,newcapa,2010,54.27420000000
SWLDSTD00 [SER.WATER.LOW-CONSUMPTION: .00.STANDALONE.DELIVERY.],UK,UK,2010,Agent2,service,newcapa,2010,7.69480000000
SWLWHTRE00 [SER.WATER.LOW-CONSUMPTION: .00.ELC.RESISTANCE.STANDALONE.],UK,UK,2010,Agent2,service,newcapa,2010,85.89150000000
SCHCSV01 [SER.COOLTH.HIGH-CONSUMPTION: .01.CONSERVATION-MEASURES.],UK,UK,2010,Agent2,service,newcapa,2015,137.44360000000
SCHDAIR00 [SER.COOLTH.HIGH-CONSUMPTION: .00.AIR.DELIVERY.],UK,UK,2010,Agent2,service,newcapa,2015,379.05960000000
SCHDAIR01 [SER.COOLTH.HIGH-CONSUMPTION: .01.AIR.DELIVERY.],UK,UK,2010,Agent2,service,newcapa,2015,137.44360000000
SCHP-CCG00 [SER.CHP: .00.COMBINED-CYCLE.NGA.],UK,UK,2010,Agent2,service,newcapa,2015,1.06600000000
SCHP-GES00 [SER.CHP: .00.GAS-ENGINE.BOG.],UK,UK,2010,Agent2,service,newcapa,2015,0.22530000000
SCHP-STW00 [SER.CHP: .00.STEAM-TURBINE.BIOMASS.],UK,UK,2010,Agent2,service,newcapa,2015,0.33890000000
SCKELC000 [SER.COOKING: .00.ELC.],UK,UK,2010,Agent2,service,newcapa,2015,25.93050000000
SCKHYG001 [SER.COOKING: .01.HDG.],UK,UK,2010,Agent2,service,newcapa,2015,6.09300000000
SCKLFO001 [SER.COOKING: .01.OIL.],UK,UK,2010,Agent2,service,newcapa,2015,6.09300000000
SCKNGA000 [SER.COOKING: .00.NGA.],UK,UK,2010,Agent2,service,newcapa,2015,35.28040000000
SCKNGA001 [SER.COOKING: .01.NGA.],UK,UK,2010,Agent2,service,newcapa,2015,6.09300000000
SCKOTH000 [SER.COOKING: .00.OIL.HEAT.],UK,UK,2010,Agent2,service,newcapa,2015,9.71190000000
SCPECOMP00 [SER.COMPUTERS: .00.],UK,UK,2010,Agent2,service,newcapa,2015,10.00000000000
SCPECOMP01 [SER.COMPUTERS: .01.],UK,UK,2010,Agent2,service,newcapa,2015,15.11180000000
SCSELPDT01 [SER.LIGHTING: .01.CONSERVATION.PRESENCE-DETECTOR.],UK,UK,2010,Agent2,service,newcapa,2015,1.21830000000
SCSELTMR01 [SER.LIGHTING: .01.CONSERVATION.LIGHTING-TIMER.],UK,UK,2010,Agent2,service,newcapa,2015,59.71970000000
SHHA-CAE00 [SER.HEAT.HIGH-CONSUMPTION: .00.ELC.AIR-CONDITIONER.HFC.AIR.],UK,UK,2010,Agent2,service,newcapa,2015,1149.03670000000
SHHBLRRC00 [SER.HEAT.HIGH-CONSUMPTION: .00.HCO.BOILER.STD.RADIATOR.],UK,UK,2010,Agent2,service,newcapa,2015,1.61400000000
SHHBLRRE00 [SER.HEAT.HIGH-CONSUMPTION: .00.ELC.BOILER.STD.RADIATOR.],UK,UK,2010,Agent2,service,newcapa,2015,17.24720000000
SHHBLRRG00 [SER.HEAT.HIGH-CONSUMPTION: .00.NGA.BOILER.STD.RADIATOR.],UK,UK,2010,Agent2,service,newcapa,2015,432.76390000000
SHHBLRRO00 [SER.HEAT.HIGH-CONSUMPTION: .00.LFO.BOILER.STD.RADIATOR.],UK,UK,2010,Agent2,service,newcapa,2015,57.61460000000
SHHBLRRW00 [SER.HEAT.HIGH-CONSUMPTION: .00.WOD.BOILER.STD.RADIATOR.],UK,UK,2010,Agent2,service,newcapa,2015,7.27760000000
SHHDAIR00 [SER.HEAT.HIGH-CONSUMPTION: .00.AIR.DELIVERY.],UK,UK,2010,Agent2,service,newcapa,2015,95.91260000000
SHHDRAD00 [SER.HEAT.HIGH-CONSUMPTION: .00.HTP.RADIATOR.],UK,UK,2010,Agent2,service,newcapa,2015,634.65450000000
SHHVACAE00 [SER.HEAT.HIGH-CONSUMPTION: .00.ELC.HVAC.HFC.AIR.],UK,UK,2010,Agent2,service,newcapa,2015,119.97290000000
SHLAHPRE00 [SER.HEAT.LOW-CONSUMPTION: .00.ELC.HEAT PUMP.AIR.RADIATOR.],UK,UK,2010,Agent2,service,newcapa,2015,0.52230000000
SHLBLCRG00 [SER.HEAT.LOW-CONSUMPTION: .00.NGA.BOILER.CON.RADIATOR.],UK,UK,2010,Agent2,service,newcapa,2015,72.35080000000
SHLBLCRO00 [SER.HEAT.LOW-CONSUMPTION: .00.OIL.BOILER.CON.RADIATOR.],UK,UK,2010,Agent2,service,newcapa,2015,5.28900000000
SHLBLRRC00 [SER.HEAT.LOW-CONSUMPTION: .00.HCO.BOILER.STD.RADIATOR.],UK,UK,2010,Agent2,service,newcapa,2015,0.66220000000
SHLBLRRG00 [SER.HEAT.LOW-CONSUMPTION: .00.NGA.BOILER.STD.RADIATOR.],UK,UK,2010,Agent2,service,newcapa,2015,140.44560000000
SHLBLRRO00 [SER.HEAT.LOW-CONSUMPTION: .00.OIL.BOILER.STD.RADIATOR.],UK,UK,2010,Agent2,service,newcapa,2015,20.53380000000
SHLBLRRW00 [SER.HEAT.LOW-CONSUMPTION: .00.WOD.BOILER.STD.RADIATOR.],UK,UK,2010,Agent2,service,newcapa,2015,3.04510000000
SHLDRAD00 [SER.HEAT.LOW-CONSUMPTION: .00.HTP.RADIATOR.],UK,UK,2010,Agent2,service,newcapa,2015,98.69130000000
SHLDSTD00 [SER.HEAT.LOW-CONSUMPTION: .00.STANDALONE.DELIVERY.],UK,UK,2010,Agent2,service,newcapa,2015,155.46490000000
SHLNSTRE00 [SER.HEAT.LOW-CONSUMPTION: .00.ELC.RESISTANCE.STANDALONE.NIGHT-STORAGE.],UK,UK,2010,Agent2,service,newcapa,2015,63.25930000000
SHLSHTRE00 [SER.HEAT.LOW-CONSUMPTION: .00.ELC.RESISTANCE.STANDALONE.],UK,UK,2010,Agent2,service,newcapa,2015,21.62800000000
SHLSHTRG00 [SER.HEAT.LOW-CONSUMPTION: .00.NGA.RESISTANCE.STANDALONE.],UK,UK,2010,Agent2,service,newcapa,2015,207.32820000000
SHLSHTRO00 [SER.HEAT.LOW-CONSUMPTION: .00.LFO.RESISTANCE.STANDALONE.],UK,UK,2010,Agent2,service,newcapa,2015,34.87790000000
SHLSTGNT00 [SER.HEAT.LOW-CONSUMPTION: .00.ELC.NIGHT-STORAGE.HEAT-SUPPLY.],UK,UK,2010,Agent2,service,newcapa,2015,63.25930000000
SLOFEFLU00 [SER.LIGHTING: .00.OFFICE.FLUORESCENT.],UK,UK,2010,Agent2,service,newcapa,2015,10.00000000000
SLOFEFLU01 [SER.LIGHTING: .01.OFFICE.FLUORESCENT.],UK,UK,2010,Agent2,service,newcapa,2015,201.01310000000
SLOFELED00 [SER.LIGHTING: .00.OFFICE.LED.],UK,UK,2010,Agent2,service,newcapa,2015,10.00000000000
SLOFELED01 [SER.LIGHTING: .01.OFFICE.LED.],UK,UK,2010,Agent2,service,newcapa,2015,95.50650000000
SLOTECCL00 [SER.LIGHTING: .00.OTHER.CCL.],UK,UK,2010,Agent2,service,newcapa,2015,66.90560000000
SLOTECCL01 [SER.LIGHTING: .01.OTHER.CCL.],UK,UK,2010,Agent2,service,newcapa,2015,32.43670000000
SLOTELED00 [SER.LIGHTING: .00.OTHER.LED.],UK,UK,2010,Agent2,service,newcapa,2015,10.00000000000
SLOTELED01 [SER.LIGHTING: .01.OTHER.LED.],UK,UK,2010,Agent2,service,newcapa,2015,11.21830000000
SOTHELC00 [SER.OTHER: .00.ELC.],UK,UK,2010,Agent2,service,newcapa,2015,21.42650000000
SOTHELC01 [SER.OTHER: .01.ELC.],UK,UK,2010,Agent2,service,newcapa,2015,6.04410000000
SOTHNGA00 [SER.OTHER: .00.NGA.OIL.HEAT.],UK,UK,2010,Agent2,service,newcapa,2015,10.56630000000
SOTHNGA01 [SER.OTHER: .01.NGA.],UK,UK,2010,Agent2,service,newcapa,2015,6.04410000000
SREFEHFC00 [SER.REFRIGERATION: .00.HFC.],UK,UK,2010,Agent2,service,newcapa,2015,48.01600000000
SREFEHFC01 [SER.REFRIGERATION: .01.HFC.],UK,UK,2010,Agent2,service,newcapa,2015,51.72170000000
SREFEHFO00 [SER.REFRIGERATION: .00.HFO.],UK,UK,2010,Agent2,service,newcapa,2015,10.00000000000
SREFEHFO01 [SER.REFRIGERATION: .01.HFO.],UK,UK,2010,Agent2,service,newcapa,2015,20.86080000000
SWHBLRRC00 [SER.WATER.HIGH-CONSUMPTION: .00.HCO.BOILER.STD.PIPE.],UK,UK,2010,Agent2,service,newcapa,2015,0.22260000000
SWHBLRRG00 [SER.WATER.HIGH-CONSUMPTION: .00.NGA.BOILER.STD.PIPE.],UK,UK,2010,Agent2,service,newcapa,2015,114.78730000000
SWHBLRRO00 [SER.WATER.HIGH-CONSUMPTION: .00.LFO.BOILER.STD.PIPE.],UK,UK,2010,Agent2,service,newcapa,2015,7.99140000000
SWHBLRRW00 [SER.WATER.HIGH-CONSUMPTION: .00.WOD.BOILER.STD.PIPE.],UK,UK,2010,Agent2,service,newcapa,2015,1.01840000000
SWHDPIP00 [SER.WATER.HIGH-CONSUMPTION: .00.PIPE.DELIVERY.],UK,UK,2010,Agent2,service,newcapa,2015,46.37670000000
SWHDSTD00 [SER.WATER.HIGH-CONSUMPTION: .00.STANDALONE.DELIVERY.],UK,UK,2010,Agent2,service,newcapa,2015,12.63530000000
SWHWHTRE00 [SER.WATER.HIGH-CONSUMPTION: .00.ELC.RESISTANCE.STANDALONE.],UK,UK,2010,Agent2,service,newcapa,2015,38.76730000000
SWLDSTD00 [SER.WATER.LOW-CONSUMPTION: .00.STANDALONE.DELIVERY.],UK,UK,2010,Agent2,service,newcapa,2015,17.20470000000
SWLDSTD01 [SER.WATER.LOW-CONSUMPTION: .01.STANDALONE.DELIVERY.],UK,UK,2010,Agent2,service,newcapa,2015,13.46150000000
SWLWHTRE00 [SER.WATER.LOW-CONSUMPTION: .00.ELC.RESISTANCE.STANDALONE.],UK,UK,2010,Agent2,service,newcapa,2015,57.26100000000
SWLWHTRE01 [SER.WATER.LOW-CONSUMPTION: .01.ELC.RESISTANCE.STANDALONE.],UK,UK,2010,Agent2,service,newcapa,2015,17.04950000000
SCHCSV01 [SER.COOLTH.HIGH-CONSUMPTION: .01.CONSERVATION-MEASURES.],UK,UK,2010,Agent2,service,newcapa,2020,137.44360000000
SCHDAIR00 [SER.COOLTH.HIGH-CONSUMPTION: .00.AIR.DELIVERY.],UK,UK,2010,Agent2,service,newcapa,2020,317.54970000000
SCHDAIR00 [SER.COOLTH.HIGH-CONSUMPTION: .00.AIR.DELIVERY.],UK,UK,2015,Agent2,service,newcapa,2020,10.00000000000
SCHDAIR01 [SER.COOLTH.HIGH-CONSUMPTION: .01.AIR.DELIVERY.],UK,UK,2010,Agent2,service,newcapa,2020,137.44360000000
SCHDAIR01 [SER.COOLTH.HIGH-CONSUMPTION: .01.AIR.DELIVERY.],UK,UK,2015,Agent2,service,newcapa,2020,90.35730000000
SCHP-CCG00 [SER.CHP: .00.COMBINED-CYCLE.NGA.],UK,UK,2010,Agent2,service,newcapa,2020,0.76140000000
SCHP-GES00 [SER.CHP: .00.GAS-ENGINE.BOG.],UK,UK,2010,Agent2,service,newcapa,2020,0.11270000000
SCHP-STW00 [SER.CHP: .00.STEAM-TURBINE.BIOMASS.],UK,UK,2010,Agent2,service,newcapa,2020,0.24210000000
SCKELC000 [SER.COOKING: .00.ELC.],UK,UK,2010,Agent2,service,newcapa,2020,8.64350000000
SCKHYG001 [SER.COOKING: .01.HDG.],UK,UK,2010,Agent2,service,newcapa,2020,6.09300000000
SCKLFO001 [SER.COOKING: .01.OIL.],UK,UK,2010,Agent2,service,newcapa,2020,6.09300000000
SCKLFO001 [SER.COOKING: .01.OIL.],UK,UK,2015,Agent2,service,newcapa,2020,6.11420000000
SCKNGA000 [SER.COOKING: .00.NGA.],UK,UK,2010,Agent2,service,newcapa,2020,15.82210000000
SCKNGA000 [SER.COOKING: .00.NGA.],UK,UK,2015,Agent2,service,newcapa,2020,10.05760000000
SCKNGA001 [SER.COOKING: .01.NGA.],UK,UK,2010,Agent2,service,newcapa,2020,6.09300000000
SCKNGA001 [SER.COOKING: .01.NGA.],UK,UK,2015,Agent2,service,newcapa,2020,22.22840000000
SCKOTH000 [SER.COOKING: .00.OIL.HEAT.],UK,UK,2010,Agent2,service,newcapa,2020,7.29930000000
SCKOTH000 [SER.COOKING: .00.OIL.HEAT.],UK,UK,2015,Agent2,service,newcapa,2020,6.11420000000
SCPECOMP00 [SER.COMPUTERS: .00.],UK,UK,2015,Agent2,service,newcapa,2020,10.00000000000
SCPECOMP01 [SER.COMPUTERS: .01.],UK,UK,2015,Agent2,service,newcapa,2020,16.00950000000
SCSELPDT01 [SER.LIGHTING: .01.CONSERVATION.PRESENCE-DETECTOR.],UK,UK,2010,Agent2,service,newcapa,2020,1.21830000000
SCSELPDT01 [SER.LIGHTING: .01.CONSERVATION.PRESENCE-DETECTOR.],UK,UK,2015,Agent2,service,newcapa,2020,1.92190000000
SCSELTMR01 [SER.LIGHTING: .01.CONSERVATION.LIGHTING-TIMER.],UK,UK,2010,Agent2,service,newcapa,2020,59.71970000000
SCSHPTHM01 [SER.HEAT.HIGH-CONSUMPTION: .01.CONSERVATION.PROGRAMMABLE-THERMOSTATS.],UK,UK,2015,Agent2,service,newcapa,2020,37.52140000000
SHHA-CAE00 [SER.HEAT.HIGH-CONSUMPTION: .00.ELC.AIR-CONDITIONER.HFC.AIR.],UK,UK,2010,Agent2,service,newcapa,2020,689.42200000000
SHHBLRRC00 [SER.HEAT.HIGH-CONSUMPTION: .00.HCO.BOILER.STD.RADIATOR.],UK,UK,2010,Agent2,service,newcapa,2020,0.96840000000
SHHBLRRE00 [SER.HEAT.HIGH-CONSUMPTION: .00.ELC.BOILER.STD.RADIATOR.],UK,UK,2010,Agent2,service,newcapa,2020,10.34830000000
SHHBLRRG00 [SER.HEAT.HIGH-CONSUMPTION: .00.NGA.BOILER.STD.RADIATOR.],UK,UK,2010,Agent2,service,newcapa,2020,259.65840000000
SHHBLRRO00 [SER.HEAT.HIGH-CONSUMPTION: .00.LFO.BOILER.STD.RADIATOR.],UK,UK,2010,Agent2,service,newcapa,2020,34.56880000000
SHHBLRRW00 [SER.HEAT.HIGH-CONSUMPTION: .00.WOD.BOILER.STD.RADIATOR.],UK,UK,2010,Agent2,service,newcapa,2020,4.36660000000
SHHDAIR00 [SER.HEAT.HIGH-CONSUMPTION: .00.AIR.DELIVERY.],UK,UK,2010,Agent2,service,newcapa,2020,79.92720000000
SHHDRAD00 [SER.HEAT.HIGH-CONSUMPTION: .00.HTP.RADIATOR.],UK,UK,2010,Agent2,service,newcapa,2020,528.87880000000
SHHVACAE00 [SER.HEAT.HIGH-CONSUMPTION: .00.ELC.HVAC.HFC.AIR.],UK,UK,2010,Agent2,service,newcapa,2020,71.98370000000
SHLAHPRE00 [SER.HEAT.LOW-CONSUMPTION: .00.ELC.HEAT PUMP.AIR.RADIATOR.],UK,UK,2010,Agent2,service,newcapa,2020,0.31340000000
SHLBLCRG00 [SER.HEAT.LOW-CONSUMPTION: .00.NGA.BOILER.CON.RADIATOR.],UK,UK,2010,Agent2,service,newcapa,2020,36.17540000000
SHLBLCRO00 [SER.HEAT.LOW-CONSUMPTION: .00.OIL.BOILER.CON.RADIATOR.],UK,UK,2010,Agent2,service,newcapa,2020,2.64450000000
SHLBLRRC00 [SER.HEAT.LOW-CONSUMPTION: .00.HCO.BOILER.STD.RADIATOR.],UK,UK,2010,Agent2,service,newcapa,2020,0.33110000000
SHLBLRRG00 [SER.HEAT.LOW-CONSUMPTION: .00.NGA.BOILER.STD.RADIATOR.],UK,UK,2010,Agent2,service,newcapa,2020,70.22280000000
SHLBLRRO00 [SER.HEAT.LOW-CONSUMPTION: .00.OIL.BOILER.STD.RADIATOR.],UK,UK,2010,Agent2,service,newcapa,2020,10.26690000000
SHLBLRRW00 [SER.HEAT.LOW-CONSUMPTION: .00.WOD.BOILER.STD.RADIATOR.],UK,UK,2010,Agent2,service,newcapa,2020,1.52250000000
SHLCSV01 [SER.HEAT.LOW-CONSUMPTION: .01.CONSERVATION-MEASURES.],UK,UK,2015,Agent2,service,newcapa,2020,17.63730000000
SHLDRAD00 [SER.HEAT.LOW-CONSUMPTION: .00.HTP.RADIATOR.],UK,UK,2010,Agent2,service,newcapa,2020,82.24270000000
SHLDSTD00 [SER.HEAT.LOW-CONSUMPTION: .00.STANDALONE.DELIVERY.],UK,UK,2010,Agent2,service,newcapa,2020,129.55410000000
SHLDSTD00 [SER.HEAT.LOW-CONSUMPTION: .00.STANDALONE.DELIVERY.],UK,UK,2015,Agent2,service,newcapa,2020,10.00000000000
SHLNSTRE00 [SER.HEAT.LOW-CONSUMPTION: .00.ELC.RESISTANCE.STANDALONE.NIGHT-STORAGE.],UK,UK,2010,Agent2,service,newcapa,2020,31.62970000000
SHLSHTRE00 [SER.HEAT.LOW-CONSUMPTION: .00.ELC.RESISTANCE.STANDALONE.],UK,UK,2010,Agent2,service,newcapa,2020,10.81400000000
SHLSHTRG00 [SER.HEAT.LOW-CONSUMPTION: .00.NGA.RESISTANCE.STANDALONE.],UK,UK,2010,Agent2,service,newcapa,2020,103.66410000000
SHLSHTRO00 [SER.HEAT.LOW-CONSUMPTION: .00.LFO.RESISTANCE.STANDALONE.],UK,UK,2010,Agent2,service,newcapa,2020,17.43900000000
SHLSTGNT00 [SER.HEAT.LOW-CONSUMPTION: .00.ELC.NIGHT-STORAGE.HEAT-SUPPLY.],UK,UK,2010,Agent2,service,newcapa,2020,31.62970000000
SLOFEFLU00 [SER.LIGHTING: .00.OFFICE.FLUORESCENT.],UK,UK,2015,Agent2,service,newcapa,2020,10.12200000000
SLOFEFLU01 [SER.LIGHTING: .01.OFFICE.FLUORESCENT.],UK,UK,2015,Agent2,service,newcapa,2020,160.20090000000
SLOFELED00 [SER.LIGHTING: .00.OFFICE.LED.],UK,UK,2010,Agent2,service,newcapa,2020,10.00000000000
SLOFELED00 [SER.LIGHTING: .00.OFFICE.LED.],UK,UK,2015,Agent2,service,newcapa,2020,10.12200000000
SLOFELED01 [SER.LIGHTING: .01.OFFICE.LED.],UK,UK,2010,Agent2,service,newcapa,2020,95.50650000000
SLOFELED01 [SER.LIGHTING: .01.OFFICE.LED.],UK,UK,2015,Agent2,service,newcapa,2020,75.10040000000
SLOTECCL00 [SER.LIGHTING: .00.OTHER.CCL.],UK,UK,2010,Agent2,service,newcapa,2020,10.00000000000
SLOTECCL00 [SER.LIGHTING: .00.OTHER.CCL.],UK,UK,2015,Agent2,service,newcapa,2020,11.54700000000
SLOTECCL01 [SER.LIGHTING: .01.OTHER.CCL.],UK,UK,2010,Agent2,service,newcapa,2020,32.43670000000
SLOTECCL01 [SER.LIGHTING: .01.OTHER.CCL.],UK,UK,2015,Agent2,service,newcapa,2020,33.84370000000
SLOTELED00 [SER.LIGHTING: .00.OTHER.LED.],UK,UK,2010,Agent2,service,newcapa,2020,10.00000000000
SLOTELED00 [SER.LIGHTING: .00.OTHER.LED.],UK,UK,2015,Agent2,service,newcapa,2020,10.07360000000
SLOTELED01 [SER.LIGHTING: .01.OTHER.LED.],UK,UK,2010,Agent2,service,newcapa,2020,11.21830000000
SLOTELED01 [SER.LIGHTING: .01.OTHER.LED.],UK,UK,2015,Agent2,service,newcapa,2020,11.92190000000
SOTHELC00 [SER.OTHER: .00.ELC.],UK,UK,2010,Agent2,service,newcapa,2020,18.86280000000
SOTHELC01 [SER.OTHER: .01.ELC.],UK,UK,2010,Agent2,service,newcapa,2020,6.04410000000
SOTHNGA00 [SER.OTHER: .00.NGA.OIL.HEAT.],UK,UK,2010,Agent2,service,newcapa,2020,9.81260000000
SOTHNGA00 [SER.OTHER: .00.NGA.OIL.HEAT.],UK,UK,2015,Agent2,service,newcapa,2020,3.27350000000
SOTHNGA01 [SER.OTHER: .01.NGA.],UK,UK,2010,Agent2,service,newcapa,2020,6.04410000000
SOTHNGA01 [SER.OTHER: .01.NGA.],UK,UK,2015,Agent2,service,newcapa,2020,3.27350000000
SREFEHFC00 [SER.REFRIGERATION: .00.HFC.],UK,UK,2010,Agent2,service,newcapa,2020,29.00800000000
SREFEHFC00 [SER.REFRIGERATION: .00.HFC.],UK,UK,2015,Agent2,service,newcapa,2020,10.60100000000
SREFEHFC01 [SER.REFRIGERATION: .01.HFC.],UK,UK,2010,Agent2,service,newcapa,2020,51.72170000000
SREFEHFC01 [SER.REFRIGERATION: .01.HFC.],UK,UK,2015,Agent2,service,newcapa,2020,19.13610000000
SREFEHFO00 [SER.REFRIGERATION: .00.HFO.],UK,UK,2010,Agent2,service,newcapa,2020,10.00000000000
SREFEHFO00 [SER.REFRIGERATION: .00.HFO.],UK,UK,2015,Agent2,service,newcapa,2020,4.56800000000
SREFEHFO01 [SER.REFRIGERATION: .01.HFO.],UK,UK,2010,Agent2,service,newcapa,2020,20.86080000000
SREFEHFO01 [SER.REFRIGERATION: .01.HFO.],UK,UK,2015,Agent2,service,newcapa,2020,4.56800000000
SWHBLRRC00 [SER.WATER.HIGH-CONSUMPTION: .00.HCO.BOILER.STD.PIPE.],UK,UK,2010,Agent2,service,newcapa,2020,0.13350000000
SWHBLRRG00 [SER.WATER.HIGH-CONSUMPTION: .00.NGA.BOILER.STD.PIPE.],UK,UK,2010,Agent2,service,newcapa,2020,68.87240000000
SWHBLRRO00 [SER.WATER.HIGH-CONSUMPTION: .00.LFO.BOILER.STD.PIPE.],UK,UK,2010,Agent2,service,newcapa,2020,4.79480000000
SWHBLRRW00 [SER.WATER.HIGH-CONSUMPTION: .00.WOD.BOILER.STD.PIPE.],UK,UK,2010,Agent2,service,newcapa,2020,0.61110000000
SWHDPIP00 [SER.WATER.HIGH-CONSUMPTION: .00.PIPE.DELIVERY.],UK,UK,2010,Agent2,service,newcapa,2020,38.64720000000
SWHDSTD00 [SER.WATER.HIGH-CONSUMPTION: .00.STANDALONE.DELIVERY.],UK,UK,2010,Agent2,service,newcapa,2020,10.52940000000
SWHDSTD00 [SER.WATER.HIGH-CONSUMPTION: .00.STANDALONE.DELIVERY.],UK,UK,2015,Agent2,service,newcapa,2020,10.20720000000
SWHDSTD01 [SER.WATER.HIGH-CONSUMPTION: .01.STANDALONE.DELIVERY.],UK,UK,2015,Agent2,service,newcapa,2020,21.03730000000
SWHWHTRE00 [SER.WATER.HIGH-CONSUMPTION: .00.ELC.RESISTANCE.STANDALONE.],UK,UK,2010,Agent2,service,newcapa,2020,23.26040000000
SWLDSTD00 [SER.WATER.LOW-CONSUMPTION: .00.STANDALONE.DELIVERY.],UK,UK,2010,Agent2,service,newcapa,2020,16.10550000000
SWLDSTD00 [SER.WATER.LOW-CONSUMPTION: .00.STANDALONE.DELIVERY.],UK,UK,2015,Agent2,service,newcapa,2020,2.67540000000
SWLDSTD01 [SER.WATER.LOW-CONSUMPTION: .01.STANDALONE.DELIVERY.],UK,UK,2010,Agent2,service,newcapa,2020,13.46150000000
SWLDSTD01 [SER.WATER.LOW-CONSUMPTION: .01.STANDALONE.DELIVERY.],UK,UK,2015,Agent2,service,newcapa,2020,2.67540000000
SWLWHTRE00 [SER.WATER.LOW-CONSUMPTION: .00.ELC.RESISTANCE.STANDALONE.],UK,UK,2010,Agent2,service,newcapa,2020,28.63050000000
SWLWHTRE01 [SER.WATER.LOW-CONSUMPTION: .01.ELC.RESISTANCE.STANDALONE.],UK,UK,2010,Agent2,service,newcapa,2020,17.04950000000
SCHCSV01 [SER.COOLTH.HIGH-CONSUMPTION: .01.CONSERVATION-MEASURES.],UK,UK,2010,Agent2,service,newcapa,2025,137.44360000000
SCHDAIR00 [SER.COOLTH.HIGH-CONSUMPTION: .00.AIR.DELIVERY.],UK,UK,2010,Agent2,service,newcapa,2025,256.03980000000
SCHDAIR00 [SER.COOLTH.HIGH-CONSUMPTION: .00.AIR.DELIVERY.],UK,UK,2015,Agent2,service,newcapa,2025,10.00000000000
SCHDAIR00 [SER.COOLTH.HIGH-CONSUMPTION: .00.AIR.DELIVERY.],UK,UK,2020,Agent2,service,newcapa,2025,10.00000000000
SCHDAIR01 [SER.COOLTH.HIGH-CONSUMPTION: .01.AIR.DELIVERY.],UK,UK,2010,Agent2,service,newcapa,2025,137.44360000000
SCHDAIR01 [SER.COOLTH.HIGH-CONSUMPTION: .01.AIR.DELIVERY.],UK,UK,2015,Agent2,service,newcapa,2025,90.35730000000
SCHDAIR01 [SER.COOLTH.HIGH-CONSUMPTION: .01.AIR.DELIVERY.],UK,UK,2020,Agent2,service,newcapa,2025,102.87840000000
SCHP-CCG00 [SER.CHP: .00.COMBINED-CYCLE.NGA.],UK,UK,2010,Agent2,service,newcapa,2025,0.45680000000
SCHP-STW00 [SER.CHP: .00.STEAM-TURBINE.BIOMASS.],UK,UK,2010,Agent2,service,newcapa,2025,0.14530000000
SCKHYG001 [SER.COOKING: .01.HDG.],UK,UK,2010,Agent2,service,newcapa,2025,6.09300000000
SCKLFO001 [SER.COOKING: .01.OIL.],UK,UK,2010,Agent2,service,newcapa,2025,6.09300000000
SCKLFO001 [SER.COOKING: .01.OIL.],UK,UK,2015,Agent2,service,newcapa,2025,6.11420000000
SCKLFO001 [SER.COOKING: .01.OIL.],UK,UK,2020,Agent2,service,newcapa,2025,1.63210000000
SCKNGA000 [SER.COOKING: .00.NGA.],UK,UK,2010,Agent2,service,newcapa,2025,6.09300000000
SCKNGA000 [SER.COOKING: .00.NGA.],UK,UK,2015,Agent2,service,newcapa,2025,10.05760000000
SCKNGA000 [SER.COOKING: .00.NGA.],UK,UK,2020,Agent2,service,newcapa,2025,10.20920000000
SCKNGA001 [SER.COOKING: .01.NGA.],UK,UK,2010,Agent2,service,newcapa,2025,6.09300000000
SCKNGA001 [SER.COOKING: .01.NGA.],UK,UK,2015,Agent2,service,newcapa,2025,22.22840000000
SCKNGA001 [SER.COOKING: .01.NGA.],UK,UK,2020,Agent2,service,newcapa,2025,13.26410000000
SCKOTH000 [SER.COOKING: .00.OIL.HEAT.],UK,UK,2010,Agent2,service,newcapa,2025,6.09300000000
SCKOTH000 [SER.COOKING: .00.OIL.HEAT.],UK,UK,2015,Agent2,service,newcapa,2025,6.11420000000
SCKOTH000 [SER.COOKING: .00.OIL.HEAT.],UK,UK,2020,Agent2,service,newcapa,2025,1.63210000000
SCPECOMP00 [SER.COMPUTERS: .00.],UK,UK,2020,Agent2,service,newcapa,2025,10.00000000000
SCPECOMP01 [SER.COMPUTERS: .01.],UK,UK,2020,Agent2,service,newcapa,2025,17.19660000000
SCSELPDT01 [SER.LIGHTING: .01.CONSERVATION.PRESENCE-DETECTOR.],UK,UK,2015,Agent2,service,newcapa,2025,1.92190000000
SCSELTMR01 [SER.LIGHTING: .01.CONSERVATION.LIGHTING-TIMER.],UK,UK,2020,Agent2,service,newcapa,2025,14.00280000000
SCSHPTHM01 [SER.HEAT.HIGH-CONSUMPTION: .01.CONSERVATION.PROGRAMMABLE-THERMOSTATS.],UK,UK,2015,Agent2,service,newcapa,2025,37.52140000000
SCSHPTHM01 [SER.HEAT.HIGH-CONSUMPTION: .01.CONSERVATION.PROGRAMMABLE-THERMOSTATS.],UK,UK,2020,Agent2,service,newcapa,2025,162.57490000000
SHHA-CAE00 [SER.HEAT.HIGH-CONSUMPTION: .00.ELC.AIR-CONDITIONER.HFC.AIR.],UK,UK,2010,Agent2,service,newcapa,2025,229.80730000000
SHHBLRRC00 [SER.HEAT.HIGH-CONSUMPTION: .00.HCO.BOILER.STD.RADIATOR.],UK,UK,2010,Agent2,service,newcapa,2025,0.32280000000
SHHBLRRE00 [SER.HEAT.HIGH-CONSUMPTION: .00.ELC.BOILER.STD.RADIATOR.],UK,UK,2010,Agent2,service,newcapa,2025,3.44940000000
SHHBLRRG00 [SER.HEAT.HIGH-CONSUMPTION: .00.NGA.BOILER.STD.RADIATOR.],UK,UK,2010,Agent2,service,newcapa,2025,86.55280000000
SHHBLRRO00 [SER.HEAT.HIGH-CONSUMPTION: .00.LFO.BOILER.STD.RADIATOR.],UK,UK,2010,Agent2,service,newcapa,2025,11.52290000000
SHHBLRRW00 [SER.HEAT.HIGH-CONSUMPTION: .00.WOD.BOILER.STD.RADIATOR.],UK,UK,2010,Agent2,service,newcapa,2025,1.45550000000
SHHCSV01 [SER.HEAT.HIGH-CONSUMPTION: .01.CONSERVATION-MEASURES.],UK,UK,2020,Agent2,service,newcapa,2025,42.70000000000
SHHDAIR00 [SER.HEAT.HIGH-CONSUMPTION: .00.AIR.DELIVERY.],UK,UK,2010,Agent2,service,newcapa,2025,63.94180000000
SHHDRAD00 [SER.HEAT.HIGH-CONSUMPTION: .00.HTP.RADIATOR.],UK,UK,2010,Agent2,service,newcapa,2025,423.10300000000
SHHVACAE00 [SER.HEAT.HIGH-CONSUMPTION: .00.ELC.HVAC.HFC.AIR.],UK,UK,2010,Agent2,service,newcapa,2025,23.99460000000
SHLAHPRE00 [SER.HEAT.LOW-CONSUMPTION: .00.ELC.HEAT PUMP.AIR.RADIATOR.],UK,UK,2010,Agent2,service,newcapa,2025,0.10450000000
SHLCSV01 [SER.HEAT.LOW-CONSUMPTION: .01.CONSERVATION-MEASURES.],UK,UK,2015,Agent2,service,newcapa,2025,17.63730000000
SHLCSV01 [SER.HEAT.LOW-CONSUMPTION: .01.CONSERVATION-MEASURES.],UK,UK,2020,Agent2,service,newcapa,2025,103.29290000000
SHLDRAD00 [SER.HEAT.LOW-CONSUMPTION: .00.HTP.RADIATOR.],UK,UK,2010,Agent2,service,newcapa,2025,65.79420000000
SHLDSTD00 [SER.HEAT.LOW-CONSUMPTION: .00.STANDALONE.DELIVERY.],UK,UK,2010,Agent2,service,newcapa,2025,103.64330000000
SHLDSTD00 [SER.HEAT.LOW-CONSUMPTION: .00.STANDALONE.DELIVERY.],UK,UK,2015,Agent2,service,newcapa,2025,10.00000000000
SHLDSTD00 [SER.HEAT.LOW-CONSUMPTION: .00.STANDALONE.DELIVERY.],UK,UK,2020,Agent2,service,newcapa,2025,10.60620000000
SLOFEFLU00 [SER.LIGHTING: .00.OFFICE.FLUORESCENT.],UK,UK,2020,Agent2,service,newcapa,2025,11.56880000000
SLOFEFLU01 [SER.LIGHTING: .01.OFFICE.FLUORESCENT.],UK,UK,2020,Agent2,service,newcapa,2025,133.37950000000
SLOFELED00 [SER.LIGHTING: .00.OFFICE.LED.],UK,UK,2010,Agent2,service,newcapa,2025,10.00000000000
SLOFELED00 [SER.LIGHTING: .00.OFFICE.LED.],UK,UK,2015,Agent2,service,newcapa,2025,10.12200000000
SLOFELED00 [SER.LIGHTING: .00.OFFICE.LED.],UK,UK,2020,Agent2,service,newcapa,2025,10.46980000000
SLOFELED01 [SER.LIGHTING: .01.OFFICE.LED.],UK,UK,2010,Agent2,service,newcapa,2025,95.50650000000
SLOFELED01 [SER.LIGHTING: .01.OFFICE.LED.],UK,UK,2015,Agent2,service,newcapa,2025,75.10040000000
SLOFELED01 [SER.LIGHTING: .01.OFFICE.LED.],UK,UK,2020,Agent2,service,newcapa,2025,61.68980000000
SLOTECCL00 [SER.LIGHTING: .00.OTHER.CCL.],UK,UK,2015,Agent2,service,newcapa,2025,11.54700000000
SLOTECCL00 [SER.LIGHTING: .00.OTHER.CCL.],UK,UK,2020,Agent2,service,newcapa,2025,10.40240000000
SLOTECCL01 [SER.LIGHTING: .01.OTHER.CCL.],UK,UK,2015,Agent2,service,newcapa,2025,33.84370000000
SLOTECCL01 [SER.LIGHTING: .01.OTHER.CCL.],UK,UK,2020,Agent2,service,newcapa,2025,58.00550000000
SLOTELED00 [SER.LIGHTING: .00.OTHER.LED.],UK,UK,2010,Agent2,service,newcapa,2025,10.00000000000
SLOTELED00 [SER.LIGHTING: .00.OTHER.LED.],UK,UK,2015,Agent2,service,newcapa,2025,10.07360000000
SLOTELED00 [SER.LIGHTING: .00.OTHER.LED.],UK,UK,2020,Agent2,service,newcapa,2025,10.11650000000
SLOTELED01 [SER.LIGHTING: .01.OTHER.LED.],UK,UK,2010,Agent2,service,newcapa,2025,11.21830000000
SLOTELED01 [SER.LIGHTING: .01.OTHER.LED.],UK,UK,2015,Agent2,service,newcapa,2025,11.92190000000
SLOTELED01 [SER.LIGHTING: .01.OTHER.LED.],UK,UK,2020,Agent2,service,newcapa,2025,24.00280000000
SOTHELC00 [SER.OTHER: .00.ELC.],UK,UK,2010,Agent2,service,newcapa,2025,16.29900000000
SOTHELC01 [SER.OTHER: .01.ELC.],UK,UK,2010,Agent2,service,newcapa,2025,6.04410000000
SOTHNGA00 [SER.OTHER: .00.NGA.OIL.HEAT.],UK,UK,2010,Agent2,service,newcapa,2025,9.05890000000
SOTHNGA00 [SER.OTHER: .00.NGA.OIL.HEAT.],UK,UK,2015,Agent2,service,newcapa,2025,3.27350000000
SOTHNGA00 [SER.OTHER: .00.NGA.OIL.HEAT.],UK,UK,2020,Agent2,service,newcapa,2025,3.71110000000
SOTHNGA01 [SER.OTHER: .01.NGA.],UK,UK,2010,Agent2,service,newcapa,2025,6.04410000000
SOTHNGA01 [SER.OTHER: .01.NGA.],UK,UK,2015,Agent2,service,newcapa,2025,3.27350000000
SOTHNGA01 [SER.OTHER: .01.NGA.],UK,UK,2020,Agent2,service,newcapa,2025,3.71110000000
SREFEHFC00 [SER.REFRIGERATION: .00.HFC.],UK,UK,2010,Agent2,service,newcapa,2025,10.00000000000
SREFEHFC00 [SER.REFRIGERATION: .00.HFC.],UK,UK,2015,Agent2,service,newcapa,2025,10.60100000000
SREFEHFC00 [SER.REFRIGERATION: .00.HFC.],UK,UK,2020,Agent2,service,newcapa,2025,10.00000000000
SREFEHFC01 [SER.REFRIGERATION: .01.HFC.],UK,UK,2010,Agent2,service,newcapa,2025,51.72170000000
SREFEHFC01 [SER.REFRIGERATION: .01.HFC.],UK,UK,2015,Agent2,service,newcapa,2025,19.13610000000
SREFEHFC01 [SER.REFRIGERATION: .01.HFC.],UK,UK,2020,Agent2,service,newcapa,2025,14.75940000000
SREFEHFO00 [SER.REFRIGERATION: .00.HFO.],UK,UK,2010,Agent2,service,newcapa,2025,10.00000000000
SREFEHFO00 [SER.REFRIGERATION: .00.HFO.],UK,UK,2015,Agent2,service,newcapa,2025,4.56800000000
SREFEHFO00 [SER.REFRIGERATION: .00.HFO.],UK,UK,2020,Agent2,service,newcapa,2025,2.37970000000
SREFEHFO01 [SER.REFRIGERATION: .01.HFO.],UK,UK,2010,Agent2,service,newcapa,2025,20.86080000000
SREFEHFO01 [SER.REFRIGERATION: .01.HFO.],UK,UK,2015,Agent2,service,newcapa,2025,4.56800000000
SREFEHFO01 [SER.REFRIGERATION: .01.HFO.],UK,UK,2020,Agent2,service,newcapa,2025,2.37970000000
SWHBLRRC00 [SER.WATER.HIGH-CONSUMPTION: .00.HCO.BOILER.STD.PIPE.],UK,UK,2010,Agent2,service,newcapa,2025,0.04450000000
SWHBLRRG00 [SER.WATER.HIGH-CONSUMPTION: .00.NGA.BOILER.STD.PIPE.],UK,UK,2010,Agent2,service,newcapa,2025,22.95750000000
SWHBLRRO00 [SER.WATER.HIGH-CONSUMPTION: .00.LFO.BOILER.STD.PIPE.],UK,UK,2010,Agent2,service,newcapa,2025,1.59830000000
SWHBLRRW00 [SER.WATER.HIGH-CONSUMPTION: .00.WOD.BOILER.STD.PIPE.],UK,UK,2010,Agent2,service,newcapa,2025,0.20370000000
SWHDPIP00 [SER.WATER.HIGH-CONSUMPTION: .00.PIPE.DELIVERY.],UK,UK,2010,Agent2,service,newcapa,2025,30.91780000000
SWHDSTD00 [SER.WATER.HIGH-CONSUMPTION: .00.STANDALONE.DELIVERY.],UK,UK,2010,Agent2,service,newcapa,2025,8.42350000000
SWHDSTD00 [SER.WATER.HIGH-CONSUMPTION: .00.STANDALONE.DELIVERY.],UK,UK,2015,Agent2,service,newcapa,2025,10.20720000000
SWHDSTD00 [SER.WATER.HIGH-CONSUMPTION: .00.STANDALONE.DELIVERY.],UK,UK,2020,Agent2,service,newcapa,2025,10.25160000000
SWHDSTD01 [SER.WATER.HIGH-CONSUMPTION: .01.STANDALONE.DELIVERY.],UK,UK,2015,Agent2,service,newcapa,2025,21.03730000000
SWHDSTD01 [SER.WATER.HIGH-CONSUMPTION: .01.STANDALONE.DELIVERY.],UK,UK,2020,Agent2,service,newcapa,2025,23.15740000000
SWHWHTRE00 [SER.WATER.HIGH-CONSUMPTION: .00.ELC.RESISTANCE.STANDALONE.],UK,UK,2010,Agent2,service,newcapa,2025,7.75350000000
SWLDSTD00 [SER.WATER.LOW-CONSUMPTION: .00.STANDALONE.DELIVERY.],UK,UK,2010,Agent2,service,newcapa,2025,15.00620000000
SWLDSTD00 [SER.WATER.LOW-CONSUMPTION: .00.STANDALONE.DELIVERY.],UK,UK,2015,Agent2,service,newcapa,2025,2.67540000000
SWLDSTD00 [SER.WATER.LOW-CONSUMPTION: .00.STANDALONE.DELIVERY.],UK,UK,2020,Agent2,service,newcapa,2025,3.35000000000
SWLDSTD01 [SER.WATER.LOW-CONSUMPTION: .01.STANDALONE.DELIVERY.],UK,UK,2010,Agent2,service,newcapa,2025,13.46150000000
SWLDSTD01 [SER.WATER.LOW-CONSUMPTION: .01.STANDALONE.DELIVERY.],UK,UK,2015,Agent2,service,newcapa,2025,2.67540000000
SWLDSTD01 [SER.WATER.LOW-CONSUMPTION: .01.STANDALONE.DELIVERY.],UK,UK,2020,Agent2,service,newcapa,2025,3.35000000000
SWLWHTRE01 [SER.WATER.LOW-CONSUMPTION: .01.ELC.RESISTANCE.STANDALONE.],UK,UK,2010,Agent2,service,newcapa,2025,17.04950000000
SCHCSV01 [SER.COOLTH.HIGH-CONSUMPTION: .01.CONSERVATION-MEASURES.],UK,UK,2010,Agent2,service,newcapa,2030,137.44360000000
SCHDAIR00 [SER.COOLTH.HIGH-CONSUMPTION: .00.AIR.DELIVERY.],UK,UK,2010,Agent2,service,newcapa,2030,225.28480000000
SCHDAIR00 [SER.COOLTH.HIGH-CONSUMPTION: .00.AIR.DELIVERY.],UK,UK,2015,Agent2,service,newcapa,2030,10.00000000000
SCHDAIR00 [SER.COOLTH.HIGH-CONSUMPTION: .00.AIR.DELIVERY.],UK,UK,2020,Agent2,service,newcapa,2030,10.00000000000
SCHDAIR00 [SER.COOLTH.HIGH-CONSUMPTION: .00.AIR.DELIVERY.],UK,UK,2025,Agent2,service,newcapa,2030,10.00000000000
SCHDAIR01 [SER.COOLTH.HIGH-CONSUMPTION: .01.AIR.DELIVERY.],UK,UK,2010,Agent2,service,newcapa,2030,137.44360000000
SCHDAIR01 [SER.COOLTH.HIGH-CONSUMPTION: .01.AIR.DELIVERY.],UK,UK,2015,Agent2,service,newcapa,2030,90.35730000000
SCHDAIR01 [SER.COOLTH.HIGH-CONSUMPTION: .01.AIR.DELIVERY.],UK,UK,2020,Agent2,service,newcapa,2030,102.87840000000
SCHDAIR01 [SER.COOLTH.HIGH-CONSUMPTION: .01.AIR.DELIVERY.],UK,UK,2025,Agent2,service,newcapa,2030,72.12350000000
SCHP-CCG00 [SER.CHP: .00.COMBINED-CYCLE.NGA.],UK,UK,2010,Agent2,service,newcapa,2030,0.30460000000
SCHP-STW00 [SER.CHP: .00.STEAM-TURBINE.BIOMASS.],UK,UK,2010,Agent2,service,newcapa,2030,0.09680000000
SCKLFO001 [SER.COOKING: .01.OIL.],UK,UK,2015,Agent2,service,newcapa,2030,6.11420000000
SCKLFO001 [SER.COOKING: .01.OIL.],UK,UK,2020,Agent2,service,newcapa,2030,1.63210000000
SCKLFO001 [SER.COOKING: .01.OIL.],UK,UK,2025,Agent2,service,newcapa,2030,4.31570000000
SCKNGA000 [SER.COOKING: .00.NGA.],UK,UK,2015,Agent2,service,newcapa,2030,10.05760000000
SCKNGA000 [SER.COOKING: .00.NGA.],UK,UK,2020,Agent2,service,newcapa,2030,10.20920000000
SCKNGA000 [SER.COOKING: .00.NGA.],UK,UK,2025,Agent2,service,newcapa,2030,10.18940000000
SCKNGA001 [SER.COOKING: .01.NGA.],UK,UK,2015,Agent2,service,newcapa,2030,22.22840000000
SCKNGA001 [SER.COOKING: .01.NGA.],UK,UK,2020,Agent2,service,newcapa,2030,13.26410000000
SCKNGA001 [SER.COOKING: .01.NGA.],UK,UK,2025,Agent2,service,newcapa,2030,18.63140000000
SCKOTH000 [SER.COOKING: .00.OIL.HEAT.],UK,UK,2015,Agent2,service,newcapa,2030,6.11420000000
SCKOTH000 [SER.COOKING: .00.OIL.HEAT.],UK,UK,2020,Agent2,service,newcapa,2030,1.63210000000
SCKOTH000 [SER.COOKING: .00.OIL.HEAT.],UK,UK,2025,Agent2,service,newcapa,2030,4.31570000000
SCPECOMP00 [SER.COMPUTERS: .00.],UK,UK,2025,Agent2,service,newcapa,2030,10.00000000000
SCPECOMP01 [SER.COMPUTERS: .01.],UK,UK,2025,Agent2,service,newcapa,2030,18.38360000000
SCSELTMR01 [SER.LIGHTING: .01.CONSERVATION.LIGHTING-TIMER.],UK,UK,2020,Agent2,service,newcapa,2030,14.00280000000
SCSELTMR01 [SER.LIGHTING: .01.CONSERVATION.LIGHTING-TIMER.],UK,UK,2025,Agent2,service,newcapa,2030,0.26270000000
SCSHPTHM01 [SER.HEAT.HIGH-CONSUMPTION: .01.CONSERVATION.PROGRAMMABLE-THERMOSTATS.],UK,UK,2020,Agent2,service,newcapa,2030,162.57490000000
SCSHPTHM01 [SER.HEAT.HIGH-CONSUMPTION: .01.CONSERVATION.PROGRAMMABLE-THERMOSTATS.],UK,UK,2025,Agent2,service,newcapa,2030,29.80130000000
SHHCSV01 [SER.HEAT.HIGH-CONSUMPTION: .01.CONSERVATION-MEASURES.],UK,UK,2020,Agent2,service,newcapa,2030,42.70000000000
SHHCSV01 [SER.HEAT.HIGH-CONSUMPTION: .01.CONSERVATION-MEASURES.],UK,UK,2025,Agent2,service,newcapa,2030,128.04000000000
SHHDAIR00 [SER.HEAT.HIGH-CONSUMPTION: .00.AIR.DELIVERY.],UK,UK,2010,Agent2,service,newcapa,2030,55.94900000000
SHHDRAD00 [SER.HEAT.HIGH-CONSUMPTION: .00.HTP.RADIATOR.],UK,UK,2010,Agent2,service,newcapa,2030,370.21510000000
SHLCSV01 [SER.HEAT.LOW-CONSUMPTION: .01.CONSERVATION-MEASURES.],UK,UK,2015,Agent2,service,newcapa,2030,17.63730000000
SHLCSV01 [SER.HEAT.LOW-CONSUMPTION: .01.CONSERVATION-MEASURES.],UK,UK,2020,Agent2,service,newcapa,2030,103.29290000000
SHLCSV01 [SER.HEAT.LOW-CONSUMPTION: .01.CONSERVATION-MEASURES.],UK,UK,2025,Agent2,service,newcapa,2030,32.01540000000
SHLDRAD00 [SER.HEAT.LOW-CONSUMPTION: .00.HTP.RADIATOR.],UK,UK,2010,Agent2,service,newcapa,2030,57.56990000000
SHLDSTD00 [SER.HEAT.LOW-CONSUMPTION: .00.STANDALONE.DELIVERY.],UK,UK,2010,Agent2,service,newcapa,2030,90.68780000000
SHLDSTD00 [SER.HEAT.LOW-CONSUMPTION: .00.STANDALONE.DELIVERY.],UK,UK,2015,Agent2,service,newcapa,2030,10.00000000000
SHLDSTD00 [SER.HEAT.LOW-CONSUMPTION: .00.STANDALONE.DELIVERY.],UK,UK,2020,Agent2,service,newcapa,2030,10.60620000000
SHLDSTD00 [SER.HEAT.LOW-CONSUMPTION: .00.STANDALONE.DELIVERY.],UK,UK,2025,Agent2,service,newcapa,2030,10.00000000000
SLOFEFLU00 [SER.LIGHTING: .00.OFFICE.FLUORESCENT.],UK,UK,2025,Agent2,service,newcapa,2030,12.07400000000
SLOFEFLU01 [SER.LIGHTING: .01.OFFICE.FLUORESCENT.],UK,UK,2025,Agent2,service,newcapa,2030,113.08960000000
SLOFELED00 [SER.LIGHTING: .00.OFFICE.LED.],UK,UK,2010,Agent2,service,newcapa,2030,10.00000000000
SLOFELED00 [SER.LIGHTING: .00.OFFICE.LED.],UK,UK,2015,Agent2,service,newcapa,2030,10.12200000000
SLOFELED00 [SER.LIGHTING: .00.OFFICE.LED.],UK,UK,2020,Agent2,service,newcapa,2030,10.46980000000
SLOFELED00 [SER.LIGHTING: .00.OFFICE.LED.],UK,UK,2025,Agent2,service,newcapa,2030,11.24870000000
SLOFELED01 [SER.LIGHTING: .01.OFFICE.LED.],UK,UK,2010,Agent2,service,newcapa,2030,95.50650000000
SLOFELED01 [SER.LIGHTING: .01.OFFICE.LED.],UK,UK,2015,Agent2,service,newcapa,2030,75.10040000000
SLOFELED01 [SER.LIGHTING: .01.OFFICE.LED.],UK,UK,2020,Agent2,service,newcapa,2030,61.68980000000
SLOFELED01 [SER.LIGHTING: .01.OFFICE.LED.],UK,UK,2025,Agent2,service,newcapa,2030,51.54480000000
SLOTECCL00 [SER.LIGHTING: .00.OTHER.CCL.],UK,UK,2020,Agent2,service,newcapa,2030,10.40240000000
SLOTECCL00 [SER.LIGHTING: .00.OTHER.CCL.],UK,UK,2025,Agent2,service,newcapa,2030,11.13090000000
SLOTECCL01 [SER.LIGHTING: .01.OTHER.CCL.],UK,UK,2020,Agent2,service,newcapa,2030,58.00550000000
SLOTECCL01 [SER.LIGHTING: .01.OTHER.CCL.],UK,UK,2025,Agent2,service,newcapa,2030,30.52540000000
SLOTELED00 [SER.LIGHTING: .00.OTHER.LED.],UK,UK,2010,Agent2,service,newcapa,2030,10.00000000000
SLOTELED00 [SER.LIGHTING: .00.OTHER.LED.],UK,UK,2015,Agent2,service,newcapa,2030,10.07360000000
SLOTELED00 [SER.LIGHTING: .00.OTHER.LED.],UK,UK,2020,Agent2,service,newcapa,2030,10.11650000000
SLOTELED00 [SER.LIGHTING: .00.OTHER.LED.],UK,UK,2025,Agent2,service,newcapa,2030,10.00000000000
SLOTELED01 [SER.LIGHTING: .01.OTHER.LED.],UK,UK,2010,Agent2,service,newcapa,2030,11.21830000000
SLOTELED01 [SER.LIGHTING: .01.OTHER.LED.],UK,UK,2015,Agent2,service,newcapa,2030,11.92190000000
SLOTELED01 [SER.LIGHTING: .01.OTHER.LED.],UK,UK,2020,Agent2,service,newcapa,2030,24.00280000000
SLOTELED01 [SER.LIGHTING: .01.OTHER.LED.],UK,UK,2025,Agent2,service,newcapa,2030,10.26270000000
SOTHELC00 [SER.OTHER: .00.ELC.],UK,UK,2010,Agent2,service,newcapa,2030,15.01720000000
SOTHELC01 [SER.OTHER: .01.ELC.],UK,UK,2010,Agent2,service,newcapa,2030,6.04410000000
SOTHNGA00 [SER.OTHER: .00.NGA.OIL.HEAT.],UK,UK,2010,Agent2,service,newcapa,2030,8.68210000000
SOTHNGA00 [SER.OTHER: .00.NGA.OIL.HEAT.],UK,UK,2015,Agent2,service,newcapa,2030,3.27350000000
SOTHNGA00 [SER.OTHER: .00.NGA.OIL.HEAT.],UK,UK,2020,Agent2,service,newcapa,2030,3.71110000000
SOTHNGA00 [SER.OTHER: .00.NGA.OIL.HEAT.],UK,UK,2025,Agent2,service,newcapa,2030,2.72510000000
SOTHNGA01 [SER.OTHER: .01.NGA.],UK,UK,2010,Agent2,service,newcapa,2030,6.04410000000
SOTHNGA01 [SER.OTHER: .01.NGA.],UK,UK,2015,Agent2,service,newcapa,2030,3.27350000000
SOTHNGA01 [SER.OTHER: .01.NGA.],UK,UK,2020,Agent2,service,newcapa,2030,3.71110000000
SOTHNGA01 [SER.OTHER: .01.NGA.],UK,UK,2025,Agent2,service,newcapa,2030,2.72510000000
SREFEHFC00 [SER.REFRIGERATION: .00.HFC.],UK,UK,2015,Agent2,service,newcapa,2030,10.60100000000
SREFEHFC00 [SER.REFRIGERATION: .00.HFC.],UK,UK,2020,Agent2,service,newcapa,2030,10.00000000000
SREFEHFC00 [SER.REFRIGERATION: .00.HFC.],UK,UK,2025,Agent2,service,newcapa,2030,10.11270000000
SREFEHFC01 [SER.REFRIGERATION: .01.HFC.],UK,UK,2015,Agent2,service,newcapa,2030,19.13610000000
SREFEHFC01 [SER.REFRIGERATION: .01.HFC.],UK,UK,2020,Agent2,service,newcapa,2030,14.75940000000
SREFEHFC01 [SER.REFRIGERATION: .01.HFC.],UK,UK,2025,Agent2,service,newcapa,2030,51.84720000000
SREFEHFO00 [SER.REFRIGERATION: .00.HFO.],UK,UK,2015,Agent2,service,newcapa,2030,4.56800000000
SREFEHFO00 [SER.REFRIGERATION: .00.HFO.],UK,UK,2020,Agent2,service,newcapa,2030,2.37970000000
SREFEHFO00 [SER.REFRIGERATION: .00.HFO.],UK,UK,2025,Agent2,service,newcapa,2030,10.01340000000
SREFEHFO01 [SER.REFRIGERATION: .01.HFO.],UK,UK,2015,Agent2,service,newcapa,2030,4.56800000000
SREFEHFO01 [SER.REFRIGERATION: .01.HFO.],UK,UK,2020,Agent2,service,newcapa,2030,2.37970000000
SREFEHFO01 [SER.REFRIGERATION: .01.HFO.],UK,UK,2025,Agent2,service,newcapa,2030,20.92360000000
SWHDPIP00 [SER.WATER.HIGH-CONSUMPTION: .00.PIPE.DELIVERY.],UK,UK,2010,Agent2,service,newcapa,2030,27.05310000000
SWHDSTD00 [SER.WATER.HIGH-CONSUMPTION: .00.STANDALONE.DELIVERY.],UK,UK,2010,Agent2,service,newcapa,2030,7.37060000000
SWHDSTD00 [SER.WATER.HIGH-CONSUMPTION: .00.STANDALONE.DELIVERY.],UK,UK,2015,Agent2,service,newcapa,2030,10.20720000000
SWHDSTD00 [SER.WATER.HIGH-CONSUMPTION: .00.STANDALONE.DELIVERY.],UK,UK,2020,Agent2,service,newcapa,2030,10.25160000000
SWHDSTD00 [SER.WATER.HIGH-CONSUMPTION: .00.STANDALONE.DELIVERY.],UK,UK,2025,Agent2,service,newcapa,2030,10.80390000000
SWHDSTD01 [SER.WATER.HIGH-CONSUMPTION: .01.STANDALONE.DELIVERY.],UK,UK,2015,Agent2,service,newcapa,2030,21.03730000000
SWHDSTD01 [SER.WATER.HIGH-CONSUMPTION: .01.STANDALONE.DELIVERY.],UK,UK,2020,Agent2,service,newcapa,2030,23.15740000000
SWHDSTD01 [SER.WATER.HIGH-CONSUMPTION: .01.STANDALONE.DELIVERY.],UK,UK,2025,Agent2,service,newcapa,2030,10.28430000000
SWLDSTD00 [SER.WATER.LOW-CONSUMPTION: .00.STANDALONE.DELIVERY.],UK,UK,2010,Agent2,service,newcapa,2030,14.45660000000
SWLDSTD00 [SER.WATER.LOW-CONSUMPTION: .00.STANDALONE.DELIVERY.],UK,UK,2015,Agent2,service,newcapa,2030,2.67540000000
SWLDSTD00 [SER.WATER.LOW-CONSUMPTION: .00.STANDALONE.DELIVERY.],UK,UK,2020,Agent2,service,newcapa,2030,3.35000000000
SWLDSTD00 [SER.WATER.LOW-CONSUMPTION: .00.STANDALONE.DELIVERY.],UK,UK,2025,Agent2,service,newcapa,2030,3.52350000000
SWLDSTD01 [SER.WATER.LOW-CONSUMPTION: .01.STANDALONE.DELIVERY.],UK,UK,2010,Agent2,service,newcapa,2030,13.46150000000
SWLDSTD01 [SER.WATER.LOW-CONSUMPTION: .01.STANDALONE.DELIVERY.],UK,UK,2015,Agent2,service,newcapa,2030,2.67540000000
SWLDSTD01 [SER.WATER.LOW-CONSUMPTION: .01.STANDALONE.DELIVERY.],UK,UK,2020,Agent2,service,newcapa,2030,3.35000000000
SWLDSTD01 [SER.WATER.LOW-CONSUMPTION: .01.STANDALONE.DELIVERY.],UK,UK,2025,Agent2,service,newcapa,2030,3.52350000000
SCHCSV01 [SER.COOLTH.HIGH-CONSUMPTION: .01.CONSERVATION-MEASURES.],UK,UK,2010,Agent2,service,newcapa,2035,137.44360000000
SCHDAIR00 [SER.COOLTH.HIGH-CONSUMPTION: .00.AIR.DELIVERY.],UK,UK,2010,Agent2,service,newcapa,2035,163.77490000000
SCHDAIR00 [SER.COOLTH.HIGH-CONSUMPTION: .00.AIR.DELIVERY.],UK,UK,2015,Agent2,service,newcapa,2035,10.00000000000
SCHDAIR00 [SER.COOLTH.HIGH-CONSUMPTION: .00.AIR.DELIVERY.],UK,UK,2020,Agent2,service,newcapa,2035,10.00000000000
SCHDAIR00 [SER.COOLTH.HIGH-CONSUMPTION: .00.AIR.DELIVERY.],UK,UK,2025,Agent2,service,newcapa,2035,10.00000000000
SCHDAIR00 [SER.COOLTH.HIGH-CONSUMPTION: .00.AIR.DELIVERY.],UK,UK,2030,Agent2,service,newcapa,2035,10.00000000000
SCHDAIR01 [SER.COOLTH.HIGH-CONSUMPTION: .01.AIR.DELIVERY.],UK,UK,2010,Agent2,service,newcapa,2035,137.44360000000
SCHDAIR01 [SER.COOLTH.HIGH-CONSUMPTION: .01.AIR.DELIVERY.],UK,UK,2015,Agent2,service,newcapa,2035,90.35730000000
SCHDAIR01 [SER.COOLTH.HIGH-CONSUMPTION: .01.AIR.DELIVERY.],UK,UK,2020,Agent2,service,newcapa,2035,102.87840000000
SCHDAIR01 [SER.COOLTH.HIGH-CONSUMPTION: .01.AIR.DELIVERY.],UK,UK,2025,Agent2,service,newcapa,2035,72.12350000000
SCHDAIR01 [SER.COOLTH.HIGH-CONSUMPTION: .01.AIR.DELIVERY.],UK,UK,2030,Agent2,service,newcapa,2035,110.20120000000
SCKLFO001 [SER.COOKING: .01.OIL.],UK,UK,2020,Agent2,service,newcapa,2035,1.63210000000
SCKLFO001 [SER.COOKING: .01.OIL.],UK,UK,2025,Agent2,service,newcapa,2035,4.31570000000
SCKLFO001 [SER.COOKING: .01.OIL.],UK,UK,2030,Agent2,service,newcapa,2035,8.08270000000
SCKNGA000 [SER.COOKING: .00.NGA.],UK,UK,2020,Agent2,service,newcapa,2035,10.20920000000
SCKNGA000 [SER.COOKING: .00.NGA.],UK,UK,2025,Agent2,service,newcapa,2035,10.18940000000
SCKNGA000 [SER.COOKING: .00.NGA.],UK,UK,2030,Agent2,service,newcapa,2035,10.01760000000
SCKNGA001 [SER.COOKING: .01.NGA.],UK,UK,2020,Agent2,service,newcapa,2035,13.26410000000
SCKNGA001 [SER.COOKING: .01.NGA.],UK,UK,2025,Agent2,service,newcapa,2035,18.63140000000
SCKNGA001 [SER.COOKING: .01.NGA.],UK,UK,2030,Agent2,service,newcapa,2035,26.16540000000
SCKOTH000 [SER.COOKING: .00.OIL.HEAT.],UK,UK,2020,Agent2,service,newcapa,2035,1.63210000000
SCKOTH000 [SER.COOKING: .00.OIL.HEAT.],UK,UK,2025,Agent2,service,newcapa,2035,4.31570000000
SCKOTH000 [SER.COOKING: .00.OIL.HEAT.],UK,UK,2030,Agent2,service,newcapa,2035,8.08270000000
SCPECOMP00 [SER.COMPUTERS: .00.],UK,UK,2030,Agent2,service,newcapa,2035,10.00000000000
SCPECOMP01 [SER.COMPUTERS: .01.],UK,UK,2030,Agent2,service,newcapa,2035,19.73990000000
SCSELTMR01 [SER.LIGHTING: .01.CONSERVATION.LIGHTING-TIMER.],UK,UK,2025,Agent2,service,newcapa,2035,0.26270000000
SCSELTMR01 [SER.LIGHTING: .01.CONSERVATION.LIGHTING-TIMER.],UK,UK,2030,Agent2,service,newcapa,2035,9.39230000000
SCSHPTHM01 [SER.HEAT.HIGH-CONSUMPTION: .01.CONSERVATION.PROGRAMMABLE-THERMOSTATS.],UK,UK,2025,Agent2,service,newcapa,2035,29.80130000000
SCSHPTHM01 [SER.HEAT.HIGH-CONSUMPTION: .01.CONSERVATION.PROGRAMMABLE-THERMOSTATS.],UK,UK,2030,Agent2,service,newcapa,2035,161.72410000000
SHHCSV01 [SER.HEAT.HIGH-CONSUMPTION: .01.CONSERVATION-MEASURES.],UK,UK,2020,Agent2,service,newcapa,2035,42.70000000000
SHHCSV01 [SER.HEAT.HIGH-CONSUMPTION: .01.CONSERVATION-MEASURES.],UK,UK,2025,Agent2,service,newcapa,2035,128.04000000000
SHHCSV01 [SER.HEAT.HIGH-CONSUMPTION: .01.CONSERVATION-MEASURES.],UK,UK,2030,Agent2,service,newcapa,2035,179.91290000000
SHHDAIR00 [SER.HEAT.HIGH-CONSUMPTION: .00.AIR.DELIVERY.],UK,UK,2010,Agent2,service,newcapa,2035,39.96360000000
SHHDRAD00 [SER.HEAT.HIGH-CONSUMPTION: .00.HTP.RADIATOR.],UK,UK,2010,Agent2,service,newcapa,2035,264.43940000000
SHLCSV01 [SER.HEAT.LOW-CONSUMPTION: .01.CONSERVATION-MEASURES.],UK,UK,2015,Agent2,service,newcapa,2035,17.63730000000
SHLCSV01 [SER.HEAT.LOW-CONSUMPTION: .01.CONSERVATION-MEASURES.],UK,UK,2020,Agent2,service,newcapa,2035,103.29290000000
SHLCSV01 [SER.HEAT.LOW-CONSUMPTION: .01.CONSERVATION-MEASURES.],UK,UK,2025,Agent2,service,newcapa,2035,32.01540000000
SHLCSV01 [SER.HEAT.LOW-CONSUMPTION: .01.CONSERVATION-MEASURES.],UK,UK,2030,Agent2,service,newcapa,2035,56.83900000000
SHLDRAD00 [SER.HEAT.LOW-CONSUMPTION: .00.HTP.RADIATOR.],UK,UK,2010,Agent2,service,newcapa,2035,41.12140000000
SHLDSTD00 [SER.HEAT.LOW-CONSUMPTION: .00.STANDALONE.DELIVERY.],UK,UK,2010,Agent2,service,newcapa,2035,64.77700000000
SHLDSTD00 [SER.HEAT.LOW-CONSUMPTION: .00.STANDALONE.DELIVERY.],UK,UK,2015,Agent2,service,newcapa,2035,10.00000000000
SHLDSTD00 [SER.HEAT.LOW-CONSUMPTION: .00.STANDALONE.DELIVERY.],UK,UK,2020,Agent2,service,newcapa,2035,10.60620000000
SHLDSTD00 [SER.HEAT.LOW-CONSUMPTION: .00.STANDALONE.DELIVERY.],UK,UK,2025,Agent2,service,newcapa,2035,10.00000000000
SHLDSTD00 [SER.HEAT.LOW-CONSUMPTION: .00.STANDALONE.DELIVERY.],UK,UK,2030,Agent2,service,newcapa,2035,10.00000000000
SLOFEFLU00 [SER.LIGHTING: .00.OFFICE.FLUORESCENT.],UK,UK,2030,Agent2,service,newcapa,2035,12.75980000000
SLOFEFLU01 [SER.LIGHTING: .01.OFFICE.FLUORESCENT.],UK,UK,2030,Agent2,service,newcapa,2035,99.73360000000
SLOFELED00 [SER.LIGHTING: .00.OFFICE.LED.],UK,UK,2010,Agent2,service,newcapa,2035,10.00000000000
SLOFELED00 [SER.LIGHTING: .00.OFFICE.LED.],UK,UK,2015,Agent2,service,newcapa,2035,10.12200000000
SLOFELED00 [SER.LIGHTING: .00.OFFICE.LED.],UK,UK,2020,Agent2,service,newcapa,2035,10.46980000000
SLOFELED00 [SER.LIGHTING: .00.OFFICE.LED.],UK,UK,2025,Agent2,service,newcapa,2035,11.24870000000
SLOFELED00 [SER.LIGHTING: .00.OFFICE.LED.],UK,UK,2030,Agent2,service,newcapa,2035,11.56050000000
SLOFELED01 [SER.LIGHTING: .01.OFFICE.LED.],UK,UK,2010,Agent2,service,newcapa,2035,95.50650000000
SLOFELED01 [SER.LIGHTING: .01.OFFICE.LED.],UK,UK,2015,Agent2,service,newcapa,2035,75.10040000000
SLOFELED01 [SER.LIGHTING: .01.OFFICE.LED.],UK,UK,2020,Agent2,service,newcapa,2035,61.68980000000
SLOFELED01 [SER.LIGHTING: .01.OFFICE.LED.],UK,UK,2025,Agent2,service,newcapa,2035,51.54480000000
SLOFELED01 [SER.LIGHTING: .01.OFFICE.LED.],UK,UK,2030,Agent2,service,newcapa,2035,44.86680000000
SLOTECCL00 [SER.LIGHTING: .00.OTHER.CCL.],UK,UK,2025,Agent2,service,newcapa,2035,11.13090000000
SLOTECCL00 [SER.LIGHTING: .00.OTHER.CCL.],UK,UK,2030,Agent2,service,newcapa,2035,10.95490000000
SLOTECCL01 [SER.LIGHTING: .01.OTHER.CCL.],UK,UK,2025,Agent2,service,newcapa,2035,30.52540000000
SLOTECCL01 [SER.LIGHTING: .01.OTHER.CCL.],UK,UK,2030,Agent2,service,newcapa,2035,48.78460000000
SLOTELED00 [SER.LIGHTING: .00.OTHER.LED.],UK,UK,2010,Agent2,service,newcapa,2035,10.00000000000
SLOTELED00 [SER.LIGHTING: .00.OTHER.LED.],UK,UK,2015,Agent2,service,newcapa,2035,10.07360000000
SLOTELED00 [SER.LIGHTING: .00.OTHER.LED.],UK,UK,2020,Agent2,service,newcapa,2035,10.11650000000
SLOTELED00 [SER.LIGHTING: .00.OTHER.LED.],UK,UK,2025,Agent2,service,newcapa,2035,10.00000000000
SLOTELED00 [SER.LIGHTING: .00.OTHER.LED.],UK,UK,2030,Agent2,service,newcapa,2035,10.24410000000
SLOTELED01 [SER.LIGHTING: .01.OTHER.LED.],UK,UK,2010,Agent2,service,newcapa,2035,11.21830000000
SLOTELED01 [SER.LIGHTING: .01.OTHER.LED.],UK,UK,2015,Agent2,service,newcapa,2035,11.92190000000
SLOTELED01 [SER.LIGHTING: .01.OTHER.LED.],UK,UK,2020,Agent2,service,newcapa,2035,24.00280000000
SLOTELED01 [SER.LIGHTING: .01.OTHER.LED.],UK,UK,2025,Agent2,service,newcapa,2035,10.26270000000
SLOTELED01 [SER.LIGHTING: .01.OTHER.LED.],UK,UK,2030,Agent2,service,newcapa,2035,19.39230000000
SOTHELC00 [SER.OTHER: .00.ELC.],UK,UK,2010,Agent2,service,newcapa,2035,12.45340000000
SOTHELC01 [SER.OTHER: .01.ELC.],UK,UK,2010,Agent2,service,newcapa,2035,6.04410000000
SOTHNGA00 [SER.OTHER: .00.NGA.OIL.HEAT.],UK,UK,2010,Agent2,service,newcapa,2035,7.92830000000
SOTHNGA00 [SER.OTHER: .00.NGA.OIL.HEAT.],UK,UK,2015,Agent2,service,newcapa,2035,3.27350000000
SOTHNGA00 [SER.OTHER: .00.NGA.OIL.HEAT.],UK,UK,2020,Agent2,service,newcapa,2035,3.71110000000
SOTHNGA00 [SER.OTHER: .00.NGA.OIL.HEAT.],UK,UK,2025,Agent2,service,newcapa,2035,2.72510000000
SOTHNGA00 [SER.OTHER: .00.NGA.OIL.HEAT.],UK,UK,2030,Agent2,service,newcapa,2035,3.91070000000
SOTHNGA01 [SER.OTHER: .01.NGA.],UK,UK,2010,Agent2,service,newcapa,2035,6.04410000000
SOTHNGA01 [SER.OTHER: .01.NGA.],UK,UK,2015,Agent2,service,newcapa,2035,3.27350000000
SOTHNGA01 [SER.OTHER: .01.NGA.],UK,UK,2020,Agent2,service,newcapa,2035,3.71110000000
SOTHNGA01 [SER.OTHER: .01.NGA.],UK,UK,2025,Agent2,service,newcapa,2035,2.72510000000
SOTHNGA01 [SER.OTHER: .01.NGA.],UK,UK,2030,Agent2,service,newcapa,2035,3.91070000000
SREFEHFC00 [SER.REFRIGERATION: .00.HFC.],UK,UK,2020,Agent2,service,newcapa,2035,10.00000000000
SREFEHFC00 [SER.REFRIGERATION: .00.HFC.],UK,UK,2025,Agent2,service,newcapa,2035,10.11270000000
SREFEHFC00 [SER.REFRIGERATION: .00.HFC.],UK,UK,2030,Agent2,service,newcapa,2035,10.12450000000
SREFEHFC01 [SER.REFRIGERATION: .01.HFC.],UK,UK,2020,Agent2,service,newcapa,2035,14.75940000000
SREFEHFC01 [SER.REFRIGERATION: .01.HFC.],UK,UK,2025,Agent2,service,newcapa,2035,51.84720000000
SREFEHFC01 [SER.REFRIGERATION: .01.HFC.],UK,UK,2030,Agent2,service,newcapa,2035,31.18330000000
SREFEHFO00 [SER.REFRIGERATION: .00.HFO.],UK,UK,2020,Agent2,service,newcapa,2035,2.37970000000
SREFEHFO00 [SER.REFRIGERATION: .00.HFO.],UK,UK,2025,Agent2,service,newcapa,2035,10.01340000000
SREFEHFO00 [SER.REFRIGERATION: .00.HFO.],UK,UK,2030,Agent2,service,newcapa,2035,10.00000000000
SREFEHFO01 [SER.REFRIGERATION: .01.HFO.],UK,UK,2020,Agent2,service,newcapa,2035,2.37970000000
SREFEHFO01 [SER.REFRIGERATION: .01.HFO.],UK,UK,2025,Agent2,service,newcapa,2035,20.92360000000
SREFEHFO01 [SER.REFRIGERATION: .01.HFO.],UK,UK,2030,Agent2,service,newcapa,2035,10.59160000000
SWHDPIP00 [SER.WATER.HIGH-CONSUMPTION: .00.PIPE.DELIVERY.],UK,UK,2010,Agent2,service,newcapa,2035,19.32360000000
SWHDSTD00 [SER.WATER.HIGH-CONSUMPTION: .00.STANDALONE.DELIVERY.],UK,UK,2010,Agent2,service,newcapa,2035,5.26470000000
SWHDSTD00 [SER.WATER.HIGH-CONSUMPTION: .00.STANDALONE.DELIVERY.],UK,UK,2015,Agent2,service,newcapa,2035,10.20720000000
SWHDSTD00 [SER.WATER.HIGH-CONSUMPTION: .00.STANDALONE.DELIVERY.],UK,UK,2020,Agent2,service,newcapa,2035,10.25160000000
SWHDSTD00 [SER.WATER.HIGH-CONSUMPTION: .00.STANDALONE.DELIVERY.],UK,UK,2025,Agent2,service,newcapa,2035,10.80390000000
SWHDSTD00 [SER.WATER.HIGH-CONSUMPTION: .00.STANDALONE.DELIVERY.],UK,UK,2030,Agent2,service,newcapa,2035,11.68720000000
SWHDSTD01 [SER.WATER.HIGH-CONSUMPTION: .01.STANDALONE.DELIVERY.],UK,UK,2015,Agent2,service,newcapa,2035,21.03730000000
SWHDSTD01 [SER.WATER.HIGH-CONSUMPTION: .01.STANDALONE.DELIVERY.],UK,UK,2020,Agent2,service,newcapa,2035,23.15740000000
SWHDSTD01 [SER.WATER.HIGH-CONSUMPTION: .01.STANDALONE.DELIVERY.],UK,UK,2025,Agent2,service,newcapa,2035,10.28430000000
SWHDSTD01 [SER.WATER.HIGH-CONSUMPTION: .01.STANDALONE.DELIVERY.],UK,UK,2030,Agent2,service,newcapa,2035,7.83750000000
SWLDSTD00 [SER.WATER.LOW-CONSUMPTION: .00.STANDALONE.DELIVERY.],UK,UK,2010,Agent2,service,newcapa,2035,13.35730000000
SWLDSTD00 [SER.WATER.LOW-CONSUMPTION: .00.STANDALONE.DELIVERY.],UK,UK,2015,Agent2,service,newcapa,2035,2.67540000000
SWLDSTD00 [SER.WATER.LOW-CONSUMPTION: .00.STANDALONE.DELIVERY.],UK,UK,2020,Agent2,service,newcapa,2035,3.35000000000
SWLDSTD00 [SER.WATER.LOW-CONSUMPTION: .00.STANDALONE.DELIVERY.],UK,UK,2025,Agent2,service,newcapa,2035,3.52350000000
SWLDSTD00 [SER.WATER.LOW-CONSUMPTION: .00.STANDALONE.DELIVERY.],UK,UK,2030,Agent2,service,newcapa,2035,2.28400000000
SWLDSTD01 [SER.WATER.LOW-CONSUMPTION: .01.STANDALONE.DELIVERY.],UK,UK,2010,Agent2,service,newcapa,2035,13.46150000000
SWLDSTD01 [SER.WATER.LOW-CONSUMPTION: .01.STANDALONE.DELIVERY.],UK,UK,2015,Agent2,service,newcapa,2035,2.67540000000
SWLDSTD01 [SER.WATER.LOW-CONSUMPTION: .01.STANDALONE.DELIVERY.],UK,UK,2020,Agent2,service,newcapa,2035,3.35000000000
SWLDSTD01 [SER.WATER.LOW-CONSUMPTION: .01.STANDALONE.DELIVERY.],UK,UK,2025,Agent2,service,newcapa,2035,3.52350000000
SWLDSTD01 [SER.WATER.LOW-CONSUMPTION: .01.STANDALONE.DELIVERY.],UK,UK,2030,Agent2,service,newcapa,2035,2.28400000000
SCHCSV01 [SER.COOLTH.HIGH-CONSUMPTION: .01.CONSERVATION-MEASURES.],UK,UK,2010,Agent2,service,newcapa,2040,137.44360000000
SCHDAIR00 [SER.COOLTH.HIGH-CONSUMPTION: .00.AIR.DELIVERY.],UK,UK,2010,Agent2,service,newcapa,2040,133.01990000000
SCHDAIR00 [SER.COOLTH.HIGH-CONSUMPTION: .00.AIR.DELIVERY.],UK,UK,2015,Agent2,service,newcapa,2040,10.00000000000
SCHDAIR00 [SER.COOLTH.HIGH-CONSUMPTION: .00.AIR.DELIVERY.],UK,UK,2020,Agent2,service,newcapa,2040,10.00000000000
SCHDAIR00 [SER.COOLTH.HIGH-CONSUMPTION: .00.AIR.DELIVERY.],UK,UK,2025,Agent2,service,newcapa,2040,10.00000000000
SCHDAIR00 [SER.COOLTH.HIGH-CONSUMPTION: .00.AIR.DELIVERY.],UK,UK,2030,Agent2,service,newcapa,2040,10.00000000000
SCHDAIR00 [SER.COOLTH.HIGH-CONSUMPTION: .00.AIR.DELIVERY.],UK,UK,2035,Agent2,service,newcapa,2040,10.00000000000
SCHDAIR01 [SER.COOLTH.HIGH-CONSUMPTION: .01.AIR.DELIVERY.],UK,UK,2010,Agent2,service,newcapa,2040,137.44360000000
SCHDAIR01 [SER.COOLTH.HIGH-CONSUMPTION: .01.AIR.DELIVERY.],UK,UK,2015,Agent2,service,newcapa,2040,90.35730000000
SCHDAIR01 [SER.COOLTH.HIGH-CONSUMPTION: .01.AIR.DELIVERY.],UK,UK,2020,Agent2,service,newcapa,2040,102.87840000000
SCHDAIR01 [SER.COOLTH.HIGH-CONSUMPTION: .01.AIR.DELIVERY.],UK,UK,2025,Agent2,service,newcapa,2040,72.12350000000
SCHDAIR01 [SER.COOLTH.HIGH-CONSUMPTION: .01.AIR.DELIVERY.],UK,UK,2030,Agent2,service,newcapa,2040,110.20120000000
SCHDAIR01 [SER.COOLTH.HIGH-CONSUMPTION: .01.AIR.DELIVERY.],UK,UK,2035,Agent2,service,newcapa,2040,79.44630000000
SCKLFO001 [SER.COOKING: .01.OIL.],UK,UK,2025,Agent2,service,newcapa,2040,4.31570000000
SCKLFO001 [SER.COOKING: .01.OIL.],UK,UK,2030,Agent2,service,newcapa,2040,8.08270000000
SCKLFO001 [SER.COOKING: .01.OIL.],UK,UK,2035,Agent2,service,newcapa,2040,3.68140000000
SCKNGA000 [SER.COOKING: .00.NGA.],UK,UK,2025,Agent2,service,newcapa,2040,10.18940000000
SCKNGA000 [SER.COOKING: .00.NGA.],UK,UK,2030,Agent2,service,newcapa,2040,10.01760000000
SCKNGA000 [SER.COOKING: .00.NGA.],UK,UK,2035,Agent2,service,newcapa,2040,10.09080000000
SCKNGA001 [SER.COOKING: .01.NGA.],UK,UK,2025,Agent2,service,newcapa,2040,18.63140000000
SCKNGA001 [SER.COOKING: .01.NGA.],UK,UK,2030,Agent2,service,newcapa,2040,26.16540000000
SCKNGA001 [SER.COOKING: .01.NGA.],UK,UK,2035,Agent2,service,newcapa,2040,17.36280000000
SCKOTH000 [SER.COOKING: .00.OIL.HEAT.],UK,UK,2025,Agent2,service,newcapa,2040,4.31570000000
SCKOTH000 [SER.COOKING: .00.OIL.HEAT.],UK,UK,2030,Agent2,service,newcapa,2040,8.08270000000
SCKOTH000 [SER.COOKING: .00.OIL.HEAT.],UK,UK,2035,Agent2,service,newcapa,2040,3.68140000000
SCPECOMP00 [SER.COMPUTERS: .00.],UK,UK,2035,Agent2,service,newcapa,2040,10.00000000000
SCPECOMP01 [SER.COMPUTERS: .01.],UK,UK,2035,Agent2,service,newcapa,2040,21.09620000000
SCSELTMR01 [SER.LIGHTING: .01.CONSERVATION.LIGHTING-TIMER.],UK,UK,2030,Agent2,service,newcapa,2040,9.39230000000
SCSELTMR01 [SER.LIGHTING: .01.CONSERVATION.LIGHTING-TIMER.],UK,UK,2035,Agent2,service,newcapa,2040,4.55690000000
SCSHPTHM01 [SER.HEAT.HIGH-CONSUMPTION: .01.CONSERVATION.PROGRAMMABLE-THERMOSTATS.],UK,UK,2030,Agent2,service,newcapa,2040,161.72410000000
SCSHPTHM01 [SER.HEAT.HIGH-CONSUMPTION: .01.CONSERVATION.PROGRAMMABLE-THERMOSTATS.],UK,UK,2035,Agent2,service,newcapa,2040,29.99990000000
SHHCSV01 [SER.HEAT.HIGH-CONSUMPTION: .01.CONSERVATION-MEASURES.],UK,UK,2020,Agent2,service,newcapa,2040,42.70000000000
SHHCSV01 [SER.HEAT.HIGH-CONSUMPTION: .01.CONSERVATION-MEASURES.],UK,UK,2025,Agent2,service,newcapa,2040,128.04000000000
SHHCSV01 [SER.HEAT.HIGH-CONSUMPTION: .01.CONSERVATION-MEASURES.],UK,UK,2030,Agent2,service,newcapa,2040,179.91290000000
SHHCSV01 [SER.HEAT.HIGH-CONSUMPTION: .01.CONSERVATION-MEASURES.],UK,UK,2035,Agent2,service,newcapa,2040,119.03240000000
SHHDAIR00 [SER.HEAT.HIGH-CONSUMPTION: .00.AIR.DELIVERY.],UK,UK,2010,Agent2,service,newcapa,2040,31.97090000000
SHHDRAD00 [SER.HEAT.HIGH-CONSUMPTION: .00.HTP.RADIATOR.],UK,UK,2010,Agent2,service,newcapa,2040,211.55150000000
SHLCSV01 [SER.HEAT.LOW-CONSUMPTION: .01.CONSERVATION-MEASURES.],UK,UK,2015,Agent2,service,newcapa,2040,17.63730000000
SHLCSV01 [SER.HEAT.LOW-CONSUMPTION: .01.CONSERVATION-MEASURES.],UK,UK,2020,Agent2,service,newcapa,2040,103.29290000000
SHLCSV01 [SER.HEAT.LOW-CONSUMPTION: .01.CONSERVATION-MEASURES.],UK,UK,2025,Agent2,service,newcapa,2040,32.01540000000
SHLCSV01 [SER.HEAT.LOW-CONSUMPTION: .01.CONSERVATION-MEASURES.],UK,UK,2030,Agent2,service,newcapa,2040,56.83900000000
SHLCSV01 [SER.HEAT.LOW-CONSUMPTION: .01.CONSERVATION-MEASURES.],UK,UK,2035,Agent2,service,newcapa,2040,35.65930000000
SHLDRAD00 [SER.HEAT.LOW-CONSUMPTION: .00.HTP.RADIATOR.],UK,UK,2010,Agent2,service,newcapa,2040,32.89710000000
SHLDSTD00 [SER.HEAT.LOW-CONSUMPTION: .00.STANDALONE.DELIVERY.],UK,UK,2010,Agent2,service,newcapa,2040,51.82160000000
SHLDSTD00 [SER.HEAT.LOW-CONSUMPTION: .00.STANDALONE.DELIVERY.],UK,UK,2015,Agent2,service,newcapa,2040,10.00000000000
SHLDSTD00 [SER.HEAT.LOW-CONSUMPTION: .00.STANDALONE.DELIVERY.],UK,UK,2020,Agent2,service,newcapa,2040,10.60620000000
SHLDSTD00 [SER.HEAT.LOW-CONSUMPTION: .00.STANDALONE.DELIVERY.],UK,UK,2025,Agent2,service,newcapa,2040,10.00000000000
SHLDSTD00 [SER.HEAT.LOW-CONSUMPTION: .00.STANDALONE.DELIVERY.],UK,UK,2030,Agent2,service,newcapa,2040,10.00000000000
SHLDSTD00 [SER.HEAT.LOW-CONSUMPTION: .00.STANDALONE.DELIVERY.],UK,UK,2035,Agent2,service,newcapa,2040,10.00000000000
SLOFEFLU00 [SER.LIGHTING: .00.OFFICE.FLUORESCENT.],UK,UK,2035,Agent2,service,newcapa,2040,10.51160000000
SLOFEFLU01 [SER.LIGHTING: .01.OFFICE.FLUORESCENT.],UK,UK,2035,Agent2,service,newcapa,2040,142.31400000000
SLOFELED00 [SER.LIGHTING: .00.OFFICE.LED.],UK,UK,2015,Agent2,service,newcapa,2040,10.12200000000
SLOFELED00 [SER.LIGHTING: .00.OFFICE.LED.],UK,UK,2020,Agent2,service,newcapa,2040,10.46980000000
SLOFELED00 [SER.LIGHTING: .00.OFFICE.LED.],UK,UK,2025,Agent2,service,newcapa,2040,11.24870000000
SLOFELED00 [SER.LIGHTING: .00.OFFICE.LED.],UK,UK,2030,Agent2,service,newcapa,2040,11.56050000000
SLOFELED00 [SER.LIGHTING: .00.OFFICE.LED.],UK,UK,2035,Agent2,service,newcapa,2040,10.51160000000
SLOFELED01 [SER.LIGHTING: .01.OFFICE.LED.],UK,UK,2015,Agent2,service,newcapa,2040,75.10040000000
SLOFELED01 [SER.LIGHTING: .01.OFFICE.LED.],UK,UK,2020,Agent2,service,newcapa,2040,61.68980000000
SLOFELED01 [SER.LIGHTING: .01.OFFICE.LED.],UK,UK,2025,Agent2,service,newcapa,2040,51.54480000000
SLOFELED01 [SER.LIGHTING: .01.OFFICE.LED.],UK,UK,2030,Agent2,service,newcapa,2040,44.86680000000
SLOFELED01 [SER.LIGHTING: .01.OFFICE.LED.],UK,UK,2035,Agent2,service,newcapa,2040,66.15700000000
SLOTECCL00 [SER.LIGHTING: .00.OTHER.CCL.],UK,UK,2030,Agent2,service,newcapa,2040,10.95490000000
SLOTECCL00 [SER.LIGHTING: .00.OTHER.CCL.],UK,UK,2035,Agent2,service,newcapa,2040,10.58970000000
SLOTECCL01 [SER.LIGHTING: .01.OTHER.CCL.],UK,UK,2030,Agent2,service,newcapa,2040,48.78460000000
SLOTECCL01 [SER.LIGHTING: .01.OTHER.CCL.],UK,UK,2035,Agent2,service,newcapa,2040,39.11390000000
SLOTELED00 [SER.LIGHTING: .00.OTHER.LED.],UK,UK,2015,Agent2,service,newcapa,2040,10.07360000000
SLOTELED00 [SER.LIGHTING: .00.OTHER.LED.],UK,UK,2020,Agent2,service,newcapa,2040,10.11650000000
SLOTELED00 [SER.LIGHTING: .00.OTHER.LED.],UK,UK,2025,Agent2,service,newcapa,2040,10.00000000000
SLOTELED00 [SER.LIGHTING: .00.OTHER.LED.],UK,UK,2030,Agent2,service,newcapa,2040,10.24410000000
SLOTELED00 [SER.LIGHTING: .00.OTHER.LED.],UK,UK,2035,Agent2,service,newcapa,2040,10.04410000000
SLOTELED01 [SER.LIGHTING: .01.OTHER.LED.],UK,UK,2015,Agent2,service,newcapa,2040,11.92190000000
SLOTELED01 [SER.LIGHTING: .01.OTHER.LED.],UK,UK,2020,Agent2,service,newcapa,2040,24.00280000000
SLOTELED01 [SER.LIGHTING: .01.OTHER.LED.],UK,UK,2025,Agent2,service,newcapa,2040,10.26270000000
SLOTELED01 [SER.LIGHTING: .01.OTHER.LED.],UK,UK,2030,Agent2,service,newcapa,2040,19.39230000000
SLOTELED01 [SER.LIGHTING: .01.OTHER.LED.],UK,UK,2035,Agent2,service,newcapa,2040,14.55690000000
SOTHELC00 [SER.OTHER: .00.ELC.],UK,UK,2010,Agent2,service,newcapa,2040,11.17150000000
SOTHELC01 [SER.OTHER: .01.ELC.],UK,UK,2010,Agent2,service,newcapa,2040,6.04410000000
SOTHNGA00 [SER.OTHER: .00.NGA.OIL.HEAT.],UK,UK,2010,Agent2,service,newcapa,2040,7.55150000000
SOTHNGA00 [SER.OTHER: .00.NGA.OIL.HEAT.],UK,UK,2015,Agent2,service,newcapa,2040,3.27350000000
SOTHNGA00 [SER.OTHER: .00.NGA.OIL.HEAT.],UK,UK,2020,Agent2,service,newcapa,2040,3.71110000000
SOTHNGA00 [SER.OTHER: .00.NGA.OIL.HEAT.],UK,UK,2025,Agent2,service,newcapa,2040,2.72510000000
SOTHNGA00 [SER.OTHER: .00.NGA.OIL.HEAT.],UK,UK,2030,Agent2,service,newcapa,2040,3.91070000000
SOTHNGA00 [SER.OTHER: .00.NGA.OIL.HEAT.],UK,UK,2035,Agent2,service,newcapa,2040,2.88060000000
SOTHNGA01 [SER.OTHER: .01.NGA.],UK,UK,2010,Agent2,service,newcapa,2040,6.04410000000
SOTHNGA01 [SER.OTHER: .01.NGA.],UK,UK,2015,Agent2,service,newcapa,2040,3.27350000000
SOTHNGA01 [SER.OTHER: .01.NGA.],UK,UK,2020,Agent2,service,newcapa,2040,3.71110000000
SOTHNGA01 [SER.OTHER: .01.NGA.],UK,UK,2025,Agent2,service,newcapa,2040,2.72510000000
SOTHNGA01 [SER.OTHER: .01.NGA.],UK,UK,2030,Agent2,service,newcapa,2040,3.91070000000
SOTHNGA01 [SER.OTHER: .01.NGA.],UK,UK,2035,Agent2,service,newcapa,2040,2.88060000000
SREFEHFC00 [SER.REFRIGERATION: .00.HFC.],UK,UK,2025,Agent2,service,newcapa,2040,10.11270000000
SREFEHFC00 [SER.REFRIGERATION: .00.HFC.],UK,UK,2030,Agent2,service,newcapa,2040,10.12450000000
SREFEHFC00 [SER.REFRIGERATION: .00.HFC.],UK,UK,2035,Agent2,service,newcapa,2040,10.00000000000
SREFEHFC01 [SER.REFRIGERATION: .01.HFC.],UK,UK,2025,Agent2,service,newcapa,2040,51.84720000000
SREFEHFC01 [SER.REFRIGERATION: .01.HFC.],UK,UK,2030,Agent2,service,newcapa,2040,31.18330000000
SREFEHFC01 [SER.REFRIGERATION: .01.HFC.],UK,UK,2035,Agent2,service,newcapa,2040,21.34090000000
SREFEHFO00 [SER.REFRIGERATION: .00.HFO.],UK,UK,2025,Agent2,service,newcapa,2040,10.01340000000
SREFEHFO00 [SER.REFRIGERATION: .00.HFO.],UK,UK,2030,Agent2,service,newcapa,2040,10.00000000000
SREFEHFO00 [SER.REFRIGERATION: .00.HFO.],UK,UK,2035,Agent2,service,newcapa,2040,5.67050000000
SREFEHFO01 [SER.REFRIGERATION: .01.HFO.],UK,UK,2025,Agent2,service,newcapa,2040,20.92360000000
SREFEHFO01 [SER.REFRIGERATION: .01.HFO.],UK,UK,2030,Agent2,service,newcapa,2040,10.59160000000
SREFEHFO01 [SER.REFRIGERATION: .01.HFO.],UK,UK,2035,Agent2,service,newcapa,2040,5.67050000000
SWHDPIP00 [SER.WATER.HIGH-CONSUMPTION: .00.PIPE.DELIVERY.],UK,UK,2010,Agent2,service,newcapa,2040,15.45890000000
SWHDSTD00 [SER.WATER.HIGH-CONSUMPTION: .00.STANDALONE.DELIVERY.],UK,UK,2010,Agent2,service,newcapa,2040,4.21180000000
SWHDSTD00 [SER.WATER.HIGH-CONSUMPTION: .00.STANDALONE.DELIVERY.],UK,UK,2015,Agent2,service,newcapa,2040,10.20720000000
SWHDSTD00 [SER.WATER.HIGH-CONSUMPTION: .00.STANDALONE.DELIVERY.],UK,UK,2020,Agent2,service,newcapa,2040,10.25160000000
SWHDSTD00 [SER.WATER.HIGH-CONSUMPTION: .00.STANDALONE.DELIVERY.],UK,UK,2025,Agent2,service,newcapa,2040,10.80390000000
SWHDSTD00 [SER.WATER.HIGH-CONSUMPTION: .00.STANDALONE.DELIVERY.],UK,UK,2030,Agent2,service,newcapa,2040,11.68720000000
SWHDSTD00 [SER.WATER.HIGH-CONSUMPTION: .00.STANDALONE.DELIVERY.],UK,UK,2035,Agent2,service,newcapa,2040,10.00000000000
SWHDSTD01 [SER.WATER.HIGH-CONSUMPTION: .01.STANDALONE.DELIVERY.],UK,UK,2015,Agent2,service,newcapa,2040,21.03730000000
SWHDSTD01 [SER.WATER.HIGH-CONSUMPTION: .01.STANDALONE.DELIVERY.],UK,UK,2020,Agent2,service,newcapa,2040,23.15740000000
SWHDSTD01 [SER.WATER.HIGH-CONSUMPTION: .01.STANDALONE.DELIVERY.],UK,UK,2025,Agent2,service,newcapa,2040,10.28430000000
SWHDSTD01 [SER.WATER.HIGH-CONSUMPTION: .01.STANDALONE.DELIVERY.],UK,UK,2030,Agent2,service,newcapa,2040,7.83750000000
SWHDSTD01 [SER.WATER.HIGH-CONSUMPTION: .01.STANDALONE.DELIVERY.],UK,UK,2035,Agent2,service,newcapa,2040,2.03650000000
SWLDSTD00 [SER.WATER.LOW-CONSUMPTION: .00.STANDALONE.DELIVERY.],UK,UK,2010,Agent2,service,newcapa,2040,12.80770000000
SWLDSTD00 [SER.WATER.LOW-CONSUMPTION: .00.STANDALONE.DELIVERY.],UK,UK,2015,Agent2,service,newcapa,2040,2.67540000000
SWLDSTD00 [SER.WATER.LOW-CONSUMPTION: .00.STANDALONE.DELIVERY.],UK,UK,2020,Agent2,service,newcapa,2040,3.35000000000
SWLDSTD00 [SER.WATER.LOW-CONSUMPTION: .00.STANDALONE.DELIVERY.],UK,UK,2025,Agent2,service,newcapa,2040,3.52350000000
SWLDSTD00 [SER.WATER.LOW-CONSUMPTION: .00.STANDALONE.DELIVERY.],UK,UK,2030,Agent2,service,newcapa,2040,2.28400000000
SWLDSTD00 [SER.WATER.LOW-CONSUMPTION: .00.STANDALONE.DELIVERY.],UK,UK,2035,Agent2,service,newcapa,2040,2.00910000000
SWLDSTD01 [SER.WATER.LOW-CONSUMPTION: .01.STANDALONE.DELIVERY.],UK,UK,2010,Agent2,service,newcapa,2040,13.46150000000
SWLDSTD01 [SER.WATER.LOW-CONSUMPTION: .01.STANDALONE.DELIVERY.],UK,UK,2015,Agent2,service,newcapa,2040,2.67540000000
SWLDSTD01 [SER.WATER.LOW-CONSUMPTION: .01.STANDALONE.DELIVERY.],UK,UK,2020,Agent2,service,newcapa,2040,3.35000000000
SWLDSTD01 [SER.WATER.LOW-CONSUMPTION: .01.STANDALONE.DELIVERY.],UK,UK,2025,Agent2,service,newcapa,2040,3.52350000000
SWLDSTD01 [SER.WATER.LOW-CONSUMPTION: .01.STANDALONE.DELIVERY.],UK,UK,2030,Agent2,service,newcapa,2040,2.28400000000
SWLDSTD01 [SER.WATER.LOW-CONSUMPTION: .01.STANDALONE.DELIVERY.],UK,UK,2035,Agent2,service,newcapa,2040,2.00910000000
SCHCSV01 [SER.COOLTH.HIGH-CONSUMPTION: .01.CONSERVATION-MEASURES.],UK,UK,2010,Agent2,service,newcapa,2045,137.44360000000
SCHDAIR00 [SER.COOLTH.HIGH-CONSUMPTION: .00.AIR.DELIVERY.],UK,UK,2010,Agent2,service,newcapa,2045,102.26490000000
SCHDAIR00 [SER.COOLTH.HIGH-CONSUMPTION: .00.AIR.DELIVERY.],UK,UK,2015,Agent2,service,newcapa,2045,10.00000000000
SCHDAIR00 [SER.COOLTH.HIGH-CONSUMPTION: .00.AIR.DELIVERY.],UK,UK,2020,Agent2,service,newcapa,2045,10.00000000000
SCHDAIR00 [SER.COOLTH.HIGH-CONSUMPTION: .00.AIR.DELIVERY.],UK,UK,2025,Agent2,service,newcapa,2045,10.00000000000
SCHDAIR00 [SER.COOLTH.HIGH-CONSUMPTION: .00.AIR.DELIVERY.],UK,UK,2030,Agent2,service,newcapa,2045,10.00000000000
SCHDAIR00 [SER.COOLTH.HIGH-CONSUMPTION: .00.AIR.DELIVERY.],UK,UK,2035,Agent2,service,newcapa,2045,10.00000000000
SCHDAIR00 [SER.COOLTH.HIGH-CONSUMPTION: .00.AIR.DELIVERY.],UK,UK,2040,Agent2,service,newcapa,2045,10.00000000000
SCHDAIR01 [SER.COOLTH.HIGH-CONSUMPTION: .01.AIR.DELIVERY.],UK,UK,2010,Agent2,service,newcapa,2045,137.44360000000
SCHDAIR01 [SER.COOLTH.HIGH-CONSUMPTION: .01.AIR.DELIVERY.],UK,UK,2015,Agent2,service,newcapa,2045,90.35730000000
SCHDAIR01 [SER.COOLTH.HIGH-CONSUMPTION: .01.AIR.DELIVERY.],UK,UK,2020,Agent2,service,newcapa,2045,102.87840000000
SCHDAIR01 [SER.COOLTH.HIGH-CONSUMPTION: .01.AIR.DELIVERY.],UK,UK,2025,Agent2,service,newcapa,2045,72.12350000000
SCHDAIR01 [SER.COOLTH.HIGH-CONSUMPTION: .01.AIR.DELIVERY.],UK,UK,2030,Agent2,service,newcapa,2045,110.20120000000
SCHDAIR01 [SER.COOLTH.HIGH-CONSUMPTION: .01.AIR.DELIVERY.],UK,UK,2035,Agent2,service,newcapa,2045,79.44630000000
SCHDAIR01 [SER.COOLTH.HIGH-CONSUMPTION: .01.AIR.DELIVERY.],UK,UK,2040,Agent2,service,newcapa,2045,90.78980000000
SCKLFO001 [SER.COOKING: .01.OIL.],UK,UK,2030,Agent2,service,newcapa,2045,8.08270000000
SCKLFO001 [SER.COOKING: .01.OIL.],UK,UK,2035,Agent2,service,newcapa,2045,3.68140000000
SCKLFO001 [SER.COOKING: .01.OIL.],UK,UK,2040,Agent2,service,newcapa,2045,6.72860000000
SCKNGA000 [SER.COOKING: .00.NGA.],UK,UK,2030,Agent2,service,newcapa,2045,10.01760000000
SCKNGA000 [SER.COOKING: .00.NGA.],UK,UK,2035,Agent2,service,newcapa,2045,10.09080000000
SCKNGA000 [SER.COOKING: .00.NGA.],UK,UK,2040,Agent2,service,newcapa,2045,10.02130000000
SCKNGA001 [SER.COOKING: .01.NGA.],UK,UK,2030,Agent2,service,newcapa,2045,26.16540000000
SCKNGA001 [SER.COOKING: .01.NGA.],UK,UK,2035,Agent2,service,newcapa,2045,17.36280000000
SCKNGA001 [SER.COOKING: .01.NGA.],UK,UK,2040,Agent2,service,newcapa,2045,23.45720000000
SCKOTH000 [SER.COOKING: .00.OIL.HEAT.],UK,UK,2030,Agent2,service,newcapa,2045,8.08270000000
SCKOTH000 [SER.COOKING: .00.OIL.HEAT.],UK,UK,2035,Agent2,service,newcapa,2045,3.68140000000
SCKOTH000 [SER.COOKING: .00.OIL.HEAT.],UK,UK,2040,Agent2,service,newcapa,2045,6.72860000000
SCPECOMP00 [SER.COMPUTERS: .00.],UK,UK,2040,Agent2,service,newcapa,2045,10.00000000000
SCPECOMP01 [SER.COMPUTERS: .01.],UK,UK,2040,Agent2,service,newcapa,2045,22.71460000000
SCSELTMR01 [SER.LIGHTING: .01.CONSERVATION.LIGHTING-TIMER.],UK,UK,2035,Agent2,service,newcapa,2045,4.55690000000
SCSELTMR01 [SER.LIGHTING: .01.CONSERVATION.LIGHTING-TIMER.],UK,UK,2040,Agent2,service,newcapa,2045,12.48280000000
SCSHPTHM01 [SER.HEAT.HIGH-CONSUMPTION: .01.CONSERVATION.PROGRAMMABLE-THERMOSTATS.],UK,UK,2035,Agent2,service,newcapa,2045,29.99990000000
SCSHPTHM01 [SER.HEAT.HIGH-CONSUMPTION: .01.CONSERVATION.PROGRAMMABLE-THERMOSTATS.],UK,UK,2040,Agent2,service,newcapa,2045,162.06350000000
SHHCSV01 [SER.HEAT.HIGH-CONSUMPTION: .01.CONSERVATION-MEASURES.],UK,UK,2020,Agent2,service,newcapa,2045,42.70000000000
SHHCSV01 [SER.HEAT.HIGH-CONSUMPTION: .01.CONSERVATION-MEASURES.],UK,UK,2025,Agent2,service,newcapa,2045,128.04000000000
SHHCSV01 [SER.HEAT.HIGH-CONSUMPTION: .01.CONSERVATION-MEASURES.],UK,UK,2030,Agent2,service,newcapa,2045,179.91290000000
SHHCSV01 [SER.HEAT.HIGH-CONSUMPTION: .01.CONSERVATION-MEASURES.],UK,UK,2035,Agent2,service,newcapa,2045,119.03240000000
SHHCSV01 [SER.HEAT.HIGH-CONSUMPTION: .01.CONSERVATION-MEASURES.],UK,UK,2040,Agent2,service,newcapa,2045,130.27160000000
SHHDAIR00 [SER.HEAT.HIGH-CONSUMPTION: .00.AIR.DELIVERY.],UK,UK,2010,Agent2,service,newcapa,2045,23.97820000000
SHHDRAD00 [SER.HEAT.HIGH-CONSUMPTION: .00.HTP.RADIATOR.],UK,UK,2010,Agent2,service,newcapa,2045,158.66360000000
SHLCSV01 [SER.HEAT.LOW-CONSUMPTION: .01.CONSERVATION-MEASURES.],UK,UK,2015,Agent2,service,newcapa,2045,17.63730000000
SHLCSV01 [SER.HEAT.LOW-CONSUMPTION: .01.CONSERVATION-MEASURES.],UK,UK,2020,Agent2,service,newcapa,2045,103.29290000000
SHLCSV01 [SER.HEAT.LOW-CONSUMPTION: .01.CONSERVATION-MEASURES.],UK,UK,2025,Agent2,service,newcapa,2045,32.01540000000
SHLCSV01 [SER.HEAT.LOW-CONSUMPTION: .01.CONSERVATION-MEASURES.],UK,UK,2030,Agent2,service,newcapa,2045,56.83900000000
SHLCSV01 [SER.HEAT.LOW-CONSUMPTION: .01.CONSERVATION-MEASURES.],UK,UK,2035,Agent2,service,newcapa,2045,35.65930000000
SHLCSV01 [SER.HEAT.LOW-CONSUMPTION: .01.CONSERVATION-MEASURES.],UK,UK,2040,Agent2,service,newcapa,2045,40.39060000000
SHLDRAD00 [SER.HEAT.LOW-CONSUMPTION: .00.HTP.RADIATOR.],UK,UK,2010,Agent2,service,newcapa,2045,24.67280000000
SHLDSTD00 [SER.HEAT.LOW-CONSUMPTION: .00.STANDALONE.DELIVERY.],UK,UK,2010,Agent2,service,newcapa,2045,38.86620000000
SHLDSTD00 [SER.HEAT.LOW-CONSUMPTION: .00.STANDALONE.DELIVERY.],UK,UK,2015,Agent2,service,newcapa,2045,10.00000000000
SHLDSTD00 [SER.HEAT.LOW-CONSUMPTION: .00.STANDALONE.DELIVERY.],UK,UK,2020,Agent2,service,newcapa,2045,10.60620000000
SHLDSTD00 [SER.HEAT.LOW-CONSUMPTION: .00.STANDALONE.DELIVERY.],UK,UK,2025,Agent2,service,newcapa,2045,10.00000000000
SHLDSTD00 [SER.HEAT.LOW-CONSUMPTION: .00.STANDALONE.DELIVERY.],UK,UK,2030,Agent2,service,newcapa,2045,10.00000000000
SHLDSTD00 [SER.HEAT.LOW-CONSUMPTION: .00.STANDALONE.DELIVERY.],UK,UK,2035,Agent2,service,newcapa,2045,10.00000000000
SHLDSTD00 [SER.HEAT.LOW-CONSUMPTION: .00.STANDALONE.DELIVERY.],UK,UK,2040,Agent2,service,newcapa,2045,10.00000000000
SLOFEFLU00 [SER.LIGHTING: .00.OFFICE.FLUORESCENT.],UK,UK,2040,Agent2,service,newcapa,2045,10.81790000000
SLOFEFLU01 [SER.LIGHTING: .01.OFFICE.FLUORESCENT.],UK,UK,2040,Agent2,service,newcapa,2045,168.11850000000
SLOFELED00 [SER.LIGHTING: .00.OFFICE.LED.],UK,UK,2020,Agent2,service,newcapa,2045,10.46980000000
SLOFELED00 [SER.LIGHTING: .00.OFFICE.LED.],UK,UK,2025,Agent2,service,newcapa,2045,11.24870000000
SLOFELED00 [SER.LIGHTING: .00.OFFICE.LED.],UK,UK,2030,Agent2,service,newcapa,2045,11.56050000000
SLOFELED00 [SER.LIGHTING: .00.OFFICE.LED.],UK,UK,2035,Agent2,service,newcapa,2045,10.51160000000
SLOFELED00 [SER.LIGHTING: .00.OFFICE.LED.],UK,UK,2040,Agent2,service,newcapa,2045,10.39920000000
SLOFELED01 [SER.LIGHTING: .01.OFFICE.LED.],UK,UK,2020,Agent2,service,newcapa,2045,61.68980000000
SLOFELED01 [SER.LIGHTING: .01.OFFICE.LED.],UK,UK,2025,Agent2,service,newcapa,2045,51.54480000000
SLOFELED01 [SER.LIGHTING: .01.OFFICE.LED.],UK,UK,2030,Agent2,service,newcapa,2045,44.86680000000
SLOFELED01 [SER.LIGHTING: .01.OFFICE.LED.],UK,UK,2035,Agent2,service,newcapa,2045,66.15700000000
SLOFELED01 [SER.LIGHTING: .01.OFFICE.LED.],UK,UK,2040,Agent2,service,newcapa,2045,79.05930000000
SLOTECCL00 [SER.LIGHTING: .00.OTHER.CCL.],UK,UK,2035,Agent2,service,newcapa,2045,10.58970000000
SLOTECCL00 [SER.LIGHTING: .00.OTHER.CCL.],UK,UK,2040,Agent2,service,newcapa,2045,10.47080000000
SLOTECCL01 [SER.LIGHTING: .01.OTHER.CCL.],UK,UK,2035,Agent2,service,newcapa,2045,39.11390000000
SLOTECCL01 [SER.LIGHTING: .01.OTHER.CCL.],UK,UK,2040,Agent2,service,newcapa,2045,54.96550000000
SLOTELED00 [SER.LIGHTING: .00.OTHER.LED.],UK,UK,2020,Agent2,service,newcapa,2045,10.11650000000
SLOTELED00 [SER.LIGHTING: .00.OTHER.LED.],UK,UK,2025,Agent2,service,newcapa,2045,10.00000000000
SLOTELED00 [SER.LIGHTING: .00.OTHER.LED.],UK,UK,2030,Agent2,service,newcapa,2045,10.24410000000
SLOTELED00 [SER.LIGHTING: .00.OTHER.LED.],UK,UK,2035,Agent2,service,newcapa,2045,10.04410000000
SLOTELED00 [SER.LIGHTING: .00.OTHER.LED.],UK,UK,2040,Agent2,service,newcapa,2045,10.20320000000
SLOTELED01 [SER.LIGHTING: .01.OTHER.LED.],UK,UK,2020,Agent2,service,newcapa,2045,24.00280000000
SLOTELED01 [SER.LIGHTING: .01.OTHER.LED.],UK,UK,2025,Agent2,service,newcapa,2045,10.26270000000
SLOTELED01 [SER.LIGHTING: .01.OTHER.LED.],UK,UK,2030,Agent2,service,newcapa,2045,19.39230000000
SLOTELED01 [SER.LIGHTING: .01.OTHER.LED.],UK,UK,2035,Agent2,service,newcapa,2045,14.55690000000
SLOTELED01 [SER.LIGHTING: .01.OTHER.LED.],UK,UK,2040,Agent2,service,newcapa,2045,22.48280000000
SOTHELC00 [SER.OTHER: .00.ELC.],UK,UK,2010,Agent2,service,newcapa,2045,9.88970000000
SOTHELC01 [SER.OTHER: .01.ELC.],UK,UK,2010,Agent2,service,newcapa,2045,6.04410000000
SOTHNGA00 [SER.OTHER: .00.NGA.OIL.HEAT.],UK,UK,2010,Agent2,service,newcapa,2045,7.17460000000
SOTHNGA00 [SER.OTHER: .00.NGA.OIL.HEAT.],UK,UK,2015,Agent2,service,newcapa,2045,3.27350000000
SOTHNGA00 [SER.OTHER: .00.NGA.OIL.HEAT.],UK,UK,2020,Agent2,service,newcapa,2045,3.71110000000
SOTHNGA00 [SER.OTHER: .00.NGA.OIL.HEAT.],UK,UK,2025,Agent2,service,newcapa,2045,2.72510000000
SOTHNGA00 [SER.OTHER: .00.NGA.OIL.HEAT.],UK,UK,2030,Agent2,service,newcapa,2045,3.91070000000
SOTHNGA00 [SER.OTHER: .00.NGA.OIL.HEAT.],UK,UK,2035,Agent2,service,newcapa,2045,2.88060000000
SOTHNGA00 [SER.OTHER: .00.NGA.OIL.HEAT.],UK,UK,2040,Agent2,service,newcapa,2045,3.27710000000
SOTHNGA01 [SER.OTHER: .01.NGA.],UK,UK,2010,Agent2,service,newcapa,2045,6.04410000000
SOTHNGA01 [SER.OTHER: .01.NGA.],UK,UK,2015,Agent2,service,newcapa,2045,3.27350000000
SOTHNGA01 [SER.OTHER: .01.NGA.],UK,UK,2020,Agent2,service,newcapa,2045,3.71110000000
SOTHNGA01 [SER.OTHER: .01.NGA.],UK,UK,2025,Agent2,service,newcapa,2045,2.72510000000
SOTHNGA01 [SER.OTHER: .01.NGA.],UK,UK,2030,Agent2,service,newcapa,2045,3.91070000000
SOTHNGA01 [SER.OTHER: .01.NGA.],UK,UK,2035,Agent2,service,newcapa,2045,2.88060000000
SOTHNGA01 [SER.OTHER: .01.NGA.],UK,UK,2040,Agent2,service,newcapa,2045,3.27710000000
SREFEHFC00 [SER.REFRIGERATION: .00.HFC.],UK,UK,2030,Agent2,service,newcapa,2045,10.12450000000
SREFEHFC00 [SER.REFRIGERATION: .00.HFC.],UK,UK,2035,Agent2,service,newcapa,2045,10.00000000000
SREFEHFC00 [SER.REFRIGERATION: .00.HFC.],UK,UK,2040,Agent2,service,newcapa,2045,10.14780000000
SREFEHFC01 [SER.REFRIGERATION: .01.HFC.],UK,UK,2030,Agent2,service,newcapa,2045,31.18330000000
SREFEHFC01 [SER.REFRIGERATION: .01.HFC.],UK,UK,2035,Agent2,service,newcapa,2045,21.34090000000
SREFEHFC01 [SER.REFRIGERATION: .01.HFC.],UK,UK,2040,Agent2,service,newcapa,2045,54.02320000000
SREFEHFO00 [SER.REFRIGERATION: .00.HFO.],UK,UK,2030,Agent2,service,newcapa,2045,10.00000000000
SREFEHFO00 [SER.REFRIGERATION: .00.HFO.],UK,UK,2035,Agent2,service,newcapa,2045,5.67050000000
SREFEHFO00 [SER.REFRIGERATION: .00.HFO.],UK,UK,2040,Agent2,service,newcapa,2045,10.02240000000
SREFEHFO01 [SER.REFRIGERATION: .01.HFO.],UK,UK,2030,Agent2,service,newcapa,2045,10.59160000000
SREFEHFO01 [SER.REFRIGERATION: .01.HFO.],UK,UK,2035,Agent2,service,newcapa,2045,5.67050000000
SREFEHFO01 [SER.REFRIGERATION: .01.HFO.],UK,UK,2040,Agent2,service,newcapa,2045,22.01160000000
SWHDPIP00 [SER.WATER.HIGH-CONSUMPTION: .00.PIPE.DELIVERY.],UK,UK,2010,Agent2,service,newcapa,2045,11.59420000000
SWHDSTD00 [SER.WATER.HIGH-CONSUMPTION: .00.STANDALONE.DELIVERY.],UK,UK,2010,Agent2,service,newcapa,2045,3.15880000000
SWHDSTD00 [SER.WATER.HIGH-CONSUMPTION: .00.STANDALONE.DELIVERY.],UK,UK,2015,Agent2,service,newcapa,2045,10.20720000000
SWHDSTD00 [SER.WATER.HIGH-CONSUMPTION: .00.STANDALONE.DELIVERY.],UK,UK,2020,Agent2,service,newcapa,2045,10.25160000000
SWHDSTD00 [SER.WATER.HIGH-CONSUMPTION: .00.STANDALONE.DELIVERY.],UK,UK,2025,Agent2,service,newcapa,2045,10.80390000000
SWHDSTD00 [SER.WATER.HIGH-CONSUMPTION: .00.STANDALONE.DELIVERY.],UK,UK,2030,Agent2,service,newcapa,2045,11.68720000000
SWHDSTD00 [SER.WATER.HIGH-CONSUMPTION: .00.STANDALONE.DELIVERY.],UK,UK,2035,Agent2,service,newcapa,2045,10.00000000000
SWHDSTD00 [SER.WATER.HIGH-CONSUMPTION: .00.STANDALONE.DELIVERY.],UK,UK,2040,Agent2,service,newcapa,2045,10.00000000000
SWHDSTD01 [SER.WATER.HIGH-CONSUMPTION: .01.STANDALONE.DELIVERY.],UK,UK,2015,Agent2,service,newcapa,2045,21.03730000000
SWHDSTD01 [SER.WATER.HIGH-CONSUMPTION: .01.STANDALONE.DELIVERY.],UK,UK,2020,Agent2,service,newcapa,2045,23.15740000000
SWHDSTD01 [SER.WATER.HIGH-CONSUMPTION: .01.STANDALONE.DELIVERY.],UK,UK,2025,Agent2,service,newcapa,2045,10.28430000000
SWHDSTD01 [SER.WATER.HIGH-CONSUMPTION: .01.STANDALONE.DELIVERY.],UK,UK,2030,Agent2,service,newcapa,2045,7.83750000000
SWHDSTD01 [SER.WATER.HIGH-CONSUMPTION: .01.STANDALONE.DELIVERY.],UK,UK,2035,Agent2,service,newcapa,2045,2.03650000000
SWHDSTD01 [SER.WATER.HIGH-CONSUMPTION: .01.STANDALONE.DELIVERY.],UK,UK,2040,Agent2,service,newcapa,2045,5.42570000000
SWLDSTD00 [SER.WATER.LOW-CONSUMPTION: .00.STANDALONE.DELIVERY.],UK,UK,2010,Agent2,service,newcapa,2045,12.25810000000
SWLDSTD00 [SER.WATER.LOW-CONSUMPTION: .00.STANDALONE.DELIVERY.],UK,UK,2015,Agent2,service,newcapa,2045,2.67540000000
SWLDSTD00 [SER.WATER.LOW-CONSUMPTION: .00.STANDALONE.DELIVERY.],UK,UK,2020,Agent2,service,newcapa,2045,3.35000000000
SWLDSTD00 [SER.WATER.LOW-CONSUMPTION: .00.STANDALONE.DELIVERY.],UK,UK,2025,Agent2,service,newcapa,2045,3.52350000000
SWLDSTD00 [SER.WATER.LOW-CONSUMPTION: .00.STANDALONE.DELIVERY.],UK,UK,2030,Agent2,service,newcapa,2045,2.28400000000
SWLDSTD00 [SER.WATER.LOW-CONSUMPTION: .00.STANDALONE.DELIVERY.],UK,UK,2035,Agent2,service,newcapa,2045,2.00910000000
SWLDSTD00 [SER.WATER.LOW-CONSUMPTION: .00.STANDALONE.DELIVERY.],UK,UK,2040,Agent2,service,newcapa,2045,2.34430000000
SWLDSTD01 [SER.WATER.LOW-CONSUMPTION: .01.STANDALONE.DELIVERY.],UK,UK,2010,Agent2,service,newcapa,2045,13.46150000000
SWLDSTD01 [SER.WATER.LOW-CONSUMPTION: .01.STANDALONE.DELIVERY.],UK,UK,2015,Agent2,service,newcapa,2045,2.67540000000
SWLDSTD01 [SER.WATER.LOW-CONSUMPTION: .01.STANDALONE.DELIVERY.],UK,UK,2020,Agent2,service,newcapa,2045,3.35000000000
SWLDSTD01 [SER.WATER.LOW-CONSUMPTION: .01.STANDALONE.DELIVERY.],UK,UK,2025,Agent2,service,newcapa,2045,3.52350000000
SWLDSTD01 [SER.WATER.LOW-CONSUMPTION: .01.STANDALONE.DELIVERY.],UK,UK,2030,Agent2,service,newcapa,2045,2.28400000000
SWLDSTD01 [SER.WATER.LOW-CONSUMPTION: .01.STANDALONE.DELIVERY.],UK,UK,2035,Agent2,service,newcapa,2045,2.00910000000
SWLDSTD01 [SER.WATER.LOW-CONSUMPTION: .01.STANDALONE.DELIVERY.],UK,UK,2040,Agent2,service,newcapa,2045,2.34430000000
SCHCSV01 [SER.COOLTH.HIGH-CONSUMPTION: .01.CONSERVATION-MEASURES.],UK,UK,2010,Agent2,service,newcapa,2050,137.44360000000
SCHDAIR00 [SER.COOLTH.HIGH-CONSUMPTION: .00.AIR.DELIVERY.],UK,UK,2010,Agent2,service,newcapa,2050,71.50990000000
SCHDAIR00 [SER.COOLTH.HIGH-CONSUMPTION: .00.AIR.DELIVERY.],UK,UK,2015,Agent2,service,newcapa,2050,10.00000000000
SCHDAIR00 [SER.COOLTH.HIGH-CONSUMPTION: .00.AIR.DELIVERY.],UK,UK,2020,Agent2,service,newcapa,2050,10.00000000000
SCHDAIR00 [SER.COOLTH.HIGH-CONSUMPTION: .00.AIR.DELIVERY.],UK,UK,2025,Agent2,service,newcapa,2050,10.00000000000
SCHDAIR00 [SER.COOLTH.HIGH-CONSUMPTION: .00.AIR.DELIVERY.],UK,UK,2030,Agent2,service,newcapa,2050,10.00000000000
SCHDAIR00 [SER.COOLTH.HIGH-CONSUMPTION: .00.AIR.DELIVERY.],UK,UK,2035,Agent2,service,newcapa,2050,10.00000000000
SCHDAIR00 [SER.COOLTH.HIGH-CONSUMPTION: .00.AIR.DELIVERY.],UK,UK,2040,Agent2,service,newcapa,2050,10.00000000000
SCHDAIR00 [SER.COOLTH.HIGH-CONSUMPTION: .00.AIR.DELIVERY.],UK,UK,2045,Agent2,service,newcapa,2050,10.00000000000
SCHDAIR01 [SER.COOLTH.HIGH-CONSUMPTION: .01.AIR.DELIVERY.],UK,UK,2010,Agent2,service,newcapa,2050,137.44360000000
SCHDAIR01 [SER.COOLTH.HIGH-CONSUMPTION: .01.AIR.DELIVERY.],UK,UK,2015,Agent2,service,newcapa,2050,90.35730000000
SCHDAIR01 [SER.COOLTH.HIGH-CONSUMPTION: .01.AIR.DELIVERY.],UK,UK,2020,Agent2,service,newcapa,2050,102.87840000000
SCHDAIR01 [SER.COOLTH.HIGH-CONSUMPTION: .01.AIR.DELIVERY.],UK,UK,2025,Agent2,service,newcapa,2050,72.12350000000
SCHDAIR01 [SER.COOLTH.HIGH-CONSUMPTION: .01.AIR.DELIVERY.],UK,UK,2030,Agent2,service,newcapa,2050,110.20120000000
SCHDAIR01 [SER.COOLTH.HIGH-CONSUMPTION: .01.AIR.DELIVERY.],UK,UK,2035,Agent2,service,newcapa,2050,79.44630000000
SCHDAIR01 [SER.COOLTH.HIGH-CONSUMPTION: .01.AIR.DELIVERY.],UK,UK,2040,Agent2,service,newcapa,2050,90.78980000000
SCHDAIR01 [SER.COOLTH.HIGH-CONSUMPTION: .01.AIR.DELIVERY.],UK,UK,2045,Agent2,service,newcapa,2050,90.78980000000
SCKELC000 [SER.COOKING: .00.ELC.],UK,UK,2045,Agent2,service,newcapa,2050,0.23500000000
SCKELC001 [SER.COOKING: .01.ELC.],UK,UK,2045,Agent2,service,newcapa,2050,0.23500000000
SCKLFO001 [SER.COOKING: .01.OIL.],UK,UK,2035,Agent2,service,newcapa,2050,3.68140000000
SCKLFO001 [SER.COOKING: .01.OIL.],UK,UK,2040,Agent2,service,newcapa,2050,6.72860000000
SCKLFO001 [SER.COOKING: .01.OIL.],UK,UK,2045,Agent2,service,newcapa,2050,10.47010000000
SCKNGA000 [SER.COOKING: .00.NGA.],UK,UK,2035,Agent2,service,newcapa,2050,10.09080000000
SCKNGA000 [SER.COOKING: .00.NGA.],UK,UK,2040,Agent2,service,newcapa,2050,10.02130000000
SCKNGA000 [SER.COOKING: .00.NGA.],UK,UK,2045,Agent2,service,newcapa,2050,10.01200000000
SCKNGA001 [SER.COOKING: .01.NGA.],UK,UK,2035,Agent2,service,newcapa,2050,17.36280000000
SCKNGA001 [SER.COOKING: .01.NGA.],UK,UK,2040,Agent2,service,newcapa,2050,23.45720000000
SCKNGA001 [SER.COOKING: .01.NGA.],UK,UK,2045,Agent2,service,newcapa,2050,30.94010000000
SCKOTH000 [SER.COOKING: .00.OIL.HEAT.],UK,UK,2035,Agent2,service,newcapa,2050,3.68140000000
SCKOTH000 [SER.COOKING: .00.OIL.HEAT.],UK,UK,2040,Agent2,service,newcapa,2050,6.72860000000
SCKOTH000 [SER.COOKING: .00.OIL.HEAT.],UK,UK,2045,Agent2,service,newcapa,2050,10.00000000000
SCPECOMP00 [SER.COMPUTERS: .00.],UK,UK,2045,Agent2,service,newcapa,2050,10.00000000000
SCPECOMP01 [SER.COMPUTERS: .01.],UK,UK,2045,Agent2,service,newcapa,2050,24.33300000000
SCSELTMR01 [SER.LIGHTING: .01.CONSERVATION.LIGHTING-TIMER.],UK,UK,2040,Agent2,service,newcapa,2050,12.48280000000
SCSELTMR01 [SER.LIGHTING: .01.CONSERVATION.LIGHTING-TIMER.],UK,UK,2045,Agent2,service,newcapa,2050,11.78590000000
SCSHPTHM01 [SER.HEAT.HIGH-CONSUMPTION: .01.CONSERVATION.PROGRAMMABLE-THERMOSTATS.],UK,UK,2040,Agent2,service,newcapa,2050,162.06350000000
SCSHPTHM01 [SER.HEAT.HIGH-CONSUMPTION: .01.CONSERVATION.PROGRAMMABLE-THERMOSTATS.],UK,UK,2045,Agent2,service,newcapa,2050,29.98580000000
SHHCSV01 [SER.HEAT.HIGH-CONSUMPTION: .01.CONSERVATION-MEASURES.],UK,UK,2020,Agent2,service,newcapa,2050,42.70000000000
SHHCSV01 [SER.HEAT.HIGH-CONSUMPTION: .01.CONSERVATION-MEASURES.],UK,UK,2025,Agent2,service,newcapa,2050,128.04000000000
SHHCSV01 [SER.HEAT.HIGH-CONSUMPTION: .01.CONSERVATION-MEASURES.],UK,UK,2030,Agent2,service,newcapa,2050,179.91290000000
SHHCSV01 [SER.HEAT.HIGH-CONSUMPTION: .01.CONSERVATION-MEASURES.],UK,UK,2035,Agent2,service,newcapa,2050,119.03240000000
SHHCSV01 [SER.HEAT.HIGH-CONSUMPTION: .01.CONSERVATION-MEASURES.],UK,UK,2040,Agent2,service,newcapa,2050,130.27160000000
SHHCSV01 [SER.HEAT.HIGH-CONSUMPTION: .01.CONSERVATION-MEASURES.],UK,UK,2045,Agent2,service,newcapa,2050,130.27160000000
SHHDAIR00 [SER.HEAT.HIGH-CONSUMPTION: .00.AIR.DELIVERY.],UK,UK,2010,Agent2,service,newcapa,2050,15.98540000000
SHHDRAD00 [SER.HEAT.HIGH-CONSUMPTION: .00.HTP.RADIATOR.],UK,UK,2010,Agent2,service,newcapa,2050,105.77580000000
SHLCSV01 [SER.HEAT.LOW-CONSUMPTION: .01.CONSERVATION-MEASURES.],UK,UK,2015,Agent2,service,newcapa,2050,17.63730000000
SHLCSV01 [SER.HEAT.LOW-CONSUMPTION: .01.CONSERVATION-MEASURES.],UK,UK,2020,Agent2,service,newcapa,2050,103.29290000000
SHLCSV01 [SER.HEAT.LOW-CONSUMPTION: .01.CONSERVATION-MEASURES.],UK,UK,2025,Agent2,service,newcapa,2050,32.01540000000
SHLCSV01 [SER.HEAT.LOW-CONSUMPTION: .01.CONSERVATION-MEASURES.],UK,UK,2030,Agent2,service,newcapa,2050,56.83900000000
SHLCSV01 [SER.HEAT.LOW-CONSUMPTION: .01.CONSERVATION-MEASURES.],UK,UK,2035,Agent2,service,newcapa,2050,35.65930000000
SHLCSV01 [SER.HEAT.LOW-CONSUMPTION: .01.CONSERVATION-MEASURES.],UK,UK,2040,Agent2,service,newcapa,2050,40.39060000000
SHLCSV01 [SER.HEAT.LOW-CONSUMPTION: .01.CONSERVATION-MEASURES.],UK,UK,2045,Agent2,service,newcapa,2050,40.39060000000
SHLDRAD00 [SER.HEAT.LOW-CONSUMPTION: .00.HTP.RADIATOR.],UK,UK,2010,Agent2,service,newcapa,2050,16.44850000000
SHLDSTD00 [SER.HEAT.LOW-CONSUMPTION: .00.STANDALONE.DELIVERY.],UK,UK,2010,Agent2,service,newcapa,2050,25.91080000000
SHLDSTD00 [SER.HEAT.LOW-CONSUMPTION: .00.STANDALONE.DELIVERY.],UK,UK,2015,Agent2,service,newcapa,2050,10.00000000000
SHLDSTD00 [SER.HEAT.LOW-CONSUMPTION: .00.STANDALONE.DELIVERY.],UK,UK,2020,Agent2,service,newcapa,2050,10.60620000000
SHLDSTD00 [SER.HEAT.LOW-CONSUMPTION: .00.STANDALONE.DELIVERY.],UK,UK,2025,Agent2,service,newcapa,2050,10.00000000000
SHLDSTD00 [SER.HEAT.LOW-CONSUMPTION: .00.STANDALONE.DELIVERY.],UK,UK,2030,Agent2,service,newcapa,2050,10.00000000000
SHLDSTD00 [SER.HEAT.LOW-CONSUMPTION: .00.STANDALONE.DELIVERY.],UK,UK,2035,Agent2,service,newcapa,2050,10.00000000000
SHLDSTD00 [SER.HEAT.LOW-CONSUMPTION: .00.STANDALONE.DELIVERY.],UK,UK,2040,Agent2,service,newcapa,2050,10.00000000000
SHLDSTD00 [SER.HEAT.LOW-CONSUMPTION: .00.STANDALONE.DELIVERY.],UK,UK,2045,Agent2,service,newcapa,2050,10.00000000000
SLOFEFLU00 [SER.LIGHTING: .00.OFFICE.FLUORESCENT.],UK,UK,2045,Agent2,service,newcapa,2050,11.21040000000
SLOFEFLU01 [SER.LIGHTING: .01.OFFICE.FLUORESCENT.],UK,UK,2045,Agent2,service,newcapa,2050,180.99670000000
SLOFELED00 [SER.LIGHTING: .00.OFFICE.LED.],UK,UK,2025,Agent2,service,newcapa,2050,11.24870000000
SLOFELED00 [SER.LIGHTING: .00.OFFICE.LED.],UK,UK,2030,Agent2,service,newcapa,2050,11.56050000000
SLOFELED00 [SER.LIGHTING: .00.OFFICE.LED.],UK,UK,2035,Agent2,service,newcapa,2050,10.51160000000
SLOFELED00 [SER.LIGHTING: .00.OFFICE.LED.],UK,UK,2040,Agent2,service,newcapa,2050,10.39920000000
SLOFELED00 [SER.LIGHTING: .00.OFFICE.LED.],UK,UK,2045,Agent2,service,newcapa,2050,10.40460000000
SLOFELED01 [SER.LIGHTING: .01.OFFICE.LED.],UK,UK,2025,Agent2,service,newcapa,2050,51.54480000000
SLOFELED01 [SER.LIGHTING: .01.OFFICE.LED.],UK,UK,2030,Agent2,service,newcapa,2050,44.86680000000
SLOFELED01 [SER.LIGHTING: .01.OFFICE.LED.],UK,UK,2035,Agent2,service,newcapa,2050,66.15700000000
SLOFELED01 [SER.LIGHTING: .01.OFFICE.LED.],UK,UK,2040,Agent2,service,newcapa,2050,79.05930000000
SLOFELED01 [SER.LIGHTING: .01.OFFICE.LED.],UK,UK,2045,Agent2,service,newcapa,2050,85.49840000000
SLOTECCL00 [SER.LIGHTING: .00.OTHER.CCL.],UK,UK,2040,Agent2,service,newcapa,2050,10.47080000000
SLOTECCL00 [SER.LIGHTING: .00.OTHER.CCL.],UK,UK,2045,Agent2,service,newcapa,2050,10.34830000000
SLOTECCL01 [SER.LIGHTING: .01.OTHER.CCL.],UK,UK,2040,Agent2,service,newcapa,2050,54.96550000000
SLOTECCL01 [SER.LIGHTING: .01.OTHER.CCL.],UK,UK,2045,Agent2,service,newcapa,2050,53.57180000000
SLOTELED00 [SER.LIGHTING: .00.OTHER.LED.],UK,UK,2025,Agent2,service,newcapa,2050,10.00000000000
SLOTELED00 [SER.LIGHTING: .00.OTHER.LED.],UK,UK,2030,Agent2,service,newcapa,2050,10.24410000000
SLOTELED00 [SER.LIGHTING: .00.OTHER.LED.],UK,UK,2035,Agent2,service,newcapa,2050,10.04410000000
SLOTELED00 [SER.LIGHTING: .00.OTHER.LED.],UK,UK,2040,Agent2,service,newcapa,2050,10.20320000000
SLOTELED00 [SER.LIGHTING: .00.OTHER.LED.],UK,UK,2045,Agent2,service,newcapa,2050,10.02400000000
SLOTELED01 [SER.LIGHTING: .01.OTHER.LED.],UK,UK,2025,Agent2,service,newcapa,2050,10.26270000000
SLOTELED01 [SER.LIGHTING: .01.OTHER.LED.],UK,UK,2030,Agent2,service,newcapa,2050,19.39230000000
SLOTELED01 [SER.LIGHTING: .01.OTHER.LED.],UK,UK,2035,Agent2,service,newcapa,2050,14.55690000000
SLOTELED01 [SER.LIGHTING: .01.OTHER.LED.],UK,UK,2040,Agent2,service,newcapa,2050,22.48280000000
SLOTELED01 [SER.LIGHTING: .01.OTHER.LED.],UK,UK,2045,Agent2,service,newcapa,2050,21.78590000000
SOTHELC00 [SER.OTHER: .00.ELC.],UK,UK,2010,Agent2,service,newcapa,2050,8.60780000000
SOTHELC01 [SER.OTHER: .01.ELC.],UK,UK,2010,Agent2,service,newcapa,2050,6.04410000000
SOTHNGA00 [SER.OTHER: .00.NGA.OIL.HEAT.],UK,UK,2010,Agent2,service,newcapa,2050,6.79780000000
SOTHNGA00 [SER.OTHER: .00.NGA.OIL.HEAT.],UK,UK,2015,Agent2,service,newcapa,2050,3.27350000000
SOTHNGA00 [SER.OTHER: .00.NGA.OIL.HEAT.],UK,UK,2020,Agent2,service,newcapa,2050,3.71110000000
SOTHNGA00 [SER.OTHER: .00.NGA.OIL.HEAT.],UK,UK,2025,Agent2,service,newcapa,2050,2.72510000000
SOTHNGA00 [SER.OTHER: .00.NGA.OIL.HEAT.],UK,UK,2030,Agent2,service,newcapa,2050,3.91070000000
SOTHNGA00 [SER.OTHER: .00.NGA.OIL.HEAT.],UK,UK,2035,Agent2,service,newcapa,2050,2.88060000000
SOTHNGA00 [SER.OTHER: .00.NGA.OIL.HEAT.],UK,UK,2040,Agent2,service,newcapa,2050,3.27710000000
SOTHNGA00 [SER.OTHER: .00.NGA.OIL.HEAT.],UK,UK,2045,Agent2,service,newcapa,2050,3.27710000000
SOTHNGA01 [SER.OTHER: .01.NGA.],UK,UK,2010,Agent2,service,newcapa,2050,6.04410000000
SOTHNGA01 [SER.OTHER: .01.NGA.],UK,UK,2015,Agent2,service,newcapa,2050,3.27350000000
SOTHNGA01 [SER.OTHER: .01.NGA.],UK,UK,2020,Agent2,service,newcapa,2050,3.71110000000
SOTHNGA01 [SER.OTHER: .01.NGA.],UK,UK,2025,Agent2,service,newcapa,2050,2.72510000000
SOTHNGA01 [SER.OTHER: .01.NGA.],UK,UK,2030,Agent2,service,newcapa,2050,3.91070000000
SOTHNGA01 [SER.OTHER: .01.NGA.],UK,UK,2035,Agent2,service,newcapa,2050,2.88060000000
SOTHNGA01 [SER.OTHER: .01.NGA.],UK,UK,2040,Agent2,service,newcapa,2050,3.27710000000
SOTHNGA01 [SER.OTHER: .01.NGA.],UK,UK,2045,Agent2,service,newcapa,2050,3.27710000000
SREFEHFC00 [SER.REFRIGERATION: .00.HFC.],UK,UK,2035,Agent2,service,newcapa,2050,10.00000000000
SREFEHFC00 [SER.REFRIGERATION: .00.HFC.],UK,UK,2040,Agent2,service,newcapa,2050,10.14780000000
SREFEHFC00 [SER.REFRIGERATION: .00.HFC.],UK,UK,2045,Agent2,service,newcapa,2050,10.03590000000
SREFEHFC01 [SER.REFRIGERATION: .01.HFC.],UK,UK,2035,Agent2,service,newcapa,2050,21.34090000000
SREFEHFC01 [SER.REFRIGERATION: .01.HFC.],UK,UK,2040,Agent2,service,newcapa,2050,54.02320000000
SREFEHFC01 [SER.REFRIGERATION: .01.HFC.],UK,UK,2045,Agent2,service,newcapa,2050,44.44530000000
SREFEHFO00 [SER.REFRIGERATION: .00.HFO.],UK,UK,2035,Agent2,service,newcapa,2050,5.67050000000
SREFEHFO00 [SER.REFRIGERATION: .00.HFO.],UK,UK,2040,Agent2,service,newcapa,2050,10.02240000000
SREFEHFO00 [SER.REFRIGERATION: .00.HFO.],UK,UK,2045,Agent2,service,newcapa,2050,10.00000000000
SREFEHFO01 [SER.REFRIGERATION: .01.HFO.],UK,UK,2035,Agent2,service,newcapa,2050,5.67050000000
SREFEHFO01 [SER.REFRIGERATION: .01.HFO.],UK,UK,2040,Agent2,service,newcapa,2050,22.01160000000
SREFEHFO01 [SER.REFRIGERATION: .01.HFO.],UK,UK,2045,Agent2,service,newcapa,2050,17.22260000000
SWHDPIP00 [SER.WATER.HIGH-CONSUMPTION: .00.PIPE.DELIVERY.],UK,UK,2010,Agent2,service,newcapa,2050,7.72940000000
SWHDSTD00 [SER.WATER.HIGH-CONSUMPTION: .00.STANDALONE.DELIVERY.],UK,UK,2010,Agent2,service,newcapa,2050,2.10590000000
SWHDSTD00 [SER.WATER.HIGH-CONSUMPTION: .00.STANDALONE.DELIVERY.],UK,UK,2015,Agent2,service,newcapa,2050,10.20720000000
SWHDSTD00 [SER.WATER.HIGH-CONSUMPTION: .00.STANDALONE.DELIVERY.],UK,UK,2020,Agent2,service,newcapa,2050,10.25160000000
SWHDSTD00 [SER.WATER.HIGH-CONSUMPTION: .00.STANDALONE.DELIVERY.],UK,UK,2025,Agent2,service,newcapa,2050,10.80390000000
SWHDSTD00 [SER.WATER.HIGH-CONSUMPTION: .00.STANDALONE.DELIVERY.],UK,UK,2030,Agent2,service,newcapa,2050,11.68720000000
SWHDSTD00 [SER.WATER.HIGH-CONSUMPTION: .00.STANDALONE.DELIVERY.],UK,UK,2035,Agent2,service,newcapa,2050,10.00000000000
SWHDSTD00 [SER.WATER.HIGH-CONSUMPTION: .00.STANDALONE.DELIVERY.],UK,UK,2040,Agent2,service,newcapa,2050,10.00000000000
SWHDSTD00 [SER.WATER.HIGH-CONSUMPTION: .00.STANDALONE.DELIVERY.],UK,UK,2045,Agent2,service,newcapa,2050,10.00000000000
SWHDSTD01 [SER.WATER.HIGH-CONSUMPTION: .01.STANDALONE.DELIVERY.],UK,UK,2015,Agent2,service,newcapa,2050,21.03730000000
SWHDSTD01 [SER.WATER.HIGH-CONSUMPTION: .01.STANDALONE.DELIVERY.],UK,UK,2020,Agent2,service,newcapa,2050,23.15740000000
SWHDSTD01 [SER.WATER.HIGH-CONSUMPTION: .01.STANDALONE.DELIVERY.],UK,UK,2025,Agent2,service,newcapa,2050,10.28430000000
SWHDSTD01 [SER.WATER.HIGH-CONSUMPTION: .01.STANDALONE.DELIVERY.],UK,UK,2030,Agent2,service,newcapa,2050,7.83750000000
SWHDSTD01 [SER.WATER.HIGH-CONSUMPTION: .01.STANDALONE.DELIVERY.],UK,UK,2035,Agent2,service,newcapa,2050,2.03650000000
SWHDSTD01 [SER.WATER.HIGH-CONSUMPTION: .01.STANDALONE.DELIVERY.],UK,UK,2040,Agent2,service,newcapa,2050,5.42570000000
SWHDSTD01 [SER.WATER.HIGH-CONSUMPTION: .01.STANDALONE.DELIVERY.],UK,UK,2045,Agent2,service,newcapa,2050,5.42570000000
SWLDSTD00 [SER.WATER.LOW-CONSUMPTION: .00.STANDALONE.DELIVERY.],UK,UK,2010,Agent2,service,newcapa,2050,11.70850000000
SWLDSTD00 [SER.WATER.LOW-CONSUMPTION: .00.STANDALONE.DELIVERY.],UK,UK,2015,Agent2,service,newcapa,2050,2.67540000000
SWLDSTD00 [SER.WATER.LOW-CONSUMPTION: .00.STANDALONE.DELIVERY.],UK,UK,2020,Agent2,service,newcapa,2050,3.35000000000
SWLDSTD00 [SER.WATER.LOW-CONSUMPTION: .00.STANDALONE.DELIVERY.],UK,UK,2025,Agent2,service,newcapa,2050,3.52350000000
SWLDSTD00 [SER.WATER.LOW-CONSUMPTION: .00.STANDALONE.DELIVERY.],UK,UK,2030,Agent2,service,newcapa,2050,2.28400000000
SWLDSTD00 [SER.WATER.LOW-CONSUMPTION: .00.STANDALONE.DELIVERY.],UK,UK,2035,Agent2,service,newcapa,2050,2.00910000000
SWLDSTD00 [SER.WATER.LOW-CONSUMPTION: .00.STANDALONE.DELIVERY.],UK,UK,2040,Agent2,service,newcapa,2050,2.34430000000
SWLDSTD00 [SER.WATER.LOW-CONSUMPTION: .00.STANDALONE.DELIVERY.],UK,UK,2045,Agent2,service,newcapa,2050,2.34430000000
SWLDSTD01 [SER.WATER.LOW-CONSUMPTION: .01.STANDALONE.DELIVERY.],UK,UK,2010,Agent2,service,newcapa,2050,13.46150000000
SWLDSTD01 [SER.WATER.LOW-CONSUMPTION: .01.STANDALONE.DELIVERY.],UK,UK,2015,Agent2,service,newcapa,2050,2.67540000000
SWLDSTD01 [SER.WATER.LOW-CONSUMPTION: .01.STANDALONE.DELIVERY.],UK,UK,2020,Agent2,service,newcapa,2050,3.35000000000
SWLDSTD01 [SER.WATER.LOW-CONSUMPTION: .01.STANDALONE.DELIVERY.],UK,UK,2025,Agent2,service,newcapa,2050,3.52350000000
SWLDSTD01 [SER.WATER.LOW-CONSUMPTION: .01.STANDALONE.DELIVERY.],UK,UK,2030,Agent2,service,newcapa,2050,2.28400000000
SWLDSTD01 [SER.WATER.LOW-CONSUMPTION: .01.STANDALONE.DELIVERY.],UK,UK,2035,Agent2,service,newcapa,2050,2.00910000000
SWLDSTD01 [SER.WATER.LOW-CONSUMPTION: .01.STANDALONE.DELIVERY.],UK,UK,2040,Agent2,service,newcapa,2050,2.34430000000
SWLDSTD01 [SER.WATER.LOW-CONSUMPTION: .01.STANDALONE.DELIVERY.],UK,UK,2045,Agent2,service,newcapa,2050,2.34430000000
