commodity,consumption,period,region,season,timeslice,units_prices,year
nga,117.10540000000,Night,UK,W,0,12.552,2010
bog,0.04300000000,Night,UK,W,0,10.019,2010
biomass,0.03610000000,Night,UK,W,0,10.019,2010
elc,147.83220000000,Night,UK,W,0,43.34267522,2010
oil,9.10970000000,Night,UK,W,0,19.7944343,2010
hco,15.98600000000,Night,UK,W,0,19.7944343,2010
lfo,4.89830000000,Night,UK,W,0,19.7944343,2010
wood,2.72800000000,Night,UK,W,0,10.019,2010
ser.cooling.high-consumption,13.45530000000,Night,UK,W,0,0,2010
ser.cooking,6.11790000000,Night,UK,W,0,0,2010
ser.computing,2.07290000000,Night,UK,W,0,0,2010
ser.space-heat.high-consumption,16.45290000000,Night,UK,W,0,0,2010
ser.space-heat.low-consumption,8.30090000000,Night,UK,W,0,0,2010
ser.lighting.office,22.15690000000,Night,UK,W,0,0,2010
ser.lighting.other,10.00290000000,Night,UK,W,0,0,2010
ser.other,1.91950000000,Night,UK,W,0,0,2010
ser.refrigeration,4.95000000000,Night,UK,W,0,0,2010
ser.hot-water.high-consumption,3.98410000000,Night,UK,W,0,0,2010
ser.hot-water.low-consumption,1.69520000000,Night,UK,W,0,0,2010
res.cooking.other,2.47400000000,Night,UK,W,0,0,2010
res.cooking.hobs,3.37500000000,Night,UK,W,0,0,2010
res.cooking.ovens,3.03750000000,Night,UK,W,0,0,2010
res.consumer-electronics.tv,5.72900000000,Night,UK,W,0,0,2010
res.freezers,1.53700000000,Night,UK,W,0,0,2010
res.computers,1.63830000000,Night,UK,W,0,0,2010
res.refrigerators,3.51680000000,Night,UK,W,0,0,2010
res.lighting,17.29980000000,Night,UK,W,0,0,2010
res.other,2.44290000000,Night,UK,W,0,0,2010
res.wet.appliances,4.62210000000,Night,UK,W,0,0,2010
res.space-heat.existing-average,90.81420000000,Night,UK,W,0,0,2010
res.space-heat.new-average,0.09810000000,Night,UK,W,0,0,2010
res.hot-water.existing-average,23.11550000000,Night,UK,W,0,0,2010
res.hot-water.new-average,0.10940000000,Night,UK,W,0,0,2010
nga,295.85360000000,Day,UK,W,1,12.552,2010
bog,0.01780000000,Day,UK,W,1,10.019,2010
biomass,0.01500000000,Day,UK,W,1,10.019,2010
elc,79.40820000000,Day,UK,W,1,43.34267522,2010
oil,26.41040000000,Day,UK,W,1,19.7944343,2010
hco,8.93490000000,Day,UK,W,1,19.7944343,2010
lfo,6.63140000000,Day,UK,W,1,19.7944343,2010
wood,2.42180000000,Day,UK,W,1,10.019,2010
ser.cooling.high-consumption,1.02190000000,Day,UK,W,1,0,2010
ser.cooking,1.01970000000,Day,UK,W,1,0,2010
ser.computing,0.31890000000,Day,UK,W,1,0,2010
ser.space-heat.high-consumption,4.14760000000,Day,UK,W,1,0,2010
ser.space-heat.low-consumption,2.96770000000,Day,UK,W,1,0,2010
ser.lighting.office,7.38560000000,Day,UK,W,1,0,2010
ser.lighting.other,3.33430000000,Day,UK,W,1,0,2010
ser.other,0.76780000000,Day,UK,W,1,0,2010
ser.refrigeration,1.98000000000,Day,UK,W,1,0,2010
ser.hot-water.high-consumption,0.73720000000,Day,UK,W,1,0,2010
ser.hot-water.low-consumption,0.33910000000,Day,UK,W,1,0,2010
res.cooking.other,0.49480000000,Day,UK,W,1,0,2010
res.cooking.hobs,0.67500000000,Day,UK,W,1,0,2010
res.cooking.ovens,0.60750000000,Day,UK,W,1,0,2010
res.consumer-electronics.tv,2.29160000000,Day,UK,W,1,0,2010
res.freezers,0.43920000000,Day,UK,W,1,0,2010
res.computers,0.89360000000,Day,UK,W,1,0,2010
res.refrigerators,1.00480000000,Day,UK,W,1,0,2010
res.lighting,69.19920000000,Day,UK,W,1,0,2010
res.other,0.97720000000,Day,UK,W,1,0,2010
res.wet.appliances,1.84880000000,Day,UK,W,1,0,2010
res.space-heat.existing-average,30.20280000000,Day,UK,W,1,0,2010
res.space-heat.new-average,0.03260000000,Day,UK,W,1,0,2010
res.hot-water.existing-average,4.56860000000,Day,UK,W,1,0,2010
res.hot-water.new-average,0.02160000000,Day,UK,W,1,0,2010
nga,147.75290000000,Peak,UK,W,2,12.552,2010
bog,0.01840000000,Peak,UK,W,2,10.019,2010
biomass,0.01550000000,Peak,UK,W,2,10.019,2010
elc,53.21810000000,Peak,UK,W,2,43.34267522,2010
oil,12.87330000000,Peak,UK,W,2,19.7944343,2010
hco,5.59040000000,Peak,UK,W,2,19.7944343,2010
lfo,3.94690000000,Peak,UK,W,2,19.7944343,2010
wood,2.11840000000,Peak,UK,W,2,10.019,2010
ser.cooling.high-consumption,1.02190000000,Peak,UK,W,2,0,2010
ser.computing,0.47840000000,Peak,UK,W,2,0,2010
ser.space-heat.high-consumption,4.63680000000,Peak,UK,W,2,0,2010
ser.space-heat.low-consumption,3.12160000000,Peak,UK,W,2,0,2010
ser.lighting.office,9.84750000000,Peak,UK,W,2,0,2010
ser.lighting.other,4.44580000000,Peak,UK,W,2,0,2010
ser.other,1.34360000000,Peak,UK,W,2,0,2010
ser.refrigeration,3.46500000000,Peak,UK,W,2,0,2010
ser.hot-water.high-consumption,2.58630000000,Peak,UK,W,2,0,2010
ser.hot-water.low-consumption,1.12320000000,Peak,UK,W,2,0,2010
res.cooking.other,0.24740000000,Peak,UK,W,2,0,2010
res.cooking.hobs,0.33750000000,Peak,UK,W,2,0,2010
res.cooking.ovens,0.30380000000,Peak,UK,W,2,0,2010
res.consumer-electronics.tv,1.43230000000,Peak,UK,W,2,0,2010
res.freezers,0.76850000000,Peak,UK,W,2,0,2010
res.computers,0.23830000000,Peak,UK,W,2,0,2010
res.refrigerators,1.75840000000,Peak,UK,W,2,0,2010
res.lighting,17.29980000000,Peak,UK,W,2,0,2010
res.other,0.85500000000,Peak,UK,W,2,0,2010
res.space-heat.existing-average,34.50570000000,Peak,UK,W,2,0,2010
res.space-heat.new-average,0.03730000000,Peak,UK,W,2,0,2010
res.hot-water.existing-average,15.31810000000,Peak,UK,W,2,0,2010
res.hot-water.new-average,0.07250000000,Peak,UK,W,2,0,2010
nga,100.00740000000,Evening,UK,W,3,12.552,2010
bog,0.01340000000,Evening,UK,W,3,10.019,2010
biomass,0.01120000000,Evening,UK,W,3,10.019,2010
elc,77.98870000000,Evening,UK,W,3,43.34267522,2010
oil,8.79420000000,Evening,UK,W,3,19.7944343,2010
hco,8.52550000000,Evening,UK,W,3,19.7944343,2010
lfo,3.14780000000,Evening,UK,W,3,19.7944343,2010
wood,1.82080000000,Evening,UK,W,3,10.019,2010
ser.cooling.high-consumption,1.53290000000,Evening,UK,W,3,0,2010
ser.cooking,3.05900000000,Evening,UK,W,3,0,2010
ser.computing,0.31890000000,Evening,UK,W,3,0,2010
ser.space-heat.high-consumption,8.65910000000,Evening,UK,W,3,0,2010
ser.space-heat.low-consumption,4.41510000000,Evening,UK,W,3,0,2010
ser.lighting.office,9.84750000000,Evening,UK,W,3,0,2010
ser.lighting.other,4.44580000000,Evening,UK,W,3,0,2010
ser.other,0.57580000000,Evening,UK,W,3,0,2010
ser.refrigeration,1.48500000000,Evening,UK,W,3,0,2010
ser.hot-water.high-consumption,1.92480000000,Evening,UK,W,3,0,2010
ser.hot-water.low-consumption,0.81190000000,Evening,UK,W,3,0,2010
res.cooking.other,1.73180000000,Evening,UK,W,3,0,2010
res.cooking.hobs,2.36250000000,Evening,UK,W,3,0,2010
res.cooking.ovens,2.12630000000,Evening,UK,W,3,0,2010
res.consumer-electronics.tv,2.00520000000,Evening,UK,W,3,0,2010
res.freezers,0.32940000000,Evening,UK,W,3,0,2010
res.computers,0.80420000000,Evening,UK,W,3,0,2010
res.refrigerators,0.75360000000,Evening,UK,W,3,0,2010
res.lighting,69.19920000000,Evening,UK,W,3,0,2010
res.other,0.73290000000,Evening,UK,W,3,0,2010
res.wet.appliances,1.38660000000,Evening,UK,W,3,0,2010
res.space-heat.existing-average,50.45960000000,Evening,UK,W,3,0,2010
res.space-heat.new-average,0.05450000000,Evening,UK,W,3,0,2010
res.hot-water.existing-average,11.12920000000,Evening,UK,W,3,0,2010
res.hot-water.new-average,0.05270000000,Evening,UK,W,3,0,2010
nga,92.08830000000,Night,UK,P,4,12.552,2010
bog,0.04300000000,Night,UK,P,4,10.019,2010
biomass,0.03610000000,Night,UK,P,4,10.019,2010
elc,169.34330000000,Night,UK,P,4,43.34267522,2010
oil,7.06530000000,Night,UK,P,4,19.7944343,2010
hco,19.79600000000,Night,UK,P,4,19.7944343,2010
lfo,5.09110000000,Night,UK,P,4,19.7944343,2010
wood,2.67220000000,Night,UK,P,4,10.019,2010
ser.cooling.high-consumption,13.45530000000,Night,UK,P,4,0,2010
ser.cooking,6.11790000000,Night,UK,P,4,0,2010
ser.computing,2.07290000000,Night,UK,P,4,0,2010
ser.space-heat.high-consumption,19.96480000000,Night,UK,P,4,0,2010
ser.space-heat.low-consumption,10.31900000000,Night,UK,P,4,0,2010
ser.lighting.office,22.15690000000,Night,UK,P,4,0,2010
ser.lighting.other,10.00290000000,Night,UK,P,4,0,2010
ser.other,1.91950000000,Night,UK,P,4,0,2010
ser.refrigeration,4.95000000000,Night,UK,P,4,0,2010
ser.hot-water.high-consumption,4.17310000000,Night,UK,P,4,0,2010
ser.hot-water.low-consumption,1.69770000000,Night,UK,P,4,0,2010
res.cooking.other,2.47400000000,Night,UK,P,4,0,2010
res.cooking.hobs,3.37500000000,Night,UK,P,4,0,2010
res.cooking.ovens,3.03750000000,Night,UK,P,4,0,2010
res.consumer-electronics.tv,5.72900000000,Night,UK,P,4,0,2010
res.freezers,1.53700000000,Night,UK,P,4,0,2010
res.computers,1.63830000000,Night,UK,P,4,0,2010
res.refrigerators,3.51680000000,Night,UK,P,4,0,2010
res.lighting,17.29980000000,Night,UK,P,4,0,2010
res.other,2.44290000000,Night,UK,P,4,0,2010
res.wet.appliances,4.62210000000,Night,UK,P,4,0,2010
res.space-heat.existing-average,112.94290000000,Night,UK,P,4,0,2010
res.space-heat.new-average,0.12200000000,Night,UK,P,4,0,2010
res.hot-water.existing-average,23.27050000000,Night,UK,P,4,0,2010
res.hot-water.new-average,0.11020000000,Night,UK,P,4,0,2010
nga,171.40070000000,Day,UK,P,5,12.552,2010
bog,0.01780000000,Day,UK,P,5,10.019,2010
biomass,0.01500000000,Day,UK,P,5,10.019,2010
elc,81.22270000000,Day,UK,P,5,43.34267522,2010
oil,15.53930000000,Day,UK,P,5,19.7944343,2010
hco,7.66720000000,Day,UK,P,5,19.7944343,2010
lfo,4.14080000000,Day,UK,P,5,19.7944343,2010
wood,1.55740000000,Day,UK,P,5,10.019,2010
ser.cooling.high-consumption,1.02190000000,Day,UK,P,5,0,2010
ser.cooking,1.01970000000,Day,UK,P,5,0,2010
ser.computing,0.31890000000,Day,UK,P,5,0,2010
ser.space-heat.high-consumption,5.28090000000,Day,UK,P,5,0,2010
ser.space-heat.low-consumption,3.62070000000,Day,UK,P,5,0,2010
ser.lighting.office,7.38560000000,Day,UK,P,5,0,2010
ser.lighting.other,3.33430000000,Day,UK,P,5,0,2010
ser.other,0.76780000000,Day,UK,P,5,0,2010
ser.refrigeration,1.98000000000,Day,UK,P,5,0,2010
ser.hot-water.high-consumption,0.79500000000,Day,UK,P,5,0,2010
ser.hot-water.low-consumption,0.34350000000,Day,UK,P,5,0,2010
res.cooking.other,0.49480000000,Day,UK,P,5,0,2010
res.cooking.hobs,0.67500000000,Day,UK,P,5,0,2010
res.cooking.ovens,0.60750000000,Day,UK,P,5,0,2010
res.consumer-electronics.tv,2.29160000000,Day,UK,P,5,0,2010
res.freezers,0.43920000000,Day,UK,P,5,0,2010
res.computers,0.89360000000,Day,UK,P,5,0,2010
res.refrigerators,1.00480000000,Day,UK,P,5,0,2010
res.lighting,69.19920000000,Day,UK,P,5,0,2010
res.other,0.97720000000,Day,UK,P,5,0,2010
res.wet.appliances,1.84880000000,Day,UK,P,5,0,2010
res.space-heat.existing-average,38.26970000000,Day,UK,P,5,0,2010
res.space-heat.new-average,0.04130000000,Day,UK,P,5,0,2010
res.hot-water.existing-average,4.65950000000,Day,UK,P,5,0,2010
res.hot-water.new-average,0.02210000000,Day,UK,P,5,0,2010
nga,93.45610000000,Peak,UK,P,6,12.552,2010
bog,0.01840000000,Peak,UK,P,6,10.019,2010
biomass,0.01550000000,Peak,UK,P,6,10.019,2010
elc,58.05690000000,Peak,UK,P,6,43.34267522,2010
oil,8.40240000000,Peak,UK,P,6,19.7944343,2010
hco,6.28970000000,Peak,UK,P,6,19.7944343,2010
lfo,2.70610000000,Peak,UK,P,6,19.7944343,2010
wood,1.76060000000,Peak,UK,P,6,10.019,2010
ser.cooling.high-consumption,1.02190000000,Peak,UK,P,6,0,2010
ser.computing,0.47840000000,Peak,UK,P,6,0,2010
ser.space-heat.high-consumption,6.02290000000,Peak,UK,P,6,0,2010
ser.space-heat.low-consumption,3.78620000000,Peak,UK,P,6,0,2010
ser.lighting.office,9.84750000000,Peak,UK,P,6,0,2010
ser.lighting.other,4.44580000000,Peak,UK,P,6,0,2010
ser.other,1.34360000000,Peak,UK,P,6,0,2010
ser.refrigeration,3.46500000000,Peak,UK,P,6,0,2010
ser.hot-water.high-consumption,2.71360000000,Peak,UK,P,6,0,2010
ser.hot-water.low-consumption,1.13260000000,Peak,UK,P,6,0,2010
res.cooking.other,0.24740000000,Peak,UK,P,6,0,2010
res.cooking.hobs,0.33750000000,Peak,UK,P,6,0,2010
res.cooking.ovens,0.30380000000,Peak,UK,P,6,0,2010
res.consumer-electronics.tv,1.43230000000,Peak,UK,P,6,0,2010
res.freezers,0.76850000000,Peak,UK,P,6,0,2010
res.computers,0.23830000000,Peak,UK,P,6,0,2010
res.refrigerators,1.75840000000,Peak,UK,P,6,0,2010
res.lighting,17.29980000000,Peak,UK,P,6,0,2010
res.other,0.85500000000,Peak,UK,P,6,0,2010
res.space-heat.existing-average,42.48090000000,Peak,UK,P,6,0,2010
res.space-heat.new-average,0.04590000000,Peak,UK,P,6,0,2010
res.hot-water.existing-average,15.49450000000,Peak,UK,P,6,0,2010
res.hot-water.new-average,0.07340000000,Peak,UK,P,6,0,2010
nga,58.39800000000,Evening,UK,P,7,12.552,2010
bog,0.01340000000,Evening,UK,P,7,10.019,2010
biomass,0.01120000000,Evening,UK,P,7,10.019,2010
elc,90.62650000000,Evening,UK,P,7,43.34267522,2010
oil,5.10610000000,Evening,UK,P,7,19.7944343,2010
hco,10.57680000000,Evening,UK,P,7,19.7944343,2010
lfo,2.84070000000,Evening,UK,P,7,19.7944343,2010
wood,1.65600000000,Evening,UK,P,7,10.019,2010
ser.cooling.high-consumption,1.53290000000,Evening,UK,P,7,0,2010
ser.cooking,3.05900000000,Evening,UK,P,7,0,2010
ser.computing,0.31890000000,Evening,UK,P,7,0,2010
ser.space-heat.high-consumption,10.96880000000,Evening,UK,P,7,0,2010
ser.space-heat.low-consumption,5.44620000000,Evening,UK,P,7,0,2010
ser.lighting.office,9.84750000000,Evening,UK,P,7,0,2010
ser.lighting.other,4.44580000000,Evening,UK,P,7,0,2010
ser.other,0.57580000000,Evening,UK,P,7,0,2010
ser.refrigeration,1.48500000000,Evening,UK,P,7,0,2010
ser.hot-water.high-consumption,2.08390000000,Evening,UK,P,7,0,2010
ser.hot-water.low-consumption,0.81190000000,Evening,UK,P,7,0,2010
res.cooking.other,1.73180000000,Evening,UK,P,7,0,2010
res.cooking.hobs,2.36250000000,Evening,UK,P,7,0,2010
res.cooking.ovens,2.12630000000,Evening,UK,P,7,0,2010
res.consumer-electronics.tv,2.00520000000,Evening,UK,P,7,0,2010
res.freezers,0.32940000000,Evening,UK,P,7,0,2010
res.computers,0.80420000000,Evening,UK,P,7,0,2010
res.refrigerators,0.75360000000,Evening,UK,P,7,0,2010
res.lighting,69.19920000000,Evening,UK,P,7,0,2010
res.other,0.73290000000,Evening,UK,P,7,0,2010
res.wet.appliances,1.38660000000,Evening,UK,P,7,0,2010
res.space-heat.existing-average,63.08340000000,Evening,UK,P,7,0,2010
res.space-heat.new-average,0.06810000000,Evening,UK,P,7,0,2010
res.hot-water.existing-average,11.12920000000,Evening,UK,P,7,0,2010
res.hot-water.new-average,0.05270000000,Evening,UK,P,7,0,2010
nga,62.05480000000,Night,UK,S,8,12.552,2010
bog,0.04300000000,Night,UK,S,8,10.019,2010
biomass,0.03610000000,Night,UK,S,8,10.019,2010
elc,69.40650000000,Night,UK,S,8,43.34267522,2010
oil,2.67090000000,Night,UK,S,8,19.7944343,2010
hco,3.37960000000,Night,UK,S,8,19.7944343,2010
lfo,0.52190000000,Night,UK,S,8,19.7944343,2010
wood,1.85660000000,Night,UK,S,8,10.019,2010
ser.cooling.high-consumption,44.85100000000,Night,UK,S,8,0,2010
ser.cooking,6.11790000000,Night,UK,S,8,0,2010
ser.computing,2.07290000000,Night,UK,S,8,0,2010
ser.space-heat.high-consumption,3.24300000000,Night,UK,S,8,0,2010
ser.space-heat.low-consumption,0.84380000000,Night,UK,S,8,0,2010
ser.lighting.office,17.72550000000,Night,UK,S,8,0,2010
ser.lighting.other,8.00240000000,Night,UK,S,8,0,2010
ser.other,1.91950000000,Night,UK,S,8,0,2010
ser.refrigeration,5.94000000000,Night,UK,S,8,0,2010
ser.hot-water.high-consumption,2.96250000000,Night,UK,S,8,0,2010
ser.hot-water.low-consumption,1.58310000000,Night,UK,S,8,0,2010
res.cooking.other,2.47400000000,Night,UK,S,8,0,2010
res.cooking.hobs,3.37500000000,Night,UK,S,8,0,2010
res.cooking.ovens,3.03750000000,Night,UK,S,8,0,2010
res.consumer-electronics.tv,5.72900000000,Night,UK,S,8,0,2010
res.freezers,1.84450000000,Night,UK,S,8,0,2010
res.computers,1.31060000000,Night,UK,S,8,0,2010
res.refrigerators,4.22010000000,Night,UK,S,8,0,2010
res.lighting,13.83980000000,Night,UK,S,8,0,2010
res.other,2.44290000000,Night,UK,S,8,0,2010
res.wet.appliances,4.62210000000,Night,UK,S,8,0,2010
res.space-heat.existing-average,8.79020000000,Night,UK,S,8,0,2010
res.space-heat.new-average,0.00950000000,Night,UK,S,8,0,2010
res.hot-water.existing-average,20.24170000000,Night,UK,S,8,0,2010
res.hot-water.new-average,0.09580000000,Night,UK,S,8,0,2010
nga,41.56690000000,Day,UK,S,9,12.552,2010
bog,0.01780000000,Day,UK,S,9,10.019,2010
biomass,0.01500000000,Day,UK,S,9,10.019,2010
elc,47.55070000000,Day,UK,S,9,43.34267522,2010
oil,3.43710000000,Day,UK,S,9,19.7944343,2010
hco,0.88450000000,Day,UK,S,9,19.7944343,2010
lfo,0.64890000000,Day,UK,S,9,19.7944343,2010
wood,0.54860000000,Day,UK,S,9,10.019,2010
ser.cooling.high-consumption,3.40640000000,Day,UK,S,9,0,2010
ser.cooking,1.01970000000,Day,UK,S,9,0,2010
ser.computing,0.31890000000,Day,UK,S,9,0,2010
ser.space-heat.high-consumption,0.09750000000,Day,UK,S,9,0,2010
ser.space-heat.low-consumption,0.32620000000,Day,UK,S,9,0,2010
ser.lighting.office,5.90850000000,Day,UK,S,9,0,2010
ser.lighting.other,2.66740000000,Day,UK,S,9,0,2010
ser.other,0.76780000000,Day,UK,S,9,0,2010
ser.refrigeration,2.37600000000,Day,UK,S,9,0,2010
ser.hot-water.high-consumption,0.50800000000,Day,UK,S,9,0,2010
ser.hot-water.low-consumption,0.31200000000,Day,UK,S,9,0,2010
res.cooking.other,0.49480000000,Day,UK,S,9,0,2010
res.cooking.hobs,0.67500000000,Day,UK,S,9,0,2010
res.cooking.ovens,0.60750000000,Day,UK,S,9,0,2010
res.consumer-electronics.tv,2.29160000000,Day,UK,S,9,0,2010
res.freezers,0.52700000000,Day,UK,S,9,0,2010
res.computers,0.71490000000,Day,UK,S,9,0,2010
res.refrigerators,1.20580000000,Day,UK,S,9,0,2010
res.lighting,55.35940000000,Day,UK,S,9,0,2010
res.other,0.97720000000,Day,UK,S,9,0,2010
res.wet.appliances,1.84880000000,Day,UK,S,9,0,2010
res.space-heat.existing-average,2.15530000000,Day,UK,S,9,0,2010
res.space-heat.new-average,0.00230000000,Day,UK,S,9,0,2010
res.hot-water.existing-average,3.72930000000,Day,UK,S,9,0,2010
res.hot-water.new-average,0.01770000000,Day,UK,S,9,0,2010
nga,19.65660000000,Peak,UK,S,10,12.552,2010
bog,0.01840000000,Peak,UK,S,10,10.019,2010
biomass,0.01550000000,Peak,UK,S,10,10.019,2010
elc,26.19370000000,Peak,UK,S,10,43.34267522,2010
oil,1.52360000000,Peak,UK,S,10,19.7944343,2010
hco,0.59490000000,Peak,UK,S,10,19.7944343,2010
lfo,0.32230000000,Peak,UK,S,10,19.7944343,2010
wood,1.12920000000,Peak,UK,S,10,10.019,2010
ser.cooling.high-consumption,3.40640000000,Peak,UK,S,10,0,2010
ser.computing,0.47840000000,Peak,UK,S,10,0,2010
ser.space-heat.high-consumption,0.15980000000,Peak,UK,S,10,0,2010
ser.space-heat.low-consumption,0.54730000000,Peak,UK,S,10,0,2010
ser.lighting.office,7.87800000000,Peak,UK,S,10,0,2010
ser.lighting.other,3.55660000000,Peak,UK,S,10,0,2010
ser.other,1.34360000000,Peak,UK,S,10,0,2010
ser.refrigeration,4.15800000000,Peak,UK,S,10,0,2010
ser.hot-water.high-consumption,2.00900000000,Peak,UK,S,10,0,2010
ser.hot-water.low-consumption,1.07090000000,Peak,UK,S,10,0,2010
res.cooking.other,0.24740000000,Peak,UK,S,10,0,2010
res.cooking.hobs,0.33750000000,Peak,UK,S,10,0,2010
res.cooking.ovens,0.30380000000,Peak,UK,S,10,0,2010
res.consumer-electronics.tv,1.43230000000,Peak,UK,S,10,0,2010
res.freezers,0.92220000000,Peak,UK,S,10,0,2010
res.computers,0.19060000000,Peak,UK,S,10,0,2010
res.refrigerators,2.11010000000,Peak,UK,S,10,0,2010
res.lighting,13.83980000000,Peak,UK,S,10,0,2010
res.other,0.85500000000,Peak,UK,S,10,0,2010
res.space-heat.existing-average,5.27590000000,Peak,UK,S,10,0,2010
res.space-heat.new-average,0.00570000000,Peak,UK,S,10,0,2010
res.hot-water.existing-average,13.70740000000,Peak,UK,S,10,0,2010
res.hot-water.new-average,0.06490000000,Peak,UK,S,10,0,2010
nga,16.71030000000,Evening,UK,S,11,12.552,2010
bog,0.01340000000,Evening,UK,S,11,10.019,2010
biomass,0.01120000000,Evening,UK,S,11,10.019,2010
elc,32.94380000000,Evening,UK,S,11,43.34267522,2010
oil,0.92320000000,Evening,UK,S,11,19.7944343,2010
hco,0.25670000000,Evening,UK,S,11,19.7944343,2010
lfo,0.21870000000,Evening,UK,S,11,19.7944343,2010
wood,0.90800000000,Evening,UK,S,11,10.019,2010
ser.cooling.high-consumption,5.10960000000,Evening,UK,S,11,0,2010
ser.cooking,3.05900000000,Evening,UK,S,11,0,2010
ser.computing,0.31890000000,Evening,UK,S,11,0,2010
ser.space-heat.low-consumption,0.38200000000,Evening,UK,S,11,0,2010
ser.lighting.office,7.87800000000,Evening,UK,S,11,0,2010
ser.lighting.other,3.55660000000,Evening,UK,S,11,0,2010
ser.other,0.57580000000,Evening,UK,S,11,0,2010
ser.refrigeration,1.78200000000,Evening,UK,S,11,0,2010
ser.hot-water.high-consumption,1.27360000000,Evening,UK,S,11,0,2010
ser.hot-water.low-consumption,0.79780000000,Evening,UK,S,11,0,2010
res.cooking.other,1.73180000000,Evening,UK,S,11,0,2010
res.cooking.hobs,2.36250000000,Evening,UK,S,11,0,2010
res.cooking.ovens,2.12630000000,Evening,UK,S,11,0,2010
res.consumer-electronics.tv,2.00520000000,Evening,UK,S,11,0,2010
res.freezers,0.39520000000,Evening,UK,S,11,0,2010
res.computers,0.64340000000,Evening,UK,S,11,0,2010
res.refrigerators,0.90430000000,Evening,UK,S,11,0,2010
res.lighting,55.35940000000,Evening,UK,S,11,0,2010
res.other,0.73290000000,Evening,UK,S,11,0,2010
res.wet.appliances,1.38660000000,Evening,UK,S,11,0,2010
res.space-heat.existing-average,2.89460000000,Evening,UK,S,11,0,2010
res.space-heat.new-average,0.00310000000,Evening,UK,S,11,0,2010
res.hot-water.existing-average,10.19650000000,Evening,UK,S,11,0,2010
res.hot-water.new-average,0.04830000000,Evening,UK,S,11,0,2010
nga,71.51470000000,Night,UK,A,12,12.552,2010
bog,0.04300000000,Night,UK,A,12,10.019,2010
biomass,0.03610000000,Night,UK,A,12,10.019,2010
elc,262.99300000000,Night,UK,A,12,43.34267522,2010
oil,6.14760000000,Night,UK,A,12,19.7944343,2010
hco,41.18500000000,Night,UK,A,12,19.7944343,2010
lfo,8.40930000000,Night,UK,A,12,19.7944343,2010
wood,2.81270000000,Night,UK,A,12,10.019,2010
ser.cooling.high-consumption,2.99010000000,Night,UK,A,12,0,2010
ser.cooking,6.11790000000,Night,UK,A,12,0,2010
ser.computing,2.07290000000,Night,UK,A,12,0,2010
ser.space-heat.high-consumption,43.76070000000,Night,UK,A,12,0,2010
ser.space-heat.low-consumption,18.70700000000,Night,UK,A,12,0,2010
ser.lighting.office,26.58820000000,Night,UK,A,12,0,2010
ser.lighting.other,12.00350000000,Night,UK,A,12,0,2010
ser.other,1.91950000000,Night,UK,A,12,0,2010
ser.refrigeration,3.96000000000,Night,UK,A,12,0,2010
ser.hot-water.high-consumption,4.49860000000,Night,UK,A,12,0,2010
ser.hot-water.low-consumption,1.69770000000,Night,UK,A,12,0,2010
res.cooking.other,2.47400000000,Night,UK,A,12,0,2010
res.cooking.hobs,3.37500000000,Night,UK,A,12,0,2010
res.cooking.ovens,3.03750000000,Night,UK,A,12,0,2010
res.consumer-electronics.tv,5.72900000000,Night,UK,A,12,0,2010
res.freezers,1.22960000000,Night,UK,A,12,0,2010
res.computers,1.96590000000,Night,UK,A,12,0,2010
res.refrigerators,2.81340000000,Night,UK,A,12,0,2010
res.lighting,20.75980000000,Night,UK,A,12,0,2010
res.other,2.44290000000,Night,UK,A,12,0,2010
res.wet.appliances,4.62210000000,Night,UK,A,12,0,2010
res.space-heat.existing-average,209.38010000000,Night,UK,A,12,0,2010
res.space-heat.new-average,0.22610000000,Night,UK,A,12,0,2010
res.hot-water.existing-average,23.27050000000,Night,UK,A,12,0,2010
res.hot-water.new-average,0.11020000000,Night,UK,A,12,0,2010
nga,143.12450000000,Day,UK,A,13,12.552,2010
bog,0.01780000000,Day,UK,A,13,10.019,2010
biomass,0.01500000000,Day,UK,A,13,10.019,2010
elc,109.25180000000,Day,UK,A,13,43.34267522,2010
oil,13.02300000000,Day,UK,A,13,19.7944343,2010
hco,12.66830000000,Day,UK,A,13,19.7944343,2010
lfo,4.72340000000,Day,UK,A,13,19.7944343,2010
wood,1.43260000000,Day,UK,A,13,10.019,2010
ser.cooling.high-consumption,0.22710000000,Day,UK,A,13,0,2010
ser.cooking,1.01970000000,Day,UK,A,13,0,2010
ser.computing,0.31890000000,Day,UK,A,13,0,2010
ser.space-heat.high-consumption,12.55250000000,Day,UK,A,13,0,2010
ser.space-heat.low-consumption,6.32890000000,Day,UK,A,13,0,2010
ser.lighting.office,8.86270000000,Day,UK,A,13,0,2010
ser.lighting.other,4.00120000000,Day,UK,A,13,0,2010
ser.other,0.76780000000,Day,UK,A,13,0,2010
ser.refrigeration,1.58400000000,Day,UK,A,13,0,2010
ser.hot-water.high-consumption,0.89760000000,Day,UK,A,13,0,2010
ser.hot-water.low-consumption,0.34350000000,Day,UK,A,13,0,2010
res.cooking.other,0.49480000000,Day,UK,A,13,0,2010
res.cooking.hobs,0.67500000000,Day,UK,A,13,0,2010
res.cooking.ovens,0.60750000000,Day,UK,A,13,0,2010
res.consumer-electronics.tv,2.29160000000,Day,UK,A,13,0,2010
res.freezers,0.35130000000,Day,UK,A,13,0,2010
res.computers,1.07230000000,Day,UK,A,13,0,2010
res.refrigerators,0.80380000000,Day,UK,A,13,0,2010
res.lighting,83.03900000000,Day,UK,A,13,0,2010
res.other,0.97720000000,Day,UK,A,13,0,2010
res.wet.appliances,1.84880000000,Day,UK,A,13,0,2010
res.space-heat.existing-average,71.00220000000,Day,UK,A,13,0,2010
res.space-heat.new-average,0.07670000000,Day,UK,A,13,0,2010
res.hot-water.existing-average,4.70780000000,Day,UK,A,13,0,2010
res.hot-water.new-average,0.02230000000,Day,UK,A,13,0,2010
nga,76.91580000000,Peak,UK,A,14,12.552,2010
bog,0.01840000000,Peak,UK,A,14,10.019,2010
biomass,0.01550000000,Peak,UK,A,14,10.019,2010
elc,73.84580000000,Peak,UK,A,14,43.34267522,2010
oil,6.98270000000,Peak,UK,A,14,19.7944343,2010
hco,10.85010000000,Peak,UK,A,14,19.7944343,2010
lfo,2.92080000000,Peak,UK,A,14,19.7944343,2010
wood,1.76880000000,Peak,UK,A,14,10.019,2010
ser.cooling.high-consumption,0.22710000000,Peak,UK,A,14,0,2010
ser.computing,0.47840000000,Peak,UK,A,14,0,2010
ser.space-heat.high-consumption,12.76590000000,Peak,UK,A,14,0,2010
ser.space-heat.low-consumption,5.13820000000,Peak,UK,A,14,0,2010
ser.lighting.office,11.81700000000,Peak,UK,A,14,0,2010
ser.lighting.other,5.33490000000,Peak,UK,A,14,0,2010
ser.other,1.34360000000,Peak,UK,A,14,0,2010
ser.refrigeration,2.77200000000,Peak,UK,A,14,0,2010
ser.hot-water.high-consumption,2.88400000000,Peak,UK,A,14,0,2010
ser.hot-water.low-consumption,1.13600000000,Peak,UK,A,14,0,2010
res.cooking.other,0.24740000000,Peak,UK,A,14,0,2010
res.cooking.hobs,0.33750000000,Peak,UK,A,14,0,2010
res.cooking.ovens,0.30380000000,Peak,UK,A,14,0,2010
res.consumer-electronics.tv,1.43230000000,Peak,UK,A,14,0,2010
res.freezers,0.61480000000,Peak,UK,A,14,0,2010
res.computers,0.28600000000,Peak,UK,A,14,0,2010
res.refrigerators,1.40670000000,Peak,UK,A,14,0,2010
res.lighting,20.75980000000,Peak,UK,A,14,0,2010
res.other,0.85500000000,Peak,UK,A,14,0,2010
res.space-heat.existing-average,60.64160000000,Peak,UK,A,14,0,2010
res.space-heat.new-average,0.06550000000,Peak,UK,A,14,0,2010
res.hot-water.existing-average,15.57150000000,Peak,UK,A,14,0,2010
res.hot-water.new-average,0.07370000000,Peak,UK,A,14,0,2010
nga,47.32510000000,Evening,UK,A,15,12.552,2010
bog,0.01340000000,Evening,UK,A,15,10.019,2010
biomass,0.01120000000,Evening,UK,A,15,10.019,2010
elc,129.85520000000,Evening,UK,A,15,43.34267522,2010
oil,4.18890000000,Evening,UK,A,15,19.7944343,2010
hco,22.41360000000,Evening,UK,A,15,19.7944343,2010
lfo,3.91320000000,Evening,UK,A,15,19.7944343,2010
wood,1.65340000000,Evening,UK,A,15,10.019,2010
ser.cooling.high-consumption,0.34060000000,Evening,UK,A,15,0,2010
ser.cooking,3.05900000000,Evening,UK,A,15,0,2010
ser.computing,0.31890000000,Evening,UK,A,15,0,2010
ser.space-heat.high-consumption,25.39350000000,Evening,UK,A,15,0,2010
ser.space-heat.low-consumption,8.44500000000,Evening,UK,A,15,0,2010
ser.lighting.office,11.81700000000,Evening,UK,A,15,0,2010
ser.lighting.other,5.33490000000,Evening,UK,A,15,0,2010
ser.other,0.57580000000,Evening,UK,A,15,0,2010
ser.refrigeration,1.18800000000,Evening,UK,A,15,0,2010
ser.hot-water.high-consumption,2.15150000000,Evening,UK,A,15,0,2010
ser.hot-water.low-consumption,0.81190000000,Evening,UK,A,15,0,2010
res.cooking.other,1.73180000000,Evening,UK,A,15,0,2010
res.cooking.hobs,2.36250000000,Evening,UK,A,15,0,2010
res.cooking.ovens,2.12630000000,Evening,UK,A,15,0,2010
res.consumer-electronics.tv,2.00520000000,Evening,UK,A,15,0,2010
res.freezers,0.26350000000,Evening,UK,A,15,0,2010
res.computers,0.96510000000,Evening,UK,A,15,0,2010
res.refrigerators,0.60290000000,Evening,UK,A,15,0,2010
res.lighting,83.03900000000,Evening,UK,A,15,0,2010
res.other,0.73290000000,Evening,UK,A,15,0,2010
res.wet.appliances,1.38660000000,Evening,UK,A,15,0,2010
res.space-heat.existing-average,102.95460000000,Evening,UK,A,15,0,2010
res.space-heat.new-average,0.11120000000,Evening,UK,A,15,0,2010
res.hot-water.existing-average,11.12920000000,Evening,UK,A,15,0,2010
res.hot-water.new-average,0.05270000000,Evening,UK,A,15,0,2010
nga,91.35630000000,Night,UK,W,0,12.552,2015
bog,0.01810000000,Night,UK,W,0,10.019,2015
biomass,0.01770000000,Night,UK,W,0,10.019,2015
elc,177.71400000000,Night,UK,W,0,43.34267522,2015
oil,7.88770000000,Night,UK,W,0,19.7944343,2015
hco,16.92780000000,Night,UK,W,0,19.7944343,2015
lfo,4.89750000000,Night,UK,W,0,19.7944343,2015
wood,2.82290000000,Night,UK,W,0,10.019,2015
hydrogen,0.55540000000,Night,UK,W,0,105.016835,2015
ser.cooling.high-consumption,14.30510000000,Night,UK,W,0,0,2015
ser.cooking,6.50430000000,Night,UK,W,0,0,2015
ser.computing,2.20380000000,Night,UK,W,0,0,2015
ser.space-heat.high-consumption,17.49200000000,Night,UK,W,0,0,2015
ser.space-heat.low-consumption,8.82520000000,Night,UK,W,0,0,2015
ser.lighting.office,23.55620000000,Night,UK,W,0,0,2015
ser.lighting.other,10.63470000000,Night,UK,W,0,0,2015
ser.other,2.04070000000,Night,UK,W,0,0,2015
ser.refrigeration,5.26260000000,Night,UK,W,0,0,2015
ser.hot-water.high-consumption,4.23570000000,Night,UK,W,0,0,2015
ser.hot-water.low-consumption,1.80230000000,Night,UK,W,0,0,2015
res.cooking.other,2.59020000000,Night,UK,W,0,0,2015
res.cooking.hobs,3.53340000000,Night,UK,W,0,0,2015
res.cooking.ovens,3.18010000000,Night,UK,W,0,0,2015
res.consumer-electronics.tv,5.92830000000,Night,UK,W,0,0,2015
res.freezers,1.60920000000,Night,UK,W,0,0,2015
res.computers,1.69530000000,Night,UK,W,0,0,2015
res.refrigerators,3.68190000000,Night,UK,W,0,0,2015
res.lighting,18.11190000000,Night,UK,W,0,0,2015
res.other,2.55760000000,Night,UK,W,0,0,2015
res.wet.appliances,4.83900000000,Night,UK,W,0,0,2015
res.space-heat.existing-average,89.74630000000,Night,UK,W,0,0,2015
res.space-heat.new-average,2.43840000000,Night,UK,W,0,0,2015
res.hot-water.existing-average,22.84370000000,Night,UK,W,0,0,2015
res.hot-water.new-average,1.21850000000,Night,UK,W,0,0,2015
nga,220.05150000000,Day,UK,W,1,12.552,2015
bog,0.00720000000,Day,UK,W,1,10.019,2015
biomass,0.00710000000,Day,UK,W,1,10.019,2015
elc,75.53660000000,Day,UK,W,1,43.34267522,2015
oil,19.89530000000,Day,UK,W,1,19.7944343,2015
hco,7.86360000000,Day,UK,W,1,19.7944343,2015
lfo,5.11420000000,Day,UK,W,1,19.7944343,2015
wood,1.95180000000,Day,UK,W,1,10.019,2015
hydrogen,0.09260000000,Day,UK,W,1,105.016835,2015
ser.cooling.high-consumption,1.08650000000,Day,UK,W,1,0,2015
ser.cooking,1.08400000000,Day,UK,W,1,0,2015
ser.computing,0.33900000000,Day,UK,W,1,0,2015
ser.space-heat.high-consumption,4.40960000000,Day,UK,W,1,0,2015
ser.space-heat.low-consumption,3.15510000000,Day,UK,W,1,0,2015
ser.lighting.office,7.85210000000,Day,UK,W,1,0,2015
ser.lighting.other,3.54490000000,Day,UK,W,1,0,2015
ser.other,0.81630000000,Day,UK,W,1,0,2015
ser.refrigeration,2.10500000000,Day,UK,W,1,0,2015
ser.hot-water.high-consumption,0.78380000000,Day,UK,W,1,0,2015
ser.hot-water.low-consumption,0.36050000000,Day,UK,W,1,0,2015
res.cooking.other,0.51800000000,Day,UK,W,1,0,2015
res.cooking.hobs,0.70670000000,Day,UK,W,1,0,2015
res.cooking.ovens,0.63600000000,Day,UK,W,1,0,2015
res.consumer-electronics.tv,2.37130000000,Day,UK,W,1,0,2015
res.freezers,0.45980000000,Day,UK,W,1,0,2015
res.computers,0.92470000000,Day,UK,W,1,0,2015
res.refrigerators,1.05200000000,Day,UK,W,1,0,2015
res.lighting,72.44770000000,Day,UK,W,1,0,2015
res.other,1.02310000000,Day,UK,W,1,0,2015
res.wet.appliances,1.93560000000,Day,UK,W,1,0,2015
res.space-heat.existing-average,29.84760000000,Day,UK,W,1,0,2015
res.space-heat.new-average,0.81090000000,Day,UK,W,1,0,2015
res.hot-water.existing-average,4.51480000000,Day,UK,W,1,0,2015
res.hot-water.new-average,0.24080000000,Day,UK,W,1,0,2015
nga,110.84790000000,Peak,UK,W,2,12.552,2015
bog,0.01230000000,Peak,UK,W,2,10.019,2015
biomass,0.01200000000,Peak,UK,W,2,10.019,2015
elc,65.75980000000,Peak,UK,W,2,43.34267522,2015
oil,9.61230000000,Peak,UK,W,2,19.7944343,2015
hco,5.30160000000,Peak,UK,W,2,19.7944343,2015
lfo,3.20700000000,Peak,UK,W,2,19.7944343,2015
wood,2.01750000000,Peak,UK,W,2,10.019,2015
ser.cooling.high-consumption,1.08650000000,Peak,UK,W,2,0,2015
ser.computing,0.50860000000,Peak,UK,W,2,0,2015
ser.space-heat.high-consumption,4.92970000000,Peak,UK,W,2,0,2015
ser.space-heat.low-consumption,3.31870000000,Peak,UK,W,2,0,2015
ser.lighting.office,10.46940000000,Peak,UK,W,2,0,2015
ser.lighting.other,4.72650000000,Peak,UK,W,2,0,2015
ser.other,1.42850000000,Peak,UK,W,2,0,2015
ser.refrigeration,3.68380000000,Peak,UK,W,2,0,2015
ser.hot-water.high-consumption,2.74970000000,Peak,UK,W,2,0,2015
ser.hot-water.low-consumption,1.19410000000,Peak,UK,W,2,0,2015
res.cooking.other,0.25900000000,Peak,UK,W,2,0,2015
res.cooking.hobs,0.35330000000,Peak,UK,W,2,0,2015
res.cooking.ovens,0.31800000000,Peak,UK,W,2,0,2015
res.consumer-electronics.tv,1.48210000000,Peak,UK,W,2,0,2015
res.freezers,0.80460000000,Peak,UK,W,2,0,2015
res.computers,0.24660000000,Peak,UK,W,2,0,2015
res.refrigerators,1.84090000000,Peak,UK,W,2,0,2015
res.lighting,18.11190000000,Peak,UK,W,2,0,2015
res.other,0.89520000000,Peak,UK,W,2,0,2015
res.space-heat.existing-average,34.09990000000,Peak,UK,W,2,0,2015
res.space-heat.new-average,0.92650000000,Peak,UK,W,2,0,2015
res.hot-water.existing-average,15.13790000000,Peak,UK,W,2,0,2015
res.hot-water.new-average,0.80740000000,Peak,UK,W,2,0,2015
nga,75.95690000000,Evening,UK,W,3,12.552,2015
bog,0.00540000000,Evening,UK,W,3,10.019,2015
biomass,0.00530000000,Evening,UK,W,3,10.019,2015
elc,87.88300000000,Evening,UK,W,3,43.34267522,2015
oil,7.10960000000,Evening,UK,W,3,19.7944343,2015
hco,8.82970000000,Evening,UK,W,3,19.7944343,2015
lfo,2.91160000000,Evening,UK,W,3,19.7944343,2015
wood,1.78210000000,Evening,UK,W,3,10.019,2015
hydrogen,0.27770000000,Evening,UK,W,3,105.016835,2015
ser.cooling.high-consumption,1.62970000000,Evening,UK,W,3,0,2015
ser.cooking,3.25210000000,Evening,UK,W,3,0,2015
ser.computing,0.33900000000,Evening,UK,W,3,0,2015
ser.space-heat.high-consumption,9.20600000000,Evening,UK,W,3,0,2015
ser.space-heat.low-consumption,4.69390000000,Evening,UK,W,3,0,2015
ser.lighting.office,10.46940000000,Evening,UK,W,3,0,2015
ser.lighting.other,4.72650000000,Evening,UK,W,3,0,2015
ser.other,0.61220000000,Evening,UK,W,3,0,2015
ser.refrigeration,1.57880000000,Evening,UK,W,3,0,2015
ser.hot-water.high-consumption,2.04630000000,Evening,UK,W,3,0,2015
ser.hot-water.low-consumption,0.86320000000,Evening,UK,W,3,0,2015
res.cooking.other,1.81310000000,Evening,UK,W,3,0,2015
res.cooking.hobs,2.47340000000,Evening,UK,W,3,0,2015
res.cooking.ovens,2.22610000000,Evening,UK,W,3,0,2015
res.consumer-electronics.tv,2.07490000000,Evening,UK,W,3,0,2015
res.freezers,0.34480000000,Evening,UK,W,3,0,2015
res.computers,0.83220000000,Evening,UK,W,3,0,2015
res.refrigerators,0.78900000000,Evening,UK,W,3,0,2015
res.lighting,72.44770000000,Evening,UK,W,3,0,2015
res.other,0.76730000000,Evening,UK,W,3,0,2015
res.wet.appliances,1.45170000000,Evening,UK,W,3,0,2015
res.space-heat.existing-average,49.86620000000,Evening,UK,W,3,0,2015
res.space-heat.new-average,1.35480000000,Evening,UK,W,3,0,2015
res.hot-water.existing-average,10.99830000000,Evening,UK,W,3,0,2015
res.hot-water.new-average,0.58660000000,Evening,UK,W,3,0,2015
nga,72.85960000000,Night,UK,P,4,12.552,2015
bog,0.01810000000,Night,UK,P,4,10.019,2015
biomass,0.01770000000,Night,UK,P,4,10.019,2015
elc,200.23000000000,Night,UK,P,4,43.34267522,2015
oil,6.36010000000,Night,UK,P,4,19.7944343,2015
hco,21.08400000000,Night,UK,P,4,19.7944343,2015
lfo,5.42690000000,Night,UK,P,4,19.7944343,2015
wood,2.83050000000,Night,UK,P,4,10.019,2015
hydrogen,0.55540000000,Night,UK,P,4,105.016835,2015
ser.cooling.high-consumption,14.30510000000,Night,UK,P,4,0,2015
ser.cooking,6.50430000000,Night,UK,P,4,0,2015
ser.computing,2.20380000000,Night,UK,P,4,0,2015
ser.space-heat.high-consumption,21.22570000000,Night,UK,P,4,0,2015
ser.space-heat.low-consumption,10.97070000000,Night,UK,P,4,0,2015
ser.lighting.office,23.55620000000,Night,UK,P,4,0,2015
ser.lighting.other,10.63470000000,Night,UK,P,4,0,2015
ser.other,2.04070000000,Night,UK,P,4,0,2015
ser.refrigeration,5.26260000000,Night,UK,P,4,0,2015
ser.hot-water.high-consumption,4.43660000000,Night,UK,P,4,0,2015
ser.hot-water.low-consumption,1.80490000000,Night,UK,P,4,0,2015
res.cooking.other,2.59020000000,Night,UK,P,4,0,2015
res.cooking.hobs,3.53340000000,Night,UK,P,4,0,2015
res.cooking.ovens,3.18010000000,Night,UK,P,4,0,2015
res.consumer-electronics.tv,5.92830000000,Night,UK,P,4,0,2015
res.freezers,1.60920000000,Night,UK,P,4,0,2015
res.computers,1.69530000000,Night,UK,P,4,0,2015
res.refrigerators,3.68190000000,Night,UK,P,4,0,2015
res.lighting,18.11190000000,Night,UK,P,4,0,2015
res.other,2.55760000000,Night,UK,P,4,0,2015
res.wet.appliances,4.83900000000,Night,UK,P,4,0,2015
res.space-heat.existing-average,111.61470000000,Night,UK,P,4,0,2015
res.space-heat.new-average,3.03250000000,Night,UK,P,4,0,2015
res.hot-water.existing-average,22.99680000000,Night,UK,P,4,0,2015
res.hot-water.new-average,1.22660000000,Night,UK,P,4,0,2015
nga,127.86630000000,Day,UK,P,5,12.552,2015
bog,0.00720000000,Day,UK,P,5,10.019,2015
biomass,0.00710000000,Day,UK,P,5,10.019,2015
elc,79.63120000000,Day,UK,P,5,43.34267522,2015
oil,11.77710000000,Day,UK,P,5,19.7944343,2015
hco,7.31910000000,Day,UK,P,5,19.7944343,2015
lfo,3.51730000000,Day,UK,P,5,19.7944343,2015
wood,1.32110000000,Day,UK,P,5,10.019,2015
hydrogen,0.09260000000,Day,UK,P,5,105.016835,2015
ser.cooling.high-consumption,1.08650000000,Day,UK,P,5,0,2015
ser.cooking,1.08400000000,Day,UK,P,5,0,2015
ser.computing,0.33900000000,Day,UK,P,5,0,2015
ser.space-heat.high-consumption,5.61440000000,Day,UK,P,5,0,2015
ser.space-heat.low-consumption,3.84940000000,Day,UK,P,5,0,2015
ser.lighting.office,7.85210000000,Day,UK,P,5,0,2015
ser.lighting.other,3.54490000000,Day,UK,P,5,0,2015
ser.other,0.81630000000,Day,UK,P,5,0,2015
ser.refrigeration,2.10500000000,Day,UK,P,5,0,2015
ser.hot-water.high-consumption,0.84520000000,Day,UK,P,5,0,2015
ser.hot-water.low-consumption,0.36510000000,Day,UK,P,5,0,2015
res.cooking.other,0.51800000000,Day,UK,P,5,0,2015
res.cooking.hobs,0.70670000000,Day,UK,P,5,0,2015
res.cooking.ovens,0.63600000000,Day,UK,P,5,0,2015
res.consumer-electronics.tv,2.37130000000,Day,UK,P,5,0,2015
res.freezers,0.45980000000,Day,UK,P,5,0,2015
res.computers,0.92470000000,Day,UK,P,5,0,2015
res.refrigerators,1.05200000000,Day,UK,P,5,0,2015
res.lighting,72.44770000000,Day,UK,P,5,0,2015
res.other,1.02310000000,Day,UK,P,5,0,2015
res.wet.appliances,1.93560000000,Day,UK,P,5,0,2015
res.space-heat.existing-average,37.81970000000,Day,UK,P,5,0,2015
res.space-heat.new-average,1.02750000000,Day,UK,P,5,0,2015
res.hot-water.existing-average,4.60470000000,Day,UK,P,5,0,2015
res.hot-water.new-average,0.24560000000,Day,UK,P,5,0,2015
nga,70.70200000000,Peak,UK,P,6,12.552,2015
bog,0.01230000000,Peak,UK,P,6,10.019,2015
biomass,0.01200000000,Peak,UK,P,6,10.019,2015
elc,72.01670000000,Peak,UK,P,6,43.34267522,2015
oil,6.27170000000,Peak,UK,P,6,19.7944343,2015
hco,6.39850000000,Peak,UK,P,6,19.7944343,2015
lfo,2.47820000000,Peak,UK,P,6,19.7944343,2015
wood,1.77880000000,Peak,UK,P,6,10.019,2015
ser.cooling.high-consumption,1.08650000000,Peak,UK,P,6,0,2015
ser.computing,0.50860000000,Peak,UK,P,6,0,2015
ser.space-heat.high-consumption,6.40330000000,Peak,UK,P,6,0,2015
ser.space-heat.low-consumption,4.02530000000,Peak,UK,P,6,0,2015
ser.lighting.office,10.46940000000,Peak,UK,P,6,0,2015
ser.lighting.other,4.72650000000,Peak,UK,P,6,0,2015
ser.other,1.42850000000,Peak,UK,P,6,0,2015
ser.refrigeration,3.68380000000,Peak,UK,P,6,0,2015
ser.hot-water.high-consumption,2.88500000000,Peak,UK,P,6,0,2015
ser.hot-water.low-consumption,1.20410000000,Peak,UK,P,6,0,2015
res.cooking.other,0.25900000000,Peak,UK,P,6,0,2015
res.cooking.hobs,0.35330000000,Peak,UK,P,6,0,2015
res.cooking.ovens,0.31800000000,Peak,UK,P,6,0,2015
res.consumer-electronics.tv,1.48210000000,Peak,UK,P,6,0,2015
res.freezers,0.80460000000,Peak,UK,P,6,0,2015
res.computers,0.24660000000,Peak,UK,P,6,0,2015
res.refrigerators,1.84090000000,Peak,UK,P,6,0,2015
res.lighting,18.11190000000,Peak,UK,P,6,0,2015
res.other,0.89520000000,Peak,UK,P,6,0,2015
res.space-heat.existing-average,41.98130000000,Peak,UK,P,6,0,2015
res.space-heat.new-average,1.14060000000,Peak,UK,P,6,0,2015
res.hot-water.existing-average,15.31230000000,Peak,UK,P,6,0,2015
res.hot-water.new-average,0.81670000000,Peak,UK,P,6,0,2015
nga,45.11260000000,Evening,UK,P,7,12.552,2015
bog,0.00540000000,Evening,UK,P,7,10.019,2015
biomass,0.00530000000,Evening,UK,P,7,10.019,2015
elc,101.49040000000,Evening,UK,P,7,43.34267522,2015
oil,4.35490000000,Evening,UK,P,7,19.7944343,2015
hco,11.24160000000,Evening,UK,P,7,19.7944343,2015
lfo,2.93260000000,Evening,UK,P,7,19.7944343,2015
wood,1.70050000000,Evening,UK,P,7,10.019,2015
hydrogen,0.27770000000,Evening,UK,P,7,105.016835,2015
ser.cooling.high-consumption,1.62970000000,Evening,UK,P,7,0,2015
ser.cooking,3.25210000000,Evening,UK,P,7,0,2015
ser.computing,0.33900000000,Evening,UK,P,7,0,2015
ser.space-heat.high-consumption,11.66160000000,Evening,UK,P,7,0,2015
ser.space-heat.low-consumption,5.79010000000,Evening,UK,P,7,0,2015
ser.lighting.office,10.46940000000,Evening,UK,P,7,0,2015
ser.lighting.other,4.72650000000,Evening,UK,P,7,0,2015
ser.other,0.61220000000,Evening,UK,P,7,0,2015
ser.refrigeration,1.57880000000,Evening,UK,P,7,0,2015
ser.hot-water.high-consumption,2.21560000000,Evening,UK,P,7,0,2015
ser.hot-water.low-consumption,0.86320000000,Evening,UK,P,7,0,2015
res.cooking.other,1.81310000000,Evening,UK,P,7,0,2015
res.cooking.hobs,2.47340000000,Evening,UK,P,7,0,2015
res.cooking.ovens,2.22610000000,Evening,UK,P,7,0,2015
res.consumer-electronics.tv,2.07490000000,Evening,UK,P,7,0,2015
res.freezers,0.34480000000,Evening,UK,P,7,0,2015
res.computers,0.83220000000,Evening,UK,P,7,0,2015
res.refrigerators,0.78900000000,Evening,UK,P,7,0,2015
res.lighting,72.44770000000,Evening,UK,P,7,0,2015
res.other,0.76730000000,Evening,UK,P,7,0,2015
res.wet.appliances,1.45170000000,Evening,UK,P,7,0,2015
res.space-heat.existing-average,62.34160000000,Evening,UK,P,7,0,2015
res.space-heat.new-average,1.69380000000,Evening,UK,P,7,0,2015
res.hot-water.existing-average,10.99830000000,Evening,UK,P,7,0,2015
res.hot-water.new-average,0.58660000000,Evening,UK,P,7,0,2015
nga,63.52880000000,Night,UK,S,8,12.552,2015
bog,0.01810000000,Night,UK,S,8,10.019,2015
biomass,0.01770000000,Night,UK,S,8,10.019,2015
elc,104.21170000000,Night,UK,S,8,43.34267522,2015
oil,3.07850000000,Night,UK,S,8,19.7944343,2015
hco,3.48510000000,Night,UK,S,8,19.7944343,2015
lfo,0.52730000000,Night,UK,S,8,19.7944343,2015
wood,2.01250000000,Night,UK,S,8,10.019,2015
hydrogen,0.55540000000,Night,UK,S,8,105.016835,2015
ser.cooling.high-consumption,47.68360000000,Night,UK,S,8,0,2015
ser.cooking,6.50430000000,Night,UK,S,8,0,2015
ser.computing,2.20380000000,Night,UK,S,8,0,2015
ser.space-heat.high-consumption,3.44780000000,Night,UK,S,8,0,2015
ser.space-heat.low-consumption,0.89710000000,Night,UK,S,8,0,2015
ser.lighting.office,18.84500000000,Night,UK,S,8,0,2015
ser.lighting.other,8.50770000000,Night,UK,S,8,0,2015
ser.other,2.04070000000,Night,UK,S,8,0,2015
ser.refrigeration,6.31510000000,Night,UK,S,8,0,2015
ser.hot-water.high-consumption,3.14960000000,Night,UK,S,8,0,2015
ser.hot-water.low-consumption,1.68310000000,Night,UK,S,8,0,2015
res.cooking.other,2.59020000000,Night,UK,S,8,0,2015
res.cooking.hobs,3.53340000000,Night,UK,S,8,0,2015
res.cooking.ovens,3.18010000000,Night,UK,S,8,0,2015
res.consumer-electronics.tv,5.92830000000,Night,UK,S,8,0,2015
res.freezers,1.93100000000,Night,UK,S,8,0,2015
res.computers,1.35620000000,Night,UK,S,8,0,2015
res.refrigerators,4.41820000000,Night,UK,S,8,0,2015
res.lighting,14.48950000000,Night,UK,S,8,0,2015
res.other,2.55760000000,Night,UK,S,8,0,2015
res.wet.appliances,4.83900000000,Night,UK,S,8,0,2015
res.space-heat.existing-average,8.68680000000,Night,UK,S,8,0,2015
res.space-heat.new-average,0.23600000000,Night,UK,S,8,0,2015
res.hot-water.existing-average,20.00370000000,Night,UK,S,8,0,2015
res.hot-water.new-average,1.06700000000,Night,UK,S,8,0,2015
nga,31.76660000000,Day,UK,S,9,12.552,2015
bog,0.00720000000,Day,UK,S,9,10.019,2015
biomass,0.00710000000,Day,UK,S,9,10.019,2015
elc,45.30280000000,Day,UK,S,9,43.34267522,2015
oil,2.74130000000,Day,UK,S,9,19.7944343,2015
hco,0.71790000000,Day,UK,S,9,19.7944343,2015
lfo,0.52090000000,Day,UK,S,9,19.7944343,2015
wood,0.51570000000,Day,UK,S,9,10.019,2015
hydrogen,0.09260000000,Day,UK,S,9,105.016835,2015
ser.cooling.high-consumption,3.62150000000,Day,UK,S,9,0,2015
ser.cooking,1.08400000000,Day,UK,S,9,0,2015
ser.computing,0.33900000000,Day,UK,S,9,0,2015
ser.space-heat.high-consumption,0.10360000000,Day,UK,S,9,0,2015
ser.space-heat.low-consumption,0.34680000000,Day,UK,S,9,0,2015
ser.lighting.office,6.28170000000,Day,UK,S,9,0,2015
ser.lighting.other,2.83590000000,Day,UK,S,9,0,2015
ser.other,0.81630000000,Day,UK,S,9,0,2015
ser.refrigeration,2.52610000000,Day,UK,S,9,0,2015
ser.hot-water.high-consumption,0.54010000000,Day,UK,S,9,0,2015
ser.hot-water.low-consumption,0.33170000000,Day,UK,S,9,0,2015
res.cooking.other,0.51800000000,Day,UK,S,9,0,2015
res.cooking.hobs,0.70670000000,Day,UK,S,9,0,2015
res.cooking.ovens,0.63600000000,Day,UK,S,9,0,2015
res.consumer-electronics.tv,2.37130000000,Day,UK,S,9,0,2015
res.freezers,0.55170000000,Day,UK,S,9,0,2015
res.computers,0.73980000000,Day,UK,S,9,0,2015
res.refrigerators,1.26240000000,Day,UK,S,9,0,2015
res.lighting,57.95810000000,Day,UK,S,9,0,2015
res.other,1.02310000000,Day,UK,S,9,0,2015
res.wet.appliances,1.93560000000,Day,UK,S,9,0,2015
res.space-heat.existing-average,2.12990000000,Day,UK,S,9,0,2015
res.space-heat.new-average,0.05790000000,Day,UK,S,9,0,2015
res.hot-water.existing-average,3.68540000000,Day,UK,S,9,0,2015
res.hot-water.new-average,0.19660000000,Day,UK,S,9,0,2015
nga,16.13760000000,Peak,UK,S,10,12.552,2015
bog,0.01230000000,Peak,UK,S,10,10.019,2015
biomass,0.01200000000,Peak,UK,S,10,10.019,2015
elc,41.49920000000,Peak,UK,S,10,43.34267522,2015
oil,1.13390000000,Peak,UK,S,10,19.7944343,2015
hco,0.54360000000,Peak,UK,S,10,19.7944343,2015
lfo,0.32870000000,Peak,UK,S,10,19.7944343,2015
wood,1.23680000000,Peak,UK,S,10,10.019,2015
ser.cooling.high-consumption,3.62150000000,Peak,UK,S,10,0,2015
ser.computing,0.50860000000,Peak,UK,S,10,0,2015
ser.space-heat.high-consumption,0.16990000000,Peak,UK,S,10,0,2015
ser.space-heat.low-consumption,0.58190000000,Peak,UK,S,10,0,2015
ser.lighting.office,8.37550000000,Peak,UK,S,10,0,2015
ser.lighting.other,3.78120000000,Peak,UK,S,10,0,2015
ser.other,1.42850000000,Peak,UK,S,10,0,2015
ser.refrigeration,4.42060000000,Peak,UK,S,10,0,2015
ser.hot-water.high-consumption,2.13580000000,Peak,UK,S,10,0,2015
ser.hot-water.low-consumption,1.13860000000,Peak,UK,S,10,0,2015
res.cooking.other,0.25900000000,Peak,UK,S,10,0,2015
res.cooking.hobs,0.35330000000,Peak,UK,S,10,0,2015
res.cooking.ovens,0.31800000000,Peak,UK,S,10,0,2015
res.consumer-electronics.tv,1.48210000000,Peak,UK,S,10,0,2015
res.freezers,0.96550000000,Peak,UK,S,10,0,2015
res.computers,0.19730000000,Peak,UK,S,10,0,2015
res.refrigerators,2.20910000000,Peak,UK,S,10,0,2015
res.lighting,14.48950000000,Peak,UK,S,10,0,2015
res.other,0.89520000000,Peak,UK,S,10,0,2015
res.space-heat.existing-average,5.21380000000,Peak,UK,S,10,0,2015
res.space-heat.new-average,0.14170000000,Peak,UK,S,10,0,2015
res.hot-water.existing-average,13.54620000000,Peak,UK,S,10,0,2015
res.hot-water.new-average,0.72250000000,Peak,UK,S,10,0,2015
nga,14.51620000000,Evening,UK,S,11,12.552,2015
bog,0.00540000000,Evening,UK,S,11,10.019,2015
biomass,0.00530000000,Evening,UK,S,11,10.019,2015
elc,42.75030000000,Evening,UK,S,11,43.34267522,2015
oil,1.23180000000,Evening,UK,S,11,19.7944343,2015
hco,0.23360000000,Evening,UK,S,11,19.7944343,2015
lfo,0.22630000000,Evening,UK,S,11,19.7944343,2015
wood,0.97280000000,Evening,UK,S,11,10.019,2015
hydrogen,0.27770000000,Evening,UK,S,11,105.016835,2015
ser.cooling.high-consumption,5.43230000000,Evening,UK,S,11,0,2015
ser.cooking,3.25210000000,Evening,UK,S,11,0,2015
ser.computing,0.33900000000,Evening,UK,S,11,0,2015
ser.space-heat.low-consumption,0.40620000000,Evening,UK,S,11,0,2015
ser.lighting.office,8.37550000000,Evening,UK,S,11,0,2015
ser.lighting.other,3.78120000000,Evening,UK,S,11,0,2015
ser.other,0.61220000000,Evening,UK,S,11,0,2015
ser.refrigeration,1.89450000000,Evening,UK,S,11,0,2015
ser.hot-water.high-consumption,1.35400000000,Evening,UK,S,11,0,2015
ser.hot-water.low-consumption,0.84820000000,Evening,UK,S,11,0,2015
res.cooking.other,1.81310000000,Evening,UK,S,11,0,2015
res.cooking.hobs,2.47340000000,Evening,UK,S,11,0,2015
res.cooking.ovens,2.22610000000,Evening,UK,S,11,0,2015
res.consumer-electronics.tv,2.07490000000,Evening,UK,S,11,0,2015
res.freezers,0.41380000000,Evening,UK,S,11,0,2015
res.computers,0.66580000000,Evening,UK,S,11,0,2015
res.refrigerators,0.94680000000,Evening,UK,S,11,0,2015
res.lighting,57.95810000000,Evening,UK,S,11,0,2015
res.other,0.76730000000,Evening,UK,S,11,0,2015
res.wet.appliances,1.45170000000,Evening,UK,S,11,0,2015
res.space-heat.existing-average,2.86060000000,Evening,UK,S,11,0,2015
res.space-heat.new-average,0.07770000000,Evening,UK,S,11,0,2015
res.hot-water.existing-average,10.07660000000,Evening,UK,S,11,0,2015
res.hot-water.new-average,0.53750000000,Evening,UK,S,11,0,2015
nga,56.57600000000,Night,UK,A,12,12.552,2015
bog,0.01810000000,Night,UK,A,12,10.019,2015
biomass,0.01770000000,Night,UK,A,12,10.019,2015
elc,288.60790000000,Night,UK,A,12,43.34267522,2015
oil,5.67470000000,Night,UK,A,12,19.7944343,2015
hco,44.28790000000,Night,UK,A,12,19.7944343,2015
lfo,9.30470000000,Night,UK,A,12,19.7944343,2015
wood,3.00920000000,Night,UK,A,12,10.019,2015
hydrogen,0.55540000000,Night,UK,A,12,105.016835,2015
ser.cooling.high-consumption,3.17890000000,Night,UK,A,12,0,2015
ser.cooking,6.50430000000,Night,UK,A,12,0,2015
ser.computing,2.20380000000,Night,UK,A,12,0,2015
ser.space-heat.high-consumption,46.52440000000,Night,UK,A,12,0,2015
ser.space-heat.low-consumption,19.88840000000,Night,UK,A,12,0,2015
ser.lighting.office,28.26750000000,Night,UK,A,12,0,2015
ser.lighting.other,12.76160000000,Night,UK,A,12,0,2015
ser.other,2.04070000000,Night,UK,A,12,0,2015
ser.refrigeration,4.21010000000,Night,UK,A,12,0,2015
ser.hot-water.high-consumption,4.78270000000,Night,UK,A,12,0,2015
ser.hot-water.low-consumption,1.80490000000,Night,UK,A,12,0,2015
res.cooking.other,2.59020000000,Night,UK,A,12,0,2015
res.cooking.hobs,3.53340000000,Night,UK,A,12,0,2015
res.cooking.ovens,3.18010000000,Night,UK,A,12,0,2015
res.consumer-electronics.tv,5.92830000000,Night,UK,A,12,0,2015
res.freezers,1.28740000000,Night,UK,A,12,0,2015
res.computers,2.03430000000,Night,UK,A,12,0,2015
res.refrigerators,2.94550000000,Night,UK,A,12,0,2015
res.lighting,21.73430000000,Night,UK,A,12,0,2015
res.other,2.55760000000,Night,UK,A,12,0,2015
res.wet.appliances,4.83900000000,Night,UK,A,12,0,2015
res.space-heat.existing-average,206.91780000000,Night,UK,A,12,0,2015
res.space-heat.new-average,5.62180000000,Night,UK,A,12,0,2015
res.hot-water.existing-average,22.99680000000,Night,UK,A,12,0,2015
res.hot-water.new-average,1.22660000000,Night,UK,A,12,0,2015
nga,106.80760000000,Day,UK,A,13,12.552,2015
bog,0.00720000000,Day,UK,A,13,10.019,2015
biomass,0.00710000000,Day,UK,A,13,10.019,2015
elc,109.24920000000,Day,UK,A,13,43.34267522,2015
oil,9.89840000000,Day,UK,A,13,19.7944343,2015
hco,13.07980000000,Day,UK,A,13,19.7944343,2015
lfo,4.41170000000,Day,UK,A,13,19.7944343,2015
wood,1.24940000000,Day,UK,A,13,10.019,2015
hydrogen,0.09260000000,Day,UK,A,13,105.016835,2015
ser.cooling.high-consumption,0.24140000000,Day,UK,A,13,0,2015
ser.cooking,1.08400000000,Day,UK,A,13,0,2015
ser.computing,0.33900000000,Day,UK,A,13,0,2015
ser.space-heat.high-consumption,13.34530000000,Day,UK,A,13,0,2015
ser.space-heat.low-consumption,6.72860000000,Day,UK,A,13,0,2015
ser.lighting.office,9.42250000000,Day,UK,A,13,0,2015
ser.lighting.other,4.25390000000,Day,UK,A,13,0,2015
ser.other,0.81630000000,Day,UK,A,13,0,2015
ser.refrigeration,1.68400000000,Day,UK,A,13,0,2015
ser.hot-water.high-consumption,0.95430000000,Day,UK,A,13,0,2015
ser.hot-water.low-consumption,0.36510000000,Day,UK,A,13,0,2015
res.cooking.other,0.51800000000,Day,UK,A,13,0,2015
res.cooking.hobs,0.70670000000,Day,UK,A,13,0,2015
res.cooking.ovens,0.63600000000,Day,UK,A,13,0,2015
res.consumer-electronics.tv,2.37130000000,Day,UK,A,13,0,2015
res.freezers,0.36780000000,Day,UK,A,13,0,2015
res.computers,1.10960000000,Day,UK,A,13,0,2015
res.refrigerators,0.84160000000,Day,UK,A,13,0,2015
res.lighting,86.93720000000,Day,UK,A,13,0,2015
res.other,1.02310000000,Day,UK,A,13,0,2015
res.wet.appliances,1.93560000000,Day,UK,A,13,0,2015
res.space-heat.existing-average,70.16730000000,Day,UK,A,13,0,2015
res.space-heat.new-average,1.90640000000,Day,UK,A,13,0,2015
res.hot-water.existing-average,4.65240000000,Day,UK,A,13,0,2015
res.hot-water.new-average,0.24820000000,Day,UK,A,13,0,2015
nga,58.44740000000,Peak,UK,A,14,12.552,2015
bog,0.01230000000,Peak,UK,A,14,10.019,2015
biomass,0.01200000000,Peak,UK,A,14,10.019,2015
elc,86.55180000000,Peak,UK,A,14,43.34267522,2015
oil,5.21120000000,Peak,UK,A,14,19.7944343,2015
hco,11.57020000000,Peak,UK,A,14,19.7944343,2015
lfo,2.87330000000,Peak,UK,A,14,19.7944343,2015
wood,1.82750000000,Peak,UK,A,14,10.019,2015
ser.cooling.high-consumption,0.24140000000,Peak,UK,A,14,0,2015
ser.computing,0.50860000000,Peak,UK,A,14,0,2015
ser.space-heat.high-consumption,13.57210000000,Peak,UK,A,14,0,2015
ser.space-heat.low-consumption,5.46270000000,Peak,UK,A,14,0,2015
ser.lighting.office,12.56330000000,Peak,UK,A,14,0,2015
ser.lighting.other,5.67180000000,Peak,UK,A,14,0,2015
ser.other,1.42850000000,Peak,UK,A,14,0,2015
ser.refrigeration,2.94710000000,Peak,UK,A,14,0,2015
ser.hot-water.high-consumption,3.06620000000,Peak,UK,A,14,0,2015
ser.hot-water.low-consumption,1.20780000000,Peak,UK,A,14,0,2015
res.cooking.other,0.25900000000,Peak,UK,A,14,0,2015
res.cooking.hobs,0.35330000000,Peak,UK,A,14,0,2015
res.cooking.ovens,0.31800000000,Peak,UK,A,14,0,2015
res.consumer-electronics.tv,1.48210000000,Peak,UK,A,14,0,2015
res.freezers,0.64370000000,Peak,UK,A,14,0,2015
res.computers,0.29590000000,Peak,UK,A,14,0,2015
res.refrigerators,1.47270000000,Peak,UK,A,14,0,2015
res.lighting,21.73430000000,Peak,UK,A,14,0,2015
res.other,0.89520000000,Peak,UK,A,14,0,2015
res.space-heat.existing-average,59.92850000000,Peak,UK,A,14,0,2015
res.space-heat.new-average,1.62820000000,Peak,UK,A,14,0,2015
res.hot-water.existing-average,15.38840000000,Peak,UK,A,14,0,2015
res.hot-water.new-average,0.82080000000,Peak,UK,A,14,0,2015
nga,36.77520000000,Evening,UK,A,15,12.552,2015
bog,0.00540000000,Evening,UK,A,15,10.019,2015
biomass,0.00530000000,Evening,UK,A,15,10.019,2015
elc,140.99640000000,Evening,UK,A,15,43.34267522,2015
oil,3.66980000000,Evening,UK,A,15,19.7944343,2015
hco,24.16360000000,Evening,UK,A,15,19.7944343,2015
lfo,4.23430000000,Evening,UK,A,15,19.7944343,2015
wood,1.71720000000,Evening,UK,A,15,10.019,2015
hydrogen,0.27770000000,Evening,UK,A,15,105.016835,2015
ser.cooling.high-consumption,0.36220000000,Evening,UK,A,15,0,2015
ser.cooking,3.25210000000,Evening,UK,A,15,0,2015
ser.computing,0.33900000000,Evening,UK,A,15,0,2015
ser.space-heat.high-consumption,26.99730000000,Evening,UK,A,15,0,2015
ser.space-heat.low-consumption,8.97830000000,Evening,UK,A,15,0,2015
ser.lighting.office,12.56330000000,Evening,UK,A,15,0,2015
ser.lighting.other,5.67180000000,Evening,UK,A,15,0,2015
ser.other,0.61220000000,Evening,UK,A,15,0,2015
ser.refrigeration,1.26300000000,Evening,UK,A,15,0,2015
ser.hot-water.high-consumption,2.28740000000,Evening,UK,A,15,0,2015
ser.hot-water.low-consumption,0.86320000000,Evening,UK,A,15,0,2015
res.cooking.other,1.81310000000,Evening,UK,A,15,0,2015
res.cooking.hobs,2.47340000000,Evening,UK,A,15,0,2015
res.cooking.ovens,2.22610000000,Evening,UK,A,15,0,2015
res.consumer-electronics.tv,2.07490000000,Evening,UK,A,15,0,2015
res.freezers,0.27590000000,Evening,UK,A,15,0,2015
res.computers,0.99870000000,Evening,UK,A,15,0,2015
res.refrigerators,0.63120000000,Evening,UK,A,15,0,2015
res.lighting,86.93720000000,Evening,UK,A,15,0,2015
res.other,0.76730000000,Evening,UK,A,15,0,2015
res.wet.appliances,1.45170000000,Evening,UK,A,15,0,2015
res.space-heat.existing-average,101.74390000000,Evening,UK,A,15,0,2015
res.space-heat.new-average,2.76430000000,Evening,UK,A,15,0,2015
res.hot-water.existing-average,10.99830000000,Evening,UK,A,15,0,2015
res.hot-water.new-average,0.58660000000,Evening,UK,A,15,0,2015
nga,58.11320000000,Night,UK,W,0,12.552,2020
bog,0.01050000000,Night,UK,W,0,10.019,2020
biomass,0.01470000000,Night,UK,W,0,10.019,2020
elc,186.39880000000,Night,UK,W,0,43.34267522,2020
oil,5.55740000000,Night,UK,W,0,19.7944343,2020
hco,18.03490000000,Night,UK,W,0,19.7944343,2020
lfo,5.17880000000,Night,UK,W,0,19.7944343,2020
wood,2.97600000000,Night,UK,W,0,10.019,2020
hydrogen,0.55500000000,Night,UK,W,0,105.016835,2020
ser.cooling.high-consumption,15.15490000000,Night,UK,W,0,0,2020
ser.cooking,6.89070000000,Night,UK,W,0,0,2020
ser.computing,2.33470000000,Night,UK,W,0,0,2020
ser.space-heat.high-consumption,18.53110000000,Night,UK,W,0,0,2020
ser.space-heat.low-consumption,9.34940000000,Night,UK,W,0,0,2020
ser.lighting.office,24.95560000000,Night,UK,W,0,0,2020
ser.lighting.other,11.26640000000,Night,UK,W,0,0,2020
ser.other,2.16190000000,Night,UK,W,0,0,2020
ser.refrigeration,5.57520000000,Night,UK,W,0,0,2020
ser.hot-water.high-consumption,4.48730000000,Night,UK,W,0,0,2020
ser.hot-water.low-consumption,1.90930000000,Night,UK,W,0,0,2020
res.cooking.other,2.70630000000,Night,UK,W,0,0,2020
res.cooking.hobs,3.69190000000,Night,UK,W,0,0,2020
res.cooking.ovens,3.32270000000,Night,UK,W,0,0,2020
res.consumer-electronics.tv,6.12760000000,Night,UK,W,0,0,2020
res.freezers,1.68140000000,Night,UK,W,0,0,2020
res.computers,1.75230000000,Night,UK,W,0,0,2020
res.refrigerators,3.84700000000,Night,UK,W,0,0,2020
res.lighting,18.92400000000,Night,UK,W,0,0,2020
res.other,2.67230000000,Night,UK,W,0,0,2020
res.wet.appliances,5.05600000000,Night,UK,W,0,0,2020
res.space-heat.existing-average,88.67830000000,Night,UK,W,0,0,2020
res.space-heat.new-average,4.77860000000,Night,UK,W,0,0,2020
res.hot-water.existing-average,22.57180000000,Night,UK,W,0,0,2020
res.hot-water.new-average,2.32750000000,Night,UK,W,0,0,2020
nga,113.97120000000,Day,UK,W,1,12.552,2020
bog,0.00420000000,Day,UK,W,1,10.019,2020
biomass,0.00590000000,Day,UK,W,1,10.019,2020
elc,69.72790000000,Day,UK,W,1,43.34267522,2020
oil,10.21650000000,Day,UK,W,1,19.7944343,2020
hco,6.27150000000,Day,UK,W,1,19.7944343,2020
lfo,3.72540000000,Day,UK,W,1,19.7944343,2020
wood,1.36460000000,Day,UK,W,1,10.019,2020
hydrogen,0.09250000000,Day,UK,W,1,105.016835,2020
ser.cooling.high-consumption,1.15100000000,Day,UK,W,1,0,2020
ser.cooking,1.14840000000,Day,UK,W,1,0,2020
ser.computing,0.35920000000,Day,UK,W,1,0,2020
ser.space-heat.high-consumption,4.67150000000,Day,UK,W,1,0,2020
ser.space-heat.low-consumption,3.34250000000,Day,UK,W,1,0,2020
ser.lighting.office,8.31850000000,Day,UK,W,1,0,2020
ser.lighting.other,3.75550000000,Day,UK,W,1,0,2020
ser.other,0.86480000000,Day,UK,W,1,0,2020
ser.refrigeration,2.23010000000,Day,UK,W,1,0,2020
ser.hot-water.high-consumption,0.83040000000,Day,UK,W,1,0,2020
ser.hot-water.low-consumption,0.38190000000,Day,UK,W,1,0,2020
res.cooking.other,0.54130000000,Day,UK,W,1,0,2020
res.cooking.hobs,0.73840000000,Day,UK,W,1,0,2020
res.cooking.ovens,0.66450000000,Day,UK,W,1,0,2020
res.consumer-electronics.tv,2.45110000000,Day,UK,W,1,0,2020
res.freezers,0.48040000000,Day,UK,W,1,0,2020
res.computers,0.95580000000,Day,UK,W,1,0,2020
res.refrigerators,1.09910000000,Day,UK,W,1,0,2020
res.lighting,75.69610000000,Day,UK,W,1,0,2020
res.other,1.06890000000,Day,UK,W,1,0,2020
res.wet.appliances,2.02240000000,Day,UK,W,1,0,2020
res.space-heat.existing-average,29.49240000000,Day,UK,W,1,0,2020
res.space-heat.new-average,1.58930000000,Day,UK,W,1,0,2020
res.hot-water.existing-average,4.46110000000,Day,UK,W,1,0,2020
res.hot-water.new-average,0.46000000000,Day,UK,W,1,0,2020
nga,58.30630000000,Peak,UK,W,2,12.552,2020
bog,0.00610000000,Peak,UK,W,2,10.019,2020
biomass,0.00860000000,Peak,UK,W,2,10.019,2020
elc,69.64390000000,Peak,UK,W,2,43.34267522,2020
oil,4.80610000000,Peak,UK,W,2,19.7944343,2020
hco,4.92700000000,Peak,UK,W,2,19.7944343,2020
lfo,2.62160000000,Peak,UK,W,2,19.7944343,2020
wood,1.65730000000,Peak,UK,W,2,10.019,2020
ser.cooling.high-consumption,1.15100000000,Peak,UK,W,2,0,2020
ser.computing,0.53880000000,Peak,UK,W,2,0,2020
ser.space-heat.high-consumption,5.22250000000,Peak,UK,W,2,0,2020
ser.space-heat.low-consumption,3.51590000000,Peak,UK,W,2,0,2020
ser.lighting.office,11.09140000000,Peak,UK,W,2,0,2020
ser.lighting.other,5.00730000000,Peak,UK,W,2,0,2020
ser.other,1.51330000000,Peak,UK,W,2,0,2020
ser.refrigeration,3.90270000000,Peak,UK,W,2,0,2020
ser.hot-water.high-consumption,2.91300000000,Peak,UK,W,2,0,2020
ser.hot-water.low-consumption,1.26510000000,Peak,UK,W,2,0,2020
res.cooking.other,0.27060000000,Peak,UK,W,2,0,2020
res.cooking.hobs,0.36920000000,Peak,UK,W,2,0,2020
res.cooking.ovens,0.33230000000,Peak,UK,W,2,0,2020
res.consumer-electronics.tv,1.53190000000,Peak,UK,W,2,0,2020
res.freezers,0.84070000000,Peak,UK,W,2,0,2020
res.computers,0.25490000000,Peak,UK,W,2,0,2020
res.refrigerators,1.92350000000,Peak,UK,W,2,0,2020
res.lighting,18.92400000000,Peak,UK,W,2,0,2020
res.other,0.93530000000,Peak,UK,W,2,0,2020
res.space-heat.existing-average,33.69410000000,Peak,UK,W,2,0,2020
res.space-heat.new-average,1.81570000000,Peak,UK,W,2,0,2020
res.hot-water.existing-average,14.95780000000,Peak,UK,W,2,0,2020
res.hot-water.new-average,1.54240000000,Peak,UK,W,2,0,2020
nga,41.95020000000,Evening,UK,W,3,12.552,2020
bog,0.00310000000,Evening,UK,W,3,10.019,2020
biomass,0.00440000000,Evening,UK,W,3,10.019,2020
elc,90.39520000000,Evening,UK,W,3,43.34267522,2020
oil,4.36160000000,Evening,UK,W,3,19.7944343,2020
hco,9.19650000000,Evening,UK,W,3,19.7944343,2020
lfo,2.85640000000,Evening,UK,W,3,19.7944343,2020
wood,1.73160000000,Evening,UK,W,3,10.019,2020
hydrogen,0.27750000000,Evening,UK,W,3,105.016835,2020
ser.cooling.high-consumption,1.72650000000,Evening,UK,W,3,0,2020
ser.cooking,3.44530000000,Evening,UK,W,3,0,2020
ser.computing,0.35920000000,Evening,UK,W,3,0,2020
ser.space-heat.high-consumption,9.75290000000,Evening,UK,W,3,0,2020
ser.space-heat.low-consumption,4.97270000000,Evening,UK,W,3,0,2020
ser.lighting.office,11.09140000000,Evening,UK,W,3,0,2020
ser.lighting.other,5.00730000000,Evening,UK,W,3,0,2020
ser.other,0.64860000000,Evening,UK,W,3,0,2020
ser.refrigeration,1.67260000000,Evening,UK,W,3,0,2020
ser.hot-water.high-consumption,2.16790000000,Evening,UK,W,3,0,2020
ser.hot-water.low-consumption,0.91450000000,Evening,UK,W,3,0,2020
res.cooking.other,1.89440000000,Evening,UK,W,3,0,2020
res.cooking.hobs,2.58430000000,Evening,UK,W,3,0,2020
res.cooking.ovens,2.32590000000,Evening,UK,W,3,0,2020
res.consumer-electronics.tv,2.14470000000,Evening,UK,W,3,0,2020
res.freezers,0.36030000000,Evening,UK,W,3,0,2020
res.computers,0.86020000000,Evening,UK,W,3,0,2020
res.refrigerators,0.82430000000,Evening,UK,W,3,0,2020
res.lighting,75.69610000000,Evening,UK,W,3,0,2020
res.other,0.80170000000,Evening,UK,W,3,0,2020
res.wet.appliances,1.51680000000,Evening,UK,W,3,0,2020
res.space-heat.existing-average,49.27280000000,Evening,UK,W,3,0,2020
res.space-heat.new-average,2.65520000000,Evening,UK,W,3,0,2020
res.hot-water.existing-average,10.86750000000,Evening,UK,W,3,0,2020
res.hot-water.new-average,1.12060000000,Evening,UK,W,3,0,2020
nga,48.55290000000,Night,UK,P,4,12.552,2020
bog,0.01050000000,Night,UK,P,4,10.019,2020
biomass,0.01470000000,Night,UK,P,4,10.019,2020
elc,209.85270000000,Night,UK,P,4,43.34267522,2020
oil,4.79360000000,Night,UK,P,4,19.7944343,2020
hco,22.55760000000,Night,UK,P,4,19.7944343,2020
lfo,6.09080000000,Night,UK,P,4,19.7944343,2020
wood,3.01710000000,Night,UK,P,4,10.019,2020
hydrogen,0.55500000000,Night,UK,P,4,105.016835,2020
ser.cooling.high-consumption,15.15490000000,Night,UK,P,4,0,2020
ser.cooking,6.89070000000,Night,UK,P,4,0,2020
ser.computing,2.33470000000,Night,UK,P,4,0,2020
ser.space-heat.high-consumption,22.48660000000,Night,UK,P,4,0,2020
ser.space-heat.low-consumption,11.62240000000,Night,UK,P,4,0,2020
ser.lighting.office,24.95560000000,Night,UK,P,4,0,2020
ser.lighting.other,11.26640000000,Night,UK,P,4,0,2020
ser.other,2.16190000000,Night,UK,P,4,0,2020
ser.refrigeration,5.57520000000,Night,UK,P,4,0,2020
ser.hot-water.high-consumption,4.70020000000,Night,UK,P,4,0,2020
ser.hot-water.low-consumption,1.91210000000,Night,UK,P,4,0,2020
res.cooking.other,2.70630000000,Night,UK,P,4,0,2020
res.cooking.hobs,3.69190000000,Night,UK,P,4,0,2020
res.cooking.ovens,3.32270000000,Night,UK,P,4,0,2020
res.consumer-electronics.tv,6.12760000000,Night,UK,P,4,0,2020
res.freezers,1.68140000000,Night,UK,P,4,0,2020
res.computers,1.75230000000,Night,UK,P,4,0,2020
res.refrigerators,3.84700000000,Night,UK,P,4,0,2020
res.lighting,18.92400000000,Night,UK,P,4,0,2020
res.other,2.67230000000,Night,UK,P,4,0,2020
res.wet.appliances,5.05600000000,Night,UK,P,4,0,2020
res.space-heat.existing-average,110.28660000000,Night,UK,P,4,0,2020
res.space-heat.new-average,5.94300000000,Night,UK,P,4,0,2020
res.hot-water.existing-average,22.72320000000,Night,UK,P,4,0,2020
res.hot-water.new-average,2.34310000000,Night,UK,P,4,0,2020
nga,66.66110000000,Day,UK,P,5,12.552,2020
bog,0.00420000000,Day,UK,P,5,10.019,2020
biomass,0.00590000000,Day,UK,P,5,10.019,2020
elc,76.81550000000,Day,UK,P,5,43.34267522,2020
oil,6.15750000000,Day,UK,P,5,19.7944343,2020
hco,6.75430000000,Day,UK,P,5,19.7944343,2020
lfo,3.02690000000,Day,UK,P,5,19.7944343,2020
wood,1.02510000000,Day,UK,P,5,10.019,2020
hydrogen,0.09250000000,Day,UK,P,5,105.016835,2020
ser.cooling.high-consumption,1.15100000000,Day,UK,P,5,0,2020
ser.cooking,1.14840000000,Day,UK,P,5,0,2020
ser.computing,0.35920000000,Day,UK,P,5,0,2020
ser.space-heat.high-consumption,5.94800000000,Day,UK,P,5,0,2020
ser.space-heat.low-consumption,4.07810000000,Day,UK,P,5,0,2020
ser.lighting.office,8.31850000000,Day,UK,P,5,0,2020
ser.lighting.other,3.75550000000,Day,UK,P,5,0,2020
ser.other,0.86480000000,Day,UK,P,5,0,2020
ser.refrigeration,2.23010000000,Day,UK,P,5,0,2020
ser.hot-water.high-consumption,0.89540000000,Day,UK,P,5,0,2020
ser.hot-water.low-consumption,0.38680000000,Day,UK,P,5,0,2020
res.cooking.other,0.54130000000,Day,UK,P,5,0,2020
res.cooking.hobs,0.73840000000,Day,UK,P,5,0,2020
res.cooking.ovens,0.66450000000,Day,UK,P,5,0,2020
res.consumer-electronics.tv,2.45110000000,Day,UK,P,5,0,2020
res.freezers,0.48040000000,Day,UK,P,5,0,2020
res.computers,0.95580000000,Day,UK,P,5,0,2020
res.refrigerators,1.09910000000,Day,UK,P,5,0,2020
res.lighting,75.69610000000,Day,UK,P,5,0,2020
res.other,1.06890000000,Day,UK,P,5,0,2020
res.wet.appliances,2.02240000000,Day,UK,P,5,0,2020
res.space-heat.existing-average,37.36960000000,Day,UK,P,5,0,2020
res.space-heat.new-average,2.01370000000,Day,UK,P,5,0,2020
res.hot-water.existing-average,4.54990000000,Day,UK,P,5,0,2020
res.hot-water.new-average,0.46920000000,Day,UK,P,5,0,2020
nga,37.49950000000,Peak,UK,P,6,12.552,2020
bog,0.00610000000,Peak,UK,P,6,10.019,2020
biomass,0.00860000000,Peak,UK,P,6,10.019,2020
elc,77.67480000000,Peak,UK,P,6,43.34267522,2020
oil,3.13580000000,Peak,UK,P,6,19.7944343,2020
hco,6.53600000000,Peak,UK,P,6,19.7944343,2020
lfo,2.41820000000,Peak,UK,P,6,19.7944343,2020
wood,1.47370000000,Peak,UK,P,6,10.019,2020
ser.cooling.high-consumption,1.15100000000,Peak,UK,P,6,0,2020
ser.computing,0.53880000000,Peak,UK,P,6,0,2020
ser.space-heat.high-consumption,6.78360000000,Peak,UK,P,6,0,2020
ser.space-heat.low-consumption,4.26440000000,Peak,UK,P,6,0,2020
ser.lighting.office,11.09140000000,Peak,UK,P,6,0,2020
ser.lighting.other,5.00730000000,Peak,UK,P,6,0,2020
ser.other,1.51330000000,Peak,UK,P,6,0,2020
ser.refrigeration,3.90270000000,Peak,UK,P,6,0,2020
ser.hot-water.high-consumption,3.05640000000,Peak,UK,P,6,0,2020
ser.hot-water.low-consumption,1.27560000000,Peak,UK,P,6,0,2020
res.cooking.other,0.27060000000,Peak,UK,P,6,0,2020
res.cooking.hobs,0.36920000000,Peak,UK,P,6,0,2020
res.cooking.ovens,0.33230000000,Peak,UK,P,6,0,2020
res.consumer-electronics.tv,1.53190000000,Peak,UK,P,6,0,2020
res.freezers,0.84070000000,Peak,UK,P,6,0,2020
res.computers,0.25490000000,Peak,UK,P,6,0,2020
res.refrigerators,1.92350000000,Peak,UK,P,6,0,2020
res.lighting,18.92400000000,Peak,UK,P,6,0,2020
res.other,0.93530000000,Peak,UK,P,6,0,2020
res.space-heat.existing-average,41.48180000000,Peak,UK,P,6,0,2020
res.space-heat.new-average,2.23530000000,Peak,UK,P,6,0,2020
res.hot-water.existing-average,15.13010000000,Peak,UK,P,6,0,2020
res.hot-water.new-average,1.56010000000,Peak,UK,P,6,0,2020
nga,26.17820000000,Evening,UK,P,7,12.552,2020
bog,0.00310000000,Evening,UK,P,7,10.019,2020
biomass,0.00440000000,Evening,UK,P,7,10.019,2020
elc,104.90460000000,Evening,UK,P,7,43.34267522,2020
oil,2.98420000000,Evening,UK,P,7,19.7944343,2020
hco,12.02590000000,Evening,UK,P,7,19.7944343,2020
lfo,3.21610000000,Evening,UK,P,7,19.7944343,2020
wood,1.75210000000,Evening,UK,P,7,10.019,2020
hydrogen,0.27750000000,Evening,UK,P,7,105.016835,2020
ser.cooling.high-consumption,1.72650000000,Evening,UK,P,7,0,2020
ser.cooking,3.44530000000,Evening,UK,P,7,0,2020
ser.computing,0.35920000000,Evening,UK,P,7,0,2020
ser.space-heat.high-consumption,12.35430000000,Evening,UK,P,7,0,2020
ser.space-heat.low-consumption,6.13410000000,Evening,UK,P,7,0,2020
ser.lighting.office,11.09140000000,Evening,UK,P,7,0,2020
ser.lighting.other,5.00730000000,Evening,UK,P,7,0,2020
ser.other,0.64860000000,Evening,UK,P,7,0,2020
ser.refrigeration,1.67260000000,Evening,UK,P,7,0,2020
ser.hot-water.high-consumption,2.34720000000,Evening,UK,P,7,0,2020
ser.hot-water.low-consumption,0.91450000000,Evening,UK,P,7,0,2020
res.cooking.other,1.89440000000,Evening,UK,P,7,0,2020
res.cooking.hobs,2.58430000000,Evening,UK,P,7,0,2020
res.cooking.ovens,2.32590000000,Evening,UK,P,7,0,2020
res.consumer-electronics.tv,2.14470000000,Evening,UK,P,7,0,2020
res.freezers,0.36030000000,Evening,UK,P,7,0,2020
res.computers,0.86020000000,Evening,UK,P,7,0,2020
res.refrigerators,0.82430000000,Evening,UK,P,7,0,2020
res.lighting,75.69610000000,Evening,UK,P,7,0,2020
res.other,0.80170000000,Evening,UK,P,7,0,2020
res.wet.appliances,1.51680000000,Evening,UK,P,7,0,2020
res.space-heat.existing-average,61.59980000000,Evening,UK,P,7,0,2020
res.space-heat.new-average,3.31940000000,Evening,UK,P,7,0,2020
res.hot-water.existing-average,10.86750000000,Evening,UK,P,7,0,2020
res.hot-water.new-average,1.12060000000,Evening,UK,P,7,0,2020
nga,58.57070000000,Night,UK,S,8,12.552,2020
bog,0.01050000000,Night,UK,S,8,10.019,2020
biomass,0.01470000000,Night,UK,S,8,10.019,2020
elc,109.10690000000,Night,UK,S,8,43.34267522,2020
oil,3.15270000000,Night,UK,S,8,19.7944343,2020
hco,3.56010000000,Night,UK,S,8,19.7944343,2020
lfo,0.55330000000,Night,UK,S,8,19.7944343,2020
wood,2.21750000000,Night,UK,S,8,10.019,2020
hydrogen,0.55500000000,Night,UK,S,8,105.016835,2020
ser.cooling.high-consumption,50.51620000000,Night,UK,S,8,0,2020
ser.cooking,6.89070000000,Night,UK,S,8,0,2020
ser.computing,2.33470000000,Night,UK,S,8,0,2020
ser.space-heat.high-consumption,3.65260000000,Night,UK,S,8,0,2020
ser.space-heat.low-consumption,0.95040000000,Night,UK,S,8,0,2020
ser.lighting.office,19.96450000000,Night,UK,S,8,0,2020
ser.lighting.other,9.01310000000,Night,UK,S,8,0,2020
ser.other,2.16190000000,Night,UK,S,8,0,2020
ser.refrigeration,6.69030000000,Night,UK,S,8,0,2020
ser.hot-water.high-consumption,3.33670000000,Night,UK,S,8,0,2020
ser.hot-water.low-consumption,1.78300000000,Night,UK,S,8,0,2020
res.cooking.other,2.70630000000,Night,UK,S,8,0,2020
res.cooking.hobs,3.69190000000,Night,UK,S,8,0,2020
res.cooking.ovens,3.32270000000,Night,UK,S,8,0,2020
res.consumer-electronics.tv,6.12760000000,Night,UK,S,8,0,2020
res.freezers,2.01760000000,Night,UK,S,8,0,2020
res.computers,1.40180000000,Night,UK,S,8,0,2020
res.refrigerators,4.61640000000,Night,UK,S,8,0,2020
res.lighting,15.13920000000,Night,UK,S,8,0,2020
res.other,2.67230000000,Night,UK,S,8,0,2020
res.wet.appliances,5.05600000000,Night,UK,S,8,0,2020
res.space-heat.existing-average,8.58350000000,Night,UK,S,8,0,2020
res.space-heat.new-average,0.46250000000,Night,UK,S,8,0,2020
res.hot-water.existing-average,19.76570000000,Night,UK,S,8,0,2020
res.hot-water.new-average,2.03810000000,Night,UK,S,8,0,2020
nga,18.84090000000,Day,UK,S,9,12.552,2020
bog,0.00420000000,Day,UK,S,9,10.019,2020
biomass,0.00590000000,Day,UK,S,9,10.019,2020
elc,41.41750000000,Day,UK,S,9,43.34267522,2020
oil,1.63960000000,Day,UK,S,9,19.7944343,2020
hco,0.47010000000,Day,UK,S,9,19.7944343,2020
lfo,0.40100000000,Day,UK,S,9,19.7944343,2020
wood,0.47640000000,Day,UK,S,9,10.019,2020
hydrogen,0.09250000000,Day,UK,S,9,105.016835,2020
ser.cooling.high-consumption,3.83670000000,Day,UK,S,9,0,2020
ser.cooking,1.14840000000,Day,UK,S,9,0,2020
ser.computing,0.35920000000,Day,UK,S,9,0,2020
ser.space-heat.high-consumption,0.10980000000,Day,UK,S,9,0,2020
ser.space-heat.low-consumption,0.36740000000,Day,UK,S,9,0,2020
ser.lighting.office,6.65480000000,Day,UK,S,9,0,2020
ser.lighting.other,3.00440000000,Day,UK,S,9,0,2020
ser.other,0.86480000000,Day,UK,S,9,0,2020
ser.refrigeration,2.67610000000,Day,UK,S,9,0,2020
ser.hot-water.high-consumption,0.57210000000,Day,UK,S,9,0,2020
ser.hot-water.low-consumption,0.35140000000,Day,UK,S,9,0,2020
res.cooking.other,0.54130000000,Day,UK,S,9,0,2020
res.cooking.hobs,0.73840000000,Day,UK,S,9,0,2020
res.cooking.ovens,0.66450000000,Day,UK,S,9,0,2020
res.consumer-electronics.tv,2.45110000000,Day,UK,S,9,0,2020
res.freezers,0.57650000000,Day,UK,S,9,0,2020
res.computers,0.76460000000,Day,UK,S,9,0,2020
res.refrigerators,1.31900000000,Day,UK,S,9,0,2020
res.lighting,60.55690000000,Day,UK,S,9,0,2020
res.other,1.06890000000,Day,UK,S,9,0,2020
res.wet.appliances,2.02240000000,Day,UK,S,9,0,2020
res.space-heat.existing-average,2.10460000000,Day,UK,S,9,0,2020
res.space-heat.new-average,0.11340000000,Day,UK,S,9,0,2020
res.hot-water.existing-average,3.64160000000,Day,UK,S,9,0,2020
res.hot-water.new-average,0.37550000000,Day,UK,S,9,0,2020
nga,10.71660000000,Peak,UK,S,10,12.552,2020
bog,0.00610000000,Peak,UK,S,10,10.019,2020
biomass,0.00860000000,Peak,UK,S,10,10.019,2020
elc,45.15910000000,Peak,UK,S,10,43.34267522,2020
oil,0.56700000000,Peak,UK,S,10,19.7944343,2020
hco,0.46350000000,Peak,UK,S,10,19.7944343,2020
lfo,0.35240000000,Peak,UK,S,10,19.7944343,2020
wood,1.24950000000,Peak,UK,S,10,10.019,2020
ser.cooling.high-consumption,3.83670000000,Peak,UK,S,10,0,2020
ser.computing,0.53880000000,Peak,UK,S,10,0,2020
ser.space-heat.high-consumption,0.17990000000,Peak,UK,S,10,0,2020
ser.space-heat.low-consumption,0.61650000000,Peak,UK,S,10,0,2020
ser.lighting.office,8.87310000000,Peak,UK,S,10,0,2020
ser.lighting.other,4.00580000000,Peak,UK,S,10,0,2020
ser.other,1.51330000000,Peak,UK,S,10,0,2020
ser.refrigeration,4.68320000000,Peak,UK,S,10,0,2020
ser.hot-water.high-consumption,2.26270000000,Peak,UK,S,10,0,2020
ser.hot-water.low-consumption,1.20620000000,Peak,UK,S,10,0,2020
res.cooking.other,0.27060000000,Peak,UK,S,10,0,2020
res.cooking.hobs,0.36920000000,Peak,UK,S,10,0,2020
res.cooking.ovens,0.33230000000,Peak,UK,S,10,0,2020
res.consumer-electronics.tv,1.53190000000,Peak,UK,S,10,0,2020
res.freezers,1.00880000000,Peak,UK,S,10,0,2020
res.computers,0.20390000000,Peak,UK,S,10,0,2020
res.refrigerators,2.30820000000,Peak,UK,S,10,0,2020
res.lighting,15.13920000000,Peak,UK,S,10,0,2020
res.other,0.93530000000,Peak,UK,S,10,0,2020
res.space-heat.existing-average,5.15180000000,Peak,UK,S,10,0,2020
res.space-heat.new-average,0.27760000000,Peak,UK,S,10,0,2020
res.hot-water.existing-average,13.38500000000,Peak,UK,S,10,0,2020
res.hot-water.new-average,1.38020000000,Peak,UK,S,10,0,2020
nga,12.29350000000,Evening,UK,S,11,12.552,2020
bog,0.00310000000,Evening,UK,S,11,10.019,2020
biomass,0.00440000000,Evening,UK,S,11,10.019,2020
elc,43.79930000000,Evening,UK,S,11,43.34267522,2020
oil,1.42270000000,Evening,UK,S,11,19.7944343,2020
hco,0.19820000000,Evening,UK,S,11,19.7944343,2020
lfo,0.24300000000,Evening,UK,S,11,19.7944343,2020
wood,1.04760000000,Evening,UK,S,11,10.019,2020
hydrogen,0.27750000000,Evening,UK,S,11,105.016835,2020
ser.cooling.high-consumption,5.75500000000,Evening,UK,S,11,0,2020
ser.cooking,3.44530000000,Evening,UK,S,11,0,2020
ser.computing,0.35920000000,Evening,UK,S,11,0,2020
ser.space-heat.low-consumption,0.43030000000,Evening,UK,S,11,0,2020
ser.lighting.office,8.87310000000,Evening,UK,S,11,0,2020
ser.lighting.other,4.00580000000,Evening,UK,S,11,0,2020
ser.other,0.64860000000,Evening,UK,S,11,0,2020
ser.refrigeration,2.00710000000,Evening,UK,S,11,0,2020
ser.hot-water.high-consumption,1.43440000000,Evening,UK,S,11,0,2020
ser.hot-water.low-consumption,0.89860000000,Evening,UK,S,11,0,2020
res.cooking.other,1.89440000000,Evening,UK,S,11,0,2020
res.cooking.hobs,2.58430000000,Evening,UK,S,11,0,2020
res.cooking.ovens,2.32590000000,Evening,UK,S,11,0,2020
res.consumer-electronics.tv,2.14470000000,Evening,UK,S,11,0,2020
res.freezers,0.43230000000,Evening,UK,S,11,0,2020
res.computers,0.68820000000,Evening,UK,S,11,0,2020
res.refrigerators,0.98920000000,Evening,UK,S,11,0,2020
res.lighting,60.55690000000,Evening,UK,S,11,0,2020
res.other,0.80170000000,Evening,UK,S,11,0,2020
res.wet.appliances,1.51680000000,Evening,UK,S,11,0,2020
res.space-heat.existing-average,2.82650000000,Evening,UK,S,11,0,2020
res.space-heat.new-average,0.15230000000,Evening,UK,S,11,0,2020
res.hot-water.existing-average,9.95670000000,Evening,UK,S,11,0,2020
res.hot-water.new-average,1.02670000000,Evening,UK,S,11,0,2020
nga,35.55670000000,Night,UK,A,12,12.552,2020
bog,0.01050000000,Night,UK,A,12,10.019,2020
biomass,0.01470000000,Night,UK,A,12,10.019,2020
elc,302.25400000000,Night,UK,A,12,43.34267522,2020
oil,4.46120000000,Night,UK,A,12,19.7944343,2020
hco,45.03350000000,Night,UK,A,12,19.7944343,2020
lfo,9.79660000000,Night,UK,A,12,19.7944343,2020
wood,2.99250000000,Night,UK,A,12,10.019,2020
hydrogen,0.55500000000,Night,UK,A,12,105.016835,2020
ser.cooling.high-consumption,3.36770000000,Night,UK,A,12,0,2020
ser.cooking,6.89070000000,Night,UK,A,12,0,2020
ser.computing,2.33470000000,Night,UK,A,12,0,2020
ser.space-heat.high-consumption,49.28820000000,Night,UK,A,12,0,2020
ser.space-heat.low-consumption,21.06990000000,Night,UK,A,12,0,2020
ser.lighting.office,29.94670000000,Night,UK,A,12,0,2020
ser.lighting.other,13.51970000000,Night,UK,A,12,0,2020
ser.other,2.16190000000,Night,UK,A,12,0,2020
ser.refrigeration,4.46020000000,Night,UK,A,12,0,2020
ser.hot-water.high-consumption,5.06680000000,Night,UK,A,12,0,2020
ser.hot-water.low-consumption,1.91210000000,Night,UK,A,12,0,2020
res.cooking.other,2.70630000000,Night,UK,A,12,0,2020
res.cooking.hobs,3.69190000000,Night,UK,A,12,0,2020
res.cooking.ovens,3.32270000000,Night,UK,A,12,0,2020
res.consumer-electronics.tv,6.12760000000,Night,UK,A,12,0,2020
res.freezers,1.34510000000,Night,UK,A,12,0,2020
res.computers,2.10270000000,Night,UK,A,12,0,2020
res.refrigerators,3.07760000000,Night,UK,A,12,0,2020
res.lighting,22.70880000000,Night,UK,A,12,0,2020
res.other,2.67230000000,Night,UK,A,12,0,2020
res.wet.appliances,5.05600000000,Night,UK,A,12,0,2020
res.space-heat.existing-average,204.45560000000,Night,UK,A,12,0,2020
res.space-heat.new-average,11.01750000000,Night,UK,A,12,0,2020
res.hot-water.existing-average,22.72320000000,Night,UK,A,12,0,2020
res.hot-water.new-average,2.34310000000,Night,UK,A,12,0,2020
nga,55.56210000000,Day,UK,A,13,12.552,2020
bog,0.00420000000,Day,UK,A,13,10.019,2020
biomass,0.00590000000,Day,UK,A,13,10.019,2020
elc,109.24990000000,Day,UK,A,13,43.34267522,2020
oil,5.21810000000,Day,UK,A,13,19.7944343,2020
hco,13.53880000000,Day,UK,A,13,19.7944343,2020
lfo,4.31950000000,Day,UK,A,13,19.7944343,2020
wood,1.02160000000,Day,UK,A,13,10.019,2020
hydrogen,0.09250000000,Day,UK,A,13,105.016835,2020
ser.cooling.high-consumption,0.25580000000,Day,UK,A,13,0,2020
ser.cooking,1.14840000000,Day,UK,A,13,0,2020
ser.computing,0.35920000000,Day,UK,A,13,0,2020
ser.space-heat.high-consumption,14.13810000000,Day,UK,A,13,0,2020
ser.space-heat.low-consumption,7.12830000000,Day,UK,A,13,0,2020
ser.lighting.office,9.98220000000,Day,UK,A,13,0,2020
ser.lighting.other,4.50660000000,Day,UK,A,13,0,2020
ser.other,0.86480000000,Day,UK,A,13,0,2020
ser.refrigeration,1.78410000000,Day,UK,A,13,0,2020
ser.hot-water.high-consumption,1.01100000000,Day,UK,A,13,0,2020
ser.hot-water.low-consumption,0.38680000000,Day,UK,A,13,0,2020
res.cooking.other,0.54130000000,Day,UK,A,13,0,2020
res.cooking.hobs,0.73840000000,Day,UK,A,13,0,2020
res.cooking.ovens,0.66450000000,Day,UK,A,13,0,2020
res.consumer-electronics.tv,2.45110000000,Day,UK,A,13,0,2020
res.freezers,0.38430000000,Day,UK,A,13,0,2020
res.computers,1.14690000000,Day,UK,A,13,0,2020
res.refrigerators,0.87930000000,Day,UK,A,13,0,2020
res.lighting,90.83540000000,Day,UK,A,13,0,2020
res.other,1.06890000000,Day,UK,A,13,0,2020
res.wet.appliances,2.02240000000,Day,UK,A,13,0,2020
res.space-heat.existing-average,69.33230000000,Day,UK,A,13,0,2020
res.space-heat.new-average,3.73610000000,Day,UK,A,13,0,2020
res.hot-water.existing-average,4.59700000000,Day,UK,A,13,0,2020
res.hot-water.new-average,0.47400000000,Day,UK,A,13,0,2020
nga,30.81640000000,Peak,UK,A,14,12.552,2020
bog,0.00610000000,Peak,UK,A,14,10.019,2020
biomass,0.00860000000,Peak,UK,A,14,10.019,2020
elc,94.02010000000,Peak,UK,A,14,43.34267522,2020
oil,2.60560000000,Peak,UK,A,14,19.7944343,2020
hco,12.51600000000,Peak,UK,A,14,19.7944343,2020
lfo,3.02780000000,Peak,UK,A,14,19.7944343,2020
wood,1.42720000000,Peak,UK,A,14,10.019,2020
ser.cooling.high-consumption,0.25580000000,Peak,UK,A,14,0,2020
ser.computing,0.53880000000,Peak,UK,A,14,0,2020
ser.space-heat.high-consumption,14.37830000000,Peak,UK,A,14,0,2020
ser.space-heat.low-consumption,5.78730000000,Peak,UK,A,14,0,2020
ser.lighting.office,13.30960000000,Peak,UK,A,14,0,2020
ser.lighting.other,6.00880000000,Peak,UK,A,14,0,2020
ser.other,1.51330000000,Peak,UK,A,14,0,2020
ser.refrigeration,3.12210000000,Peak,UK,A,14,0,2020
ser.hot-water.high-consumption,3.24830000000,Peak,UK,A,14,0,2020
ser.hot-water.low-consumption,1.27950000000,Peak,UK,A,14,0,2020
res.cooking.other,0.27060000000,Peak,UK,A,14,0,2020
res.cooking.hobs,0.36920000000,Peak,UK,A,14,0,2020
res.cooking.ovens,0.33230000000,Peak,UK,A,14,0,2020
res.consumer-electronics.tv,1.53190000000,Peak,UK,A,14,0,2020
res.freezers,0.67250000000,Peak,UK,A,14,0,2020
res.computers,0.30580000000,Peak,UK,A,14,0,2020
res.refrigerators,1.53880000000,Peak,UK,A,14,0,2020
res.lighting,22.70880000000,Peak,UK,A,14,0,2020
res.other,0.93530000000,Peak,UK,A,14,0,2020
res.space-heat.existing-average,59.21540000000,Peak,UK,A,14,0,2020
res.space-heat.new-average,3.19090000000,Peak,UK,A,14,0,2020
res.hot-water.existing-average,15.20530000000,Peak,UK,A,14,0,2020
res.hot-water.new-average,1.56790000000,Peak,UK,A,14,0,2020
nga,21.51390000000,Evening,UK,A,15,12.552,2020
bog,0.00310000000,Evening,UK,A,15,10.019,2020
biomass,0.00440000000,Evening,UK,A,15,10.019,2020
elc,146.85510000000,Evening,UK,A,15,43.34267522,2020
oil,2.64170000000,Evening,UK,A,15,19.7944343,2020
hco,25.27350000000,Evening,UK,A,15,19.7944343,2020
lfo,4.85450000000,Evening,UK,A,15,19.7944343,2020
wood,1.73240000000,Evening,UK,A,15,10.019,2020
hydrogen,0.27750000000,Evening,UK,A,15,105.016835,2020
ser.cooling.high-consumption,0.38370000000,Evening,UK,A,15,0,2020
ser.cooking,3.44530000000,Evening,UK,A,15,0,2020
ser.computing,0.35920000000,Evening,UK,A,15,0,2020
ser.space-heat.high-consumption,28.60110000000,Evening,UK,A,15,0,2020
ser.space-heat.low-consumption,9.51170000000,Evening,UK,A,15,0,2020
ser.lighting.office,13.30960000000,Evening,UK,A,15,0,2020
ser.lighting.other,6.00880000000,Evening,UK,A,15,0,2020
ser.other,0.64860000000,Evening,UK,A,15,0,2020
ser.refrigeration,1.33810000000,Evening,UK,A,15,0,2020
ser.hot-water.high-consumption,2.42320000000,Evening,UK,A,15,0,2020
ser.hot-water.low-consumption,0.91450000000,Evening,UK,A,15,0,2020
res.cooking.other,1.89440000000,Evening,UK,A,15,0,2020
res.cooking.hobs,2.58430000000,Evening,UK,A,15,0,2020
res.cooking.ovens,2.32590000000,Evening,UK,A,15,0,2020
res.consumer-electronics.tv,2.14470000000,Evening,UK,A,15,0,2020
res.freezers,0.28820000000,Evening,UK,A,15,0,2020
res.computers,1.03220000000,Evening,UK,A,15,0,2020
res.refrigerators,0.65950000000,Evening,UK,A,15,0,2020
res.lighting,90.83540000000,Evening,UK,A,15,0,2020
res.other,0.80170000000,Evening,UK,A,15,0,2020
res.wet.appliances,1.51680000000,Evening,UK,A,15,0,2020
res.space-heat.existing-average,100.53320000000,Evening,UK,A,15,0,2020
res.space-heat.new-average,5.41740000000,Evening,UK,A,15,0,2020
res.hot-water.existing-average,10.86750000000,Evening,UK,A,15,0,2020
res.hot-water.new-average,1.12060000000,Evening,UK,A,15,0,2020
